ISO-10303-21;
HEADER;
FILE_DESCRIPTION(('KiCad electronic assembly'),'2;1');
FILE_NAME('.step','2026-04-27T20:59:45',('Pcbnew'),('Kicad'),
  'Open CASCADE STEP processor 7.9','KiCad to STEP converter','Unknown'
  );
FILE_SCHEMA(('AUTOMOTIVE_DESIGN { 1 0 10303 214 1 1 1 1 }'));
ENDSEC;
DATA;
#1 = APPLICATION_PROTOCOL_DEFINITION('international standard',
  'automotive_design',2000,#2);
#2 = APPLICATION_CONTEXT(
  'core data for automotive mechanical design processes');
#3 = SHAPE_DEFINITION_REPRESENTATION(#4,#10);
#4 = PRODUCT_DEFINITION_SHAPE('','',#5);
#5 = PRODUCT_DEFINITION('design','',#6,#9);
#6 = PRODUCT_DEFINITION_FORMATION('','',#7);
#7 = PRODUCT('.step 1','.step 1','',(#8));
#8 = PRODUCT_CONTEXT('',#2,'mechanical');
#9 = PRODUCT_DEFINITION_CONTEXT('part definition',#2,'design');
#10 = SHAPE_REPRESENTATION('',(#11,#15),#19);
#11 = AXIS2_PLACEMENT_3D('',#12,#13,#14);
#12 = CARTESIAN_POINT('',(0.,0.,0.));
#13 = DIRECTION('',(0.,0.,1.));
#14 = DIRECTION('',(1.,0.,-0.));
#15 = AXIS2_PLACEMENT_3D('',#16,#17,#18);
#16 = CARTESIAN_POINT('',(0.,0.,0.));
#17 = DIRECTION('',(0.,0.,1.));
#18 = DIRECTION('',(1.,0.,-0.));
#19 = ( GEOMETRIC_REPRESENTATION_CONTEXT(3) 
GLOBAL_UNCERTAINTY_ASSIGNED_CONTEXT((#23)) GLOBAL_UNIT_ASSIGNED_CONTEXT(
(#20,#21,#22)) REPRESENTATION_CONTEXT('Context #1',
  '3D Context with UNIT and UNCERTAINTY') );
#20 = ( LENGTH_UNIT() NAMED_UNIT(*) SI_UNIT(.MILLI.,.METRE.) );
#21 = ( NAMED_UNIT(*) PLANE_ANGLE_UNIT() SI_UNIT($,.RADIAN.) );
#22 = ( NAMED_UNIT(*) SI_UNIT($,.STERADIAN.) SOLID_ANGLE_UNIT() );
#23 = UNCERTAINTY_MEASURE_WITH_UNIT(LENGTH_MEASURE(1.E-07),#20,
  'distance_accuracy_value','confusion accuracy');
#24 = PRODUCT_RELATED_PRODUCT_CATEGORY('part',$,(#7));
#25 = SHAPE_DEFINITION_REPRESENTATION(#26,#32);
#26 = PRODUCT_DEFINITION_SHAPE('','',#27);
#27 = PRODUCT_DEFINITION('design','',#28,#31);
#28 = PRODUCT_DEFINITION_FORMATION('','',#29);
#29 = PRODUCT('weather_station_ext_PCB','weather_station_ext_PCB','',(
    #30));
#30 = PRODUCT_CONTEXT('',#2,'mechanical');
#31 = PRODUCT_DEFINITION_CONTEXT('part definition',#2,'design');
#32 = ADVANCED_BREP_SHAPE_REPRESENTATION('',(#11,#33),#3357);
#33 = MANIFOLD_SOLID_BREP('',#34);
#34 = CLOSED_SHELL('',(#35,#75,#106,#137,#1044,#1951,#1968,#1985,#2002,
    #2019,#2031,#2048,#2065,#2082,#2099,#2116,#2133,#2150,#2167,#2184,
    #2201,#2218,#2235,#2252,#2269,#2286,#2303,#2320,#2337,#2354,#2371,
    #2388,#2405,#2422,#2439,#2456,#2473,#2490,#2507,#2524,#2541,#2558,
    #2575,#2592,#2609,#2626,#2643,#2660,#2677,#2694,#2711,#2728,#2745,
    #2762,#2779,#2796,#2813,#2830,#2847,#2864,#2881,#2898,#2915,#2932,
    #2949,#2966,#2983,#3000,#3017,#3034,#3051,#3068,#3085,#3102,#3119,
    #3136,#3153,#3170,#3187,#3204,#3221,#3238,#3255,#3272,#3289,#3306,
    #3323,#3340));
#35 = ADVANCED_FACE('',(#36),#70,.T.);
#36 = FACE_BOUND('',#37,.T.);
#37 = EDGE_LOOP('',(#38,#48,#56,#64));
#38 = ORIENTED_EDGE('',*,*,#39,.T.);
#39 = EDGE_CURVE('',#40,#42,#44,.T.);
#40 = VERTEX_POINT('',#41);
#41 = CARTESIAN_POINT('',(232.,-82.,0.));
#42 = VERTEX_POINT('',#43);
#43 = CARTESIAN_POINT('',(232.,-82.,1.51));
#44 = LINE('',#45,#46);
#45 = CARTESIAN_POINT('',(232.,-82.,0.));
#46 = VECTOR('',#47,1.);
#47 = DIRECTION('',(0.,0.,1.));
#48 = ORIENTED_EDGE('',*,*,#49,.T.);
#49 = EDGE_CURVE('',#42,#50,#52,.T.);
#50 = VERTEX_POINT('',#51);
#51 = CARTESIAN_POINT('',(232.,-116.,1.51));
#52 = LINE('',#53,#54);
#53 = CARTESIAN_POINT('',(232.,-82.,1.51));
#54 = VECTOR('',#55,1.);
#55 = DIRECTION('',(0.,-1.,0.));
#56 = ORIENTED_EDGE('',*,*,#57,.F.);
#57 = EDGE_CURVE('',#58,#50,#60,.T.);
#58 = VERTEX_POINT('',#59);
#59 = CARTESIAN_POINT('',(232.,-116.,0.));
#60 = LINE('',#61,#62);
#61 = CARTESIAN_POINT('',(232.,-116.,0.));
#62 = VECTOR('',#63,1.);
#63 = DIRECTION('',(0.,0.,1.));
#64 = ORIENTED_EDGE('',*,*,#65,.F.);
#65 = EDGE_CURVE('',#40,#58,#66,.T.);
#66 = LINE('',#67,#68);
#67 = CARTESIAN_POINT('',(232.,-82.,0.));
#68 = VECTOR('',#69,1.);
#69 = DIRECTION('',(0.,-1.,0.));
#70 = PLANE('',#71);
#71 = AXIS2_PLACEMENT_3D('',#72,#73,#74);
#72 = CARTESIAN_POINT('',(232.,-82.,0.));
#73 = DIRECTION('',(1.,0.,-0.));
#74 = DIRECTION('',(0.,-1.,0.));
#75 = ADVANCED_FACE('',(#76),#101,.T.);
#76 = FACE_BOUND('',#77,.T.);
#77 = EDGE_LOOP('',(#78,#88,#94,#95));
#78 = ORIENTED_EDGE('',*,*,#79,.T.);
#79 = EDGE_CURVE('',#80,#82,#84,.T.);
#80 = VERTEX_POINT('',#81);
#81 = CARTESIAN_POINT('',(228.5,-78.5,0.));
#82 = VERTEX_POINT('',#83);
#83 = CARTESIAN_POINT('',(228.5,-78.5,1.51));
#84 = LINE('',#85,#86);
#85 = CARTESIAN_POINT('',(228.5,-78.5,0.));
#86 = VECTOR('',#87,1.);
#87 = DIRECTION('',(0.,0.,1.));
#88 = ORIENTED_EDGE('',*,*,#89,.T.);
#89 = EDGE_CURVE('',#82,#42,#90,.T.);
#90 = LINE('',#91,#92);
#91 = CARTESIAN_POINT('',(228.5,-78.5,1.51));
#92 = VECTOR('',#93,1.);
#93 = DIRECTION('',(0.707106781187,-0.707106781187,0.));
#94 = ORIENTED_EDGE('',*,*,#39,.F.);
#95 = ORIENTED_EDGE('',*,*,#96,.F.);
#96 = EDGE_CURVE('',#80,#40,#97,.T.);
#97 = LINE('',#98,#99);
#98 = CARTESIAN_POINT('',(228.5,-78.5,0.));
#99 = VECTOR('',#100,1.);
#100 = DIRECTION('',(0.707106781187,-0.707106781187,0.));
#101 = PLANE('',#102);
#102 = AXIS2_PLACEMENT_3D('',#103,#104,#105);
#103 = CARTESIAN_POINT('',(228.5,-78.5,0.));
#104 = DIRECTION('',(0.707106781187,0.707106781187,-0.));
#105 = DIRECTION('',(0.707106781187,-0.707106781187,0.));
#106 = ADVANCED_FACE('',(#107),#132,.T.);
#107 = FACE_BOUND('',#108,.T.);
#108 = EDGE_LOOP('',(#109,#110,#118,#126));
#109 = ORIENTED_EDGE('',*,*,#57,.T.);
#110 = ORIENTED_EDGE('',*,*,#111,.T.);
#111 = EDGE_CURVE('',#50,#112,#114,.T.);
#112 = VERTEX_POINT('',#113);
#113 = CARTESIAN_POINT('',(228.,-120.,1.51));
#114 = LINE('',#115,#116);
#115 = CARTESIAN_POINT('',(232.,-116.,1.51));
#116 = VECTOR('',#117,1.);
#117 = DIRECTION('',(-0.707106781187,-0.707106781187,0.));
#118 = ORIENTED_EDGE('',*,*,#119,.F.);
#119 = EDGE_CURVE('',#120,#112,#122,.T.);
#120 = VERTEX_POINT('',#121);
#121 = CARTESIAN_POINT('',(228.,-120.,0.));
#122 = LINE('',#123,#124);
#123 = CARTESIAN_POINT('',(228.,-120.,0.));
#124 = VECTOR('',#125,1.);
#125 = DIRECTION('',(0.,0.,1.));
#126 = ORIENTED_EDGE('',*,*,#127,.F.);
#127 = EDGE_CURVE('',#58,#120,#128,.T.);
#128 = LINE('',#129,#130);
#129 = CARTESIAN_POINT('',(232.,-116.,0.));
#130 = VECTOR('',#131,1.);
#131 = DIRECTION('',(-0.707106781187,-0.707106781187,0.));
#132 = PLANE('',#133);
#133 = AXIS2_PLACEMENT_3D('',#134,#135,#136);
#134 = CARTESIAN_POINT('',(232.,-116.,0.));
#135 = DIRECTION('',(0.707106781187,-0.707106781187,0.));
#136 = DIRECTION('',(-0.707106781187,-0.707106781187,0.));
#137 = ADVANCED_FACE('',(#138,#181,#192,#203,#214,#225,#236,#247,#258,
    #269,#280,#291,#302,#313,#324,#335,#346,#357,#368,#379,#390,#401,
    #412,#423,#434,#445,#456,#467,#478,#489,#500,#511,#522,#533,#544,
    #555,#566,#577,#588,#599,#610,#621,#632,#643,#654,#665,#676,#687,
    #698,#709,#720,#731,#742,#753,#764,#775,#786,#797,#808,#819,#830,
    #841,#852,#863,#874,#885,#896,#907,#918,#929,#940,#951,#962,#973,
    #984,#995,#1006,#1017,#1028),#1039,.F.);
#138 = FACE_BOUND('',#139,.F.);
#139 = EDGE_LOOP('',(#140,#141,#142,#150,#158,#166,#174,#180));
#140 = ORIENTED_EDGE('',*,*,#65,.F.);
#141 = ORIENTED_EDGE('',*,*,#96,.F.);
#142 = ORIENTED_EDGE('',*,*,#143,.F.);
#143 = EDGE_CURVE('',#144,#80,#146,.T.);
#144 = VERTEX_POINT('',#145);
#145 = CARTESIAN_POINT('',(107.5,-78.5,0.));
#146 = LINE('',#147,#148);
#147 = CARTESIAN_POINT('',(107.5,-78.5,0.));
#148 = VECTOR('',#149,1.);
#149 = DIRECTION('',(1.,0.,0.));
#150 = ORIENTED_EDGE('',*,*,#151,.F.);
#151 = EDGE_CURVE('',#152,#144,#154,.T.);
#152 = VERTEX_POINT('',#153);
#153 = CARTESIAN_POINT('',(104.,-82.,0.));
#154 = LINE('',#155,#156);
#155 = CARTESIAN_POINT('',(104.,-82.,0.));
#156 = VECTOR('',#157,1.);
#157 = DIRECTION('',(0.707106781187,0.707106781187,0.));
#158 = ORIENTED_EDGE('',*,*,#159,.F.);
#159 = EDGE_CURVE('',#160,#152,#162,.T.);
#160 = VERTEX_POINT('',#161);
#161 = CARTESIAN_POINT('',(104.,-116.5,0.));
#162 = LINE('',#163,#164);
#163 = CARTESIAN_POINT('',(104.,-116.5,0.));
#164 = VECTOR('',#165,1.);
#165 = DIRECTION('',(0.,1.,0.));
#166 = ORIENTED_EDGE('',*,*,#167,.F.);
#167 = EDGE_CURVE('',#168,#160,#170,.T.);
#168 = VERTEX_POINT('',#169);
#169 = CARTESIAN_POINT('',(107.5,-120.,0.));
#170 = LINE('',#171,#172);
#171 = CARTESIAN_POINT('',(107.5,-120.,0.));
#172 = VECTOR('',#173,1.);
#173 = DIRECTION('',(-0.707106781187,0.707106781187,0.));
#174 = ORIENTED_EDGE('',*,*,#175,.F.);
#175 = EDGE_CURVE('',#120,#168,#176,.T.);
#176 = LINE('',#177,#178);
#177 = CARTESIAN_POINT('',(228.,-120.,0.));
#178 = VECTOR('',#179,1.);
#179 = DIRECTION('',(-1.,0.,0.));
#180 = ORIENTED_EDGE('',*,*,#127,.F.);
#181 = FACE_BOUND('',#182,.F.);
#182 = EDGE_LOOP('',(#183));
#183 = ORIENTED_EDGE('',*,*,#184,.T.);
#184 = EDGE_CURVE('',#185,#185,#187,.T.);
#185 = VERTEX_POINT('',#186);
#186 = CARTESIAN_POINT('',(159.5,-116.75,0.));
#187 = CIRCLE('',#188,0.5);
#188 = AXIS2_PLACEMENT_3D('',#189,#190,#191);
#189 = CARTESIAN_POINT('',(159.5,-116.25,0.));
#190 = DIRECTION('',(-0.,0.,-1.));
#191 = DIRECTION('',(-0.,-1.,0.));
#192 = FACE_BOUND('',#193,.F.);
#193 = EDGE_LOOP('',(#194));
#194 = ORIENTED_EDGE('',*,*,#195,.T.);
#195 = EDGE_CURVE('',#196,#196,#198,.T.);
#196 = VERTEX_POINT('',#197);
#197 = CARTESIAN_POINT('',(159.5,-114.21,0.));
#198 = CIRCLE('',#199,0.5);
#199 = AXIS2_PLACEMENT_3D('',#200,#201,#202);
#200 = CARTESIAN_POINT('',(159.5,-113.71,0.));
#201 = DIRECTION('',(-0.,0.,-1.));
#202 = DIRECTION('',(-0.,-1.,0.));
#203 = FACE_BOUND('',#204,.F.);
#204 = EDGE_LOOP('',(#205));
#205 = ORIENTED_EDGE('',*,*,#206,.T.);
#206 = EDGE_CURVE('',#207,#207,#209,.T.);
#207 = VERTEX_POINT('',#208);
#208 = CARTESIAN_POINT('',(159.5,-111.67,0.));
#209 = CIRCLE('',#210,0.5);
#210 = AXIS2_PLACEMENT_3D('',#211,#212,#213);
#211 = CARTESIAN_POINT('',(159.5,-111.17,0.));
#212 = DIRECTION('',(-0.,0.,-1.));
#213 = DIRECTION('',(-0.,-1.,0.));
#214 = FACE_BOUND('',#215,.F.);
#215 = EDGE_LOOP('',(#216));
#216 = ORIENTED_EDGE('',*,*,#217,.T.);
#217 = EDGE_CURVE('',#218,#218,#220,.T.);
#218 = VERTEX_POINT('',#219);
#219 = CARTESIAN_POINT('',(159.5,-109.13,0.));
#220 = CIRCLE('',#221,0.5);
#221 = AXIS2_PLACEMENT_3D('',#222,#223,#224);
#222 = CARTESIAN_POINT('',(159.5,-108.63,0.));
#223 = DIRECTION('',(-0.,0.,-1.));
#224 = DIRECTION('',(-0.,-1.,0.));
#225 = FACE_BOUND('',#226,.F.);
#226 = EDGE_LOOP('',(#227));
#227 = ORIENTED_EDGE('',*,*,#228,.T.);
#228 = EDGE_CURVE('',#229,#229,#231,.T.);
#229 = VERTEX_POINT('',#230);
#230 = CARTESIAN_POINT('',(111.25,-108.1175,0.));
#231 = CIRCLE('',#232,0.65);
#232 = AXIS2_PLACEMENT_3D('',#233,#234,#235);
#233 = CARTESIAN_POINT('',(111.25,-107.4675,0.));
#234 = DIRECTION('',(-0.,0.,-1.));
#235 = DIRECTION('',(-0.,-1.,0.));
#236 = FACE_BOUND('',#237,.F.);
#237 = EDGE_LOOP('',(#238));
#238 = ORIENTED_EDGE('',*,*,#239,.T.);
#239 = EDGE_CURVE('',#240,#240,#242,.T.);
#240 = VERTEX_POINT('',#241);
#241 = CARTESIAN_POINT('',(116.25,-108.1175,0.));
#242 = CIRCLE('',#243,0.65);
#243 = AXIS2_PLACEMENT_3D('',#244,#245,#246);
#244 = CARTESIAN_POINT('',(116.25,-107.4675,0.));
#245 = DIRECTION('',(-0.,0.,-1.));
#246 = DIRECTION('',(-0.,-1.,0.));
#247 = FACE_BOUND('',#248,.F.);
#248 = EDGE_LOOP('',(#249));
#249 = ORIENTED_EDGE('',*,*,#250,.T.);
#250 = EDGE_CURVE('',#251,#251,#253,.T.);
#251 = VERTEX_POINT('',#252);
#252 = CARTESIAN_POINT('',(124.5,-108.15,0.));
#253 = CIRCLE('',#254,0.65);
#254 = AXIS2_PLACEMENT_3D('',#255,#256,#257);
#255 = CARTESIAN_POINT('',(124.5,-107.5,0.));
#256 = DIRECTION('',(-0.,0.,-1.));
#257 = DIRECTION('',(-0.,-1.,0.));
#258 = FACE_BOUND('',#259,.F.);
#259 = EDGE_LOOP('',(#260));
#260 = ORIENTED_EDGE('',*,*,#261,.T.);
#261 = EDGE_CURVE('',#262,#262,#264,.T.);
#262 = VERTEX_POINT('',#263);
#263 = CARTESIAN_POINT('',(129.5,-108.15,0.));
#264 = CIRCLE('',#265,0.65);
#265 = AXIS2_PLACEMENT_3D('',#266,#267,#268);
#266 = CARTESIAN_POINT('',(129.5,-107.5,0.));
#267 = DIRECTION('',(-0.,0.,-1.));
#268 = DIRECTION('',(-0.,-1.,0.));
#269 = FACE_BOUND('',#270,.F.);
#270 = EDGE_LOOP('',(#271));
#271 = ORIENTED_EDGE('',*,*,#272,.T.);
#272 = EDGE_CURVE('',#273,#273,#275,.T.);
#273 = VERTEX_POINT('',#274);
#274 = CARTESIAN_POINT('',(108.,-99.75,0.));
#275 = CIRCLE('',#276,0.5);
#276 = AXIS2_PLACEMENT_3D('',#277,#278,#279);
#277 = CARTESIAN_POINT('',(108.,-99.25,0.));
#278 = DIRECTION('',(-0.,0.,-1.));
#279 = DIRECTION('',(-0.,-1.,0.));
#280 = FACE_BOUND('',#281,.F.);
#281 = EDGE_LOOP('',(#282));
#282 = ORIENTED_EDGE('',*,*,#283,.T.);
#283 = EDGE_CURVE('',#284,#284,#286,.T.);
#284 = VERTEX_POINT('',#285);
#285 = CARTESIAN_POINT('',(131.,-99.75,0.));
#286 = CIRCLE('',#287,0.5);
#287 = AXIS2_PLACEMENT_3D('',#288,#289,#290);
#288 = CARTESIAN_POINT('',(131.,-99.25,0.));
#289 = DIRECTION('',(-0.,0.,-1.));
#290 = DIRECTION('',(-0.,-1.,0.));
#291 = FACE_BOUND('',#292,.F.);
#292 = EDGE_LOOP('',(#293));
#293 = ORIENTED_EDGE('',*,*,#294,.T.);
#294 = EDGE_CURVE('',#295,#295,#297,.T.);
#295 = VERTEX_POINT('',#296);
#296 = CARTESIAN_POINT('',(159.5,-106.59,0.));
#297 = CIRCLE('',#298,0.5);
#298 = AXIS2_PLACEMENT_3D('',#299,#300,#301);
#299 = CARTESIAN_POINT('',(159.5,-106.09,0.));
#300 = DIRECTION('',(-0.,0.,-1.));
#301 = DIRECTION('',(-0.,-1.,0.));
#302 = FACE_BOUND('',#303,.F.);
#303 = EDGE_LOOP('',(#304));
#304 = ORIENTED_EDGE('',*,*,#305,.T.);
#305 = EDGE_CURVE('',#306,#306,#308,.T.);
#306 = VERTEX_POINT('',#307);
#307 = CARTESIAN_POINT('',(164.18,-108.,0.));
#308 = CIRCLE('',#309,0.5);
#309 = AXIS2_PLACEMENT_3D('',#310,#311,#312);
#310 = CARTESIAN_POINT('',(164.18,-107.5,0.));
#311 = DIRECTION('',(-0.,0.,-1.));
#312 = DIRECTION('',(-0.,-1.,0.));
#313 = FACE_BOUND('',#314,.F.);
#314 = EDGE_LOOP('',(#315));
#315 = ORIENTED_EDGE('',*,*,#316,.T.);
#316 = EDGE_CURVE('',#317,#317,#319,.T.);
#317 = VERTEX_POINT('',#318);
#318 = CARTESIAN_POINT('',(166.72,-108.,0.));
#319 = CIRCLE('',#320,0.5);
#320 = AXIS2_PLACEMENT_3D('',#321,#322,#323);
#321 = CARTESIAN_POINT('',(166.72,-107.5,0.));
#322 = DIRECTION('',(-0.,0.,-1.));
#323 = DIRECTION('',(-0.,-1.,0.));
#324 = FACE_BOUND('',#325,.F.);
#325 = EDGE_LOOP('',(#326));
#326 = ORIENTED_EDGE('',*,*,#327,.T.);
#327 = EDGE_CURVE('',#328,#328,#330,.T.);
#328 = VERTEX_POINT('',#329);
#329 = CARTESIAN_POINT('',(159.5,-104.05,0.));
#330 = CIRCLE('',#331,0.5);
#331 = AXIS2_PLACEMENT_3D('',#332,#333,#334);
#332 = CARTESIAN_POINT('',(159.5,-103.55,0.));
#333 = DIRECTION('',(-0.,0.,-1.));
#334 = DIRECTION('',(-0.,-1.,0.));
#335 = FACE_BOUND('',#336,.F.);
#336 = EDGE_LOOP('',(#337));
#337 = ORIENTED_EDGE('',*,*,#338,.T.);
#338 = EDGE_CURVE('',#339,#339,#341,.T.);
#339 = VERTEX_POINT('',#340);
#340 = CARTESIAN_POINT('',(164.18,-105.46,0.));
#341 = CIRCLE('',#342,0.5);
#342 = AXIS2_PLACEMENT_3D('',#343,#344,#345);
#343 = CARTESIAN_POINT('',(164.18,-104.96,0.));
#344 = DIRECTION('',(-0.,0.,-1.));
#345 = DIRECTION('',(-0.,-1.,0.));
#346 = FACE_BOUND('',#347,.F.);
#347 = EDGE_LOOP('',(#348));
#348 = ORIENTED_EDGE('',*,*,#349,.T.);
#349 = EDGE_CURVE('',#350,#350,#352,.T.);
#350 = VERTEX_POINT('',#351);
#351 = CARTESIAN_POINT('',(166.72,-105.46,0.));
#352 = CIRCLE('',#353,0.5);
#353 = AXIS2_PLACEMENT_3D('',#354,#355,#356);
#354 = CARTESIAN_POINT('',(166.72,-104.96,0.));
#355 = DIRECTION('',(-0.,0.,-1.));
#356 = DIRECTION('',(-0.,-1.,0.));
#357 = FACE_BOUND('',#358,.F.);
#358 = EDGE_LOOP('',(#359));
#359 = ORIENTED_EDGE('',*,*,#360,.T.);
#360 = EDGE_CURVE('',#361,#361,#363,.T.);
#361 = VERTEX_POINT('',#362);
#362 = CARTESIAN_POINT('',(164.18,-102.92,0.));
#363 = CIRCLE('',#364,0.5);
#364 = AXIS2_PLACEMENT_3D('',#365,#366,#367);
#365 = CARTESIAN_POINT('',(164.18,-102.42,0.));
#366 = DIRECTION('',(-0.,0.,-1.));
#367 = DIRECTION('',(-0.,-1.,0.));
#368 = FACE_BOUND('',#369,.F.);
#369 = EDGE_LOOP('',(#370));
#370 = ORIENTED_EDGE('',*,*,#371,.T.);
#371 = EDGE_CURVE('',#372,#372,#374,.T.);
#372 = VERTEX_POINT('',#373);
#373 = CARTESIAN_POINT('',(166.72,-102.92,0.));
#374 = CIRCLE('',#375,0.5);
#375 = AXIS2_PLACEMENT_3D('',#376,#377,#378);
#376 = CARTESIAN_POINT('',(166.72,-102.42,0.));
#377 = DIRECTION('',(-0.,0.,-1.));
#378 = DIRECTION('',(-0.,-1.,0.));
#379 = FACE_BOUND('',#380,.F.);
#380 = EDGE_LOOP('',(#381));
#381 = ORIENTED_EDGE('',*,*,#382,.T.);
#382 = EDGE_CURVE('',#383,#383,#385,.T.);
#383 = VERTEX_POINT('',#384);
#384 = CARTESIAN_POINT('',(164.18,-100.38,0.));
#385 = CIRCLE('',#386,0.5);
#386 = AXIS2_PLACEMENT_3D('',#387,#388,#389);
#387 = CARTESIAN_POINT('',(164.18,-99.88,0.));
#388 = DIRECTION('',(-0.,0.,-1.));
#389 = DIRECTION('',(-0.,-1.,0.));
#390 = FACE_BOUND('',#391,.F.);
#391 = EDGE_LOOP('',(#392));
#392 = ORIENTED_EDGE('',*,*,#393,.T.);
#393 = EDGE_CURVE('',#394,#394,#396,.T.);
#394 = VERTEX_POINT('',#395);
#395 = CARTESIAN_POINT('',(166.72,-100.38,0.));
#396 = CIRCLE('',#397,0.5);
#397 = AXIS2_PLACEMENT_3D('',#398,#399,#400);
#398 = CARTESIAN_POINT('',(166.72,-99.88,0.));
#399 = DIRECTION('',(-0.,0.,-1.));
#400 = DIRECTION('',(-0.,-1.,0.));
#401 = FACE_BOUND('',#402,.F.);
#402 = EDGE_LOOP('',(#403));
#403 = ORIENTED_EDGE('',*,*,#404,.T.);
#404 = EDGE_CURVE('',#405,#405,#407,.T.);
#405 = VERTEX_POINT('',#406);
#406 = CARTESIAN_POINT('',(228.743947,-108.80309,0.));
#407 = CIRCLE('',#408,0.5);
#408 = AXIS2_PLACEMENT_3D('',#409,#410,#411);
#409 = CARTESIAN_POINT('',(228.743947,-108.30309,0.));
#410 = DIRECTION('',(-0.,0.,-1.));
#411 = DIRECTION('',(-0.,-1.,0.));
#412 = FACE_BOUND('',#413,.F.);
#413 = EDGE_LOOP('',(#414));
#414 = ORIENTED_EDGE('',*,*,#415,.T.);
#415 = EDGE_CURVE('',#416,#416,#418,.T.);
#416 = VERTEX_POINT('',#417);
#417 = CARTESIAN_POINT('',(184.5,-108.,0.));
#418 = CIRCLE('',#419,0.5);
#419 = AXIS2_PLACEMENT_3D('',#420,#421,#422);
#420 = CARTESIAN_POINT('',(184.5,-107.5,0.));
#421 = DIRECTION('',(-0.,0.,-1.));
#422 = DIRECTION('',(-0.,-1.,0.));
#423 = FACE_BOUND('',#424,.F.);
#424 = EDGE_LOOP('',(#425));
#425 = ORIENTED_EDGE('',*,*,#426,.T.);
#426 = EDGE_CURVE('',#427,#427,#429,.T.);
#427 = VERTEX_POINT('',#428);
#428 = CARTESIAN_POINT('',(187.04,-108.,0.));
#429 = CIRCLE('',#430,0.5);
#430 = AXIS2_PLACEMENT_3D('',#431,#432,#433);
#431 = CARTESIAN_POINT('',(187.04,-107.5,0.));
#432 = DIRECTION('',(-0.,0.,-1.));
#433 = DIRECTION('',(-0.,-1.,0.));
#434 = FACE_BOUND('',#435,.F.);
#435 = EDGE_LOOP('',(#436));
#436 = ORIENTED_EDGE('',*,*,#437,.T.);
#437 = EDGE_CURVE('',#438,#438,#440,.T.);
#438 = VERTEX_POINT('',#439);
#439 = CARTESIAN_POINT('',(191.958267,-107.33,0.));
#440 = CIRCLE('',#441,0.5);
#441 = AXIS2_PLACEMENT_3D('',#442,#443,#444);
#442 = CARTESIAN_POINT('',(191.958267,-106.83,0.));
#443 = DIRECTION('',(-0.,0.,-1.));
#444 = DIRECTION('',(-0.,-1.,0.));
#445 = FACE_BOUND('',#446,.F.);
#446 = EDGE_LOOP('',(#447));
#447 = ORIENTED_EDGE('',*,*,#448,.T.);
#448 = EDGE_CURVE('',#449,#449,#451,.T.);
#449 = VERTEX_POINT('',#450);
#450 = CARTESIAN_POINT('',(184.5,-105.46,0.));
#451 = CIRCLE('',#452,0.5);
#452 = AXIS2_PLACEMENT_3D('',#453,#454,#455);
#453 = CARTESIAN_POINT('',(184.5,-104.96,0.));
#454 = DIRECTION('',(-0.,0.,-1.));
#455 = DIRECTION('',(-0.,-1.,0.));
#456 = FACE_BOUND('',#457,.F.);
#457 = EDGE_LOOP('',(#458));
#458 = ORIENTED_EDGE('',*,*,#459,.T.);
#459 = EDGE_CURVE('',#460,#460,#462,.T.);
#460 = VERTEX_POINT('',#461);
#461 = CARTESIAN_POINT('',(187.04,-105.46,0.));
#462 = CIRCLE('',#463,0.5);
#463 = AXIS2_PLACEMENT_3D('',#464,#465,#466);
#464 = CARTESIAN_POINT('',(187.04,-104.96,0.));
#465 = DIRECTION('',(-0.,0.,-1.));
#466 = DIRECTION('',(-0.,-1.,0.));
#467 = FACE_BOUND('',#468,.F.);
#468 = EDGE_LOOP('',(#469));
#469 = ORIENTED_EDGE('',*,*,#470,.T.);
#470 = EDGE_CURVE('',#471,#471,#473,.T.);
#471 = VERTEX_POINT('',#472);
#472 = CARTESIAN_POINT('',(191.958267,-104.79,0.));
#473 = CIRCLE('',#474,0.5);
#474 = AXIS2_PLACEMENT_3D('',#475,#476,#477);
#475 = CARTESIAN_POINT('',(191.958267,-104.29,0.));
#476 = DIRECTION('',(-0.,0.,-1.));
#477 = DIRECTION('',(-0.,-1.,0.));
#478 = FACE_BOUND('',#479,.F.);
#479 = EDGE_LOOP('',(#480));
#480 = ORIENTED_EDGE('',*,*,#481,.T.);
#481 = EDGE_CURVE('',#482,#482,#484,.T.);
#482 = VERTEX_POINT('',#483);
#483 = CARTESIAN_POINT('',(184.5,-102.92,0.));
#484 = CIRCLE('',#485,0.5);
#485 = AXIS2_PLACEMENT_3D('',#486,#487,#488);
#486 = CARTESIAN_POINT('',(184.5,-102.42,0.));
#487 = DIRECTION('',(-0.,0.,-1.));
#488 = DIRECTION('',(-0.,-1.,0.));
#489 = FACE_BOUND('',#490,.F.);
#490 = EDGE_LOOP('',(#491));
#491 = ORIENTED_EDGE('',*,*,#492,.T.);
#492 = EDGE_CURVE('',#493,#493,#495,.T.);
#493 = VERTEX_POINT('',#494);
#494 = CARTESIAN_POINT('',(187.04,-102.92,0.));
#495 = CIRCLE('',#496,0.5);
#496 = AXIS2_PLACEMENT_3D('',#497,#498,#499);
#497 = CARTESIAN_POINT('',(187.04,-102.42,0.));
#498 = DIRECTION('',(-0.,0.,-1.));
#499 = DIRECTION('',(-0.,-1.,0.));
#500 = FACE_BOUND('',#501,.F.);
#501 = EDGE_LOOP('',(#502));
#502 = ORIENTED_EDGE('',*,*,#503,.T.);
#503 = EDGE_CURVE('',#504,#504,#506,.T.);
#504 = VERTEX_POINT('',#505);
#505 = CARTESIAN_POINT('',(191.958267,-102.25,0.));
#506 = CIRCLE('',#507,0.5);
#507 = AXIS2_PLACEMENT_3D('',#508,#509,#510);
#508 = CARTESIAN_POINT('',(191.958267,-101.75,0.));
#509 = DIRECTION('',(-0.,0.,-1.));
#510 = DIRECTION('',(-0.,-1.,0.));
#511 = FACE_BOUND('',#512,.F.);
#512 = EDGE_LOOP('',(#513));
#513 = ORIENTED_EDGE('',*,*,#514,.T.);
#514 = EDGE_CURVE('',#515,#515,#517,.T.);
#515 = VERTEX_POINT('',#516);
#516 = CARTESIAN_POINT('',(184.5,-100.38,0.));
#517 = CIRCLE('',#518,0.5);
#518 = AXIS2_PLACEMENT_3D('',#519,#520,#521);
#519 = CARTESIAN_POINT('',(184.5,-99.88,0.));
#520 = DIRECTION('',(-0.,0.,-1.));
#521 = DIRECTION('',(-0.,-1.,0.));
#522 = FACE_BOUND('',#523,.F.);
#523 = EDGE_LOOP('',(#524));
#524 = ORIENTED_EDGE('',*,*,#525,.T.);
#525 = EDGE_CURVE('',#526,#526,#528,.T.);
#526 = VERTEX_POINT('',#527);
#527 = CARTESIAN_POINT('',(187.04,-100.38,0.));
#528 = CIRCLE('',#529,0.5);
#529 = AXIS2_PLACEMENT_3D('',#530,#531,#532);
#530 = CARTESIAN_POINT('',(187.04,-99.88,0.));
#531 = DIRECTION('',(-0.,0.,-1.));
#532 = DIRECTION('',(-0.,-1.,0.));
#533 = FACE_BOUND('',#534,.F.);
#534 = EDGE_LOOP('',(#535));
#535 = ORIENTED_EDGE('',*,*,#536,.T.);
#536 = EDGE_CURVE('',#537,#537,#539,.T.);
#537 = VERTEX_POINT('',#538);
#538 = CARTESIAN_POINT('',(191.958267,-99.71,0.));
#539 = CIRCLE('',#540,0.5);
#540 = AXIS2_PLACEMENT_3D('',#541,#542,#543);
#541 = CARTESIAN_POINT('',(191.958267,-99.21,0.));
#542 = DIRECTION('',(-0.,0.,-1.));
#543 = DIRECTION('',(-0.,-1.,0.));
#544 = FACE_BOUND('',#545,.F.);
#545 = EDGE_LOOP('',(#546));
#546 = ORIENTED_EDGE('',*,*,#547,.T.);
#547 = EDGE_CURVE('',#548,#548,#550,.T.);
#548 = VERTEX_POINT('',#549);
#549 = CARTESIAN_POINT('',(228.743947,-106.26309,0.));
#550 = CIRCLE('',#551,0.5);
#551 = AXIS2_PLACEMENT_3D('',#552,#553,#554);
#552 = CARTESIAN_POINT('',(228.743947,-105.76309,0.));
#553 = DIRECTION('',(-0.,0.,-1.));
#554 = DIRECTION('',(-0.,-1.,0.));
#555 = FACE_BOUND('',#556,.F.);
#556 = EDGE_LOOP('',(#557));
#557 = ORIENTED_EDGE('',*,*,#558,.T.);
#558 = EDGE_CURVE('',#559,#559,#561,.T.);
#559 = VERTEX_POINT('',#560);
#560 = CARTESIAN_POINT('',(228.743947,-103.72309,0.));
#561 = CIRCLE('',#562,0.5);
#562 = AXIS2_PLACEMENT_3D('',#563,#564,#565);
#563 = CARTESIAN_POINT('',(228.743947,-103.22309,0.));
#564 = DIRECTION('',(-0.,0.,-1.));
#565 = DIRECTION('',(-0.,-1.,0.));
#566 = FACE_BOUND('',#567,.F.);
#567 = EDGE_LOOP('',(#568));
#568 = ORIENTED_EDGE('',*,*,#569,.T.);
#569 = EDGE_CURVE('',#570,#570,#572,.T.);
#570 = VERTEX_POINT('',#571);
#571 = CARTESIAN_POINT('',(228.743947,-101.18309,0.));
#572 = CIRCLE('',#573,0.5);
#573 = AXIS2_PLACEMENT_3D('',#574,#575,#576);
#574 = CARTESIAN_POINT('',(228.743947,-100.68309,0.));
#575 = DIRECTION('',(-0.,0.,-1.));
#576 = DIRECTION('',(-0.,-1.,0.));
#577 = FACE_BOUND('',#578,.F.);
#578 = EDGE_LOOP('',(#579));
#579 = ORIENTED_EDGE('',*,*,#580,.T.);
#580 = EDGE_CURVE('',#581,#581,#583,.T.);
#581 = VERTEX_POINT('',#582);
#582 = CARTESIAN_POINT('',(131.,-97.21,0.));
#583 = CIRCLE('',#584,0.5);
#584 = AXIS2_PLACEMENT_3D('',#585,#586,#587);
#585 = CARTESIAN_POINT('',(131.,-96.71,0.));
#586 = DIRECTION('',(-0.,0.,-1.));
#587 = DIRECTION('',(-0.,-1.,0.));
#588 = FACE_BOUND('',#589,.F.);
#589 = EDGE_LOOP('',(#590));
#590 = ORIENTED_EDGE('',*,*,#591,.T.);
#591 = EDGE_CURVE('',#592,#592,#594,.T.);
#592 = VERTEX_POINT('',#593);
#593 = CARTESIAN_POINT('',(137.01,-93.6,0.));
#594 = CIRCLE('',#595,0.35);
#595 = AXIS2_PLACEMENT_3D('',#596,#597,#598);
#596 = CARTESIAN_POINT('',(137.01,-93.25,0.));
#597 = DIRECTION('',(-0.,0.,-1.));
#598 = DIRECTION('',(-0.,-1.,0.));
#599 = FACE_BOUND('',#600,.F.);
#600 = EDGE_LOOP('',(#601));
#601 = ORIENTED_EDGE('',*,*,#602,.T.);
#602 = EDGE_CURVE('',#603,#603,#605,.T.);
#603 = VERTEX_POINT('',#604);
#604 = CARTESIAN_POINT('',(138.,-97.9,0.));
#605 = CIRCLE('',#606,0.4);
#606 = AXIS2_PLACEMENT_3D('',#607,#608,#609);
#607 = CARTESIAN_POINT('',(138.,-97.5,0.));
#608 = DIRECTION('',(-0.,0.,-1.));
#609 = DIRECTION('',(-0.,-1.,0.));
#610 = FACE_BOUND('',#611,.F.);
#611 = EDGE_LOOP('',(#612));
#612 = ORIENTED_EDGE('',*,*,#613,.T.);
#613 = EDGE_CURVE('',#614,#614,#616,.T.);
#614 = VERTEX_POINT('',#615);
#615 = CARTESIAN_POINT('',(140.5,-97.9,0.));
#616 = CIRCLE('',#617,0.4);
#617 = AXIS2_PLACEMENT_3D('',#618,#619,#620);
#618 = CARTESIAN_POINT('',(140.5,-97.5,0.));
#619 = DIRECTION('',(-0.,0.,-1.));
#620 = DIRECTION('',(-0.,-1.,0.));
#621 = FACE_BOUND('',#622,.F.);
#622 = EDGE_LOOP('',(#623));
#623 = ORIENTED_EDGE('',*,*,#624,.T.);
#624 = EDGE_CURVE('',#625,#625,#627,.T.);
#625 = VERTEX_POINT('',#626);
#626 = CARTESIAN_POINT('',(147.45,-98.35,0.));
#627 = CIRCLE('',#628,0.35);
#628 = AXIS2_PLACEMENT_3D('',#629,#630,#631);
#629 = CARTESIAN_POINT('',(147.45,-98.,0.));
#630 = DIRECTION('',(-0.,0.,-1.));
#631 = DIRECTION('',(-0.,-1.,0.));
#632 = FACE_BOUND('',#633,.F.);
#633 = EDGE_LOOP('',(#634));
#634 = ORIENTED_EDGE('',*,*,#635,.T.);
#635 = EDGE_CURVE('',#636,#636,#638,.T.);
#636 = VERTEX_POINT('',#637);
#637 = CARTESIAN_POINT('',(152.53,-98.35,0.));
#638 = CIRCLE('',#639,0.35);
#639 = AXIS2_PLACEMENT_3D('',#640,#641,#642);
#640 = CARTESIAN_POINT('',(152.53,-98.,0.));
#641 = DIRECTION('',(-0.,0.,-1.));
#642 = DIRECTION('',(-0.,-1.,0.));
#643 = FACE_BOUND('',#644,.F.);
#644 = EDGE_LOOP('',(#645));
#645 = ORIENTED_EDGE('',*,*,#646,.T.);
#646 = EDGE_CURVE('',#647,#647,#649,.T.);
#647 = VERTEX_POINT('',#648);
#648 = CARTESIAN_POINT('',(157.29,-98.15,0.));
#649 = CIRCLE('',#650,0.4);
#650 = AXIS2_PLACEMENT_3D('',#651,#652,#653);
#651 = CARTESIAN_POINT('',(157.29,-97.75,0.));
#652 = DIRECTION('',(-0.,0.,-1.));
#653 = DIRECTION('',(-0.,-1.,0.));
#654 = FACE_BOUND('',#655,.F.);
#655 = EDGE_LOOP('',(#656));
#656 = ORIENTED_EDGE('',*,*,#657,.T.);
#657 = EDGE_CURVE('',#658,#658,#660,.T.);
#658 = VERTEX_POINT('',#659);
#659 = CARTESIAN_POINT('',(159.79,-98.15,0.));
#660 = CIRCLE('',#661,0.4);
#661 = AXIS2_PLACEMENT_3D('',#662,#663,#664);
#662 = CARTESIAN_POINT('',(159.79,-97.75,0.));
#663 = DIRECTION('',(-0.,0.,-1.));
#664 = DIRECTION('',(-0.,-1.,0.));
#665 = FACE_BOUND('',#666,.F.);
#666 = EDGE_LOOP('',(#667));
#667 = ORIENTED_EDGE('',*,*,#668,.T.);
#668 = EDGE_CURVE('',#669,#669,#671,.T.);
#669 = VERTEX_POINT('',#670);
#670 = CARTESIAN_POINT('',(164.18,-97.84,0.));
#671 = CIRCLE('',#672,0.5);
#672 = AXIS2_PLACEMENT_3D('',#673,#674,#675);
#673 = CARTESIAN_POINT('',(164.18,-97.34,0.));
#674 = DIRECTION('',(-0.,0.,-1.));
#675 = DIRECTION('',(-0.,-1.,0.));
#676 = FACE_BOUND('',#677,.F.);
#677 = EDGE_LOOP('',(#678));
#678 = ORIENTED_EDGE('',*,*,#679,.T.);
#679 = EDGE_CURVE('',#680,#680,#682,.T.);
#680 = VERTEX_POINT('',#681);
#681 = CARTESIAN_POINT('',(166.72,-97.84,0.));
#682 = CIRCLE('',#683,0.5);
#683 = AXIS2_PLACEMENT_3D('',#684,#685,#686);
#684 = CARTESIAN_POINT('',(166.72,-97.34,0.));
#685 = DIRECTION('',(-0.,0.,-1.));
#686 = DIRECTION('',(-0.,-1.,0.));
#687 = FACE_BOUND('',#688,.F.);
#688 = EDGE_LOOP('',(#689));
#689 = ORIENTED_EDGE('',*,*,#690,.T.);
#690 = EDGE_CURVE('',#691,#691,#693,.T.);
#691 = VERTEX_POINT('',#692);
#692 = CARTESIAN_POINT('',(164.18,-95.3,0.));
#693 = CIRCLE('',#694,0.5);
#694 = AXIS2_PLACEMENT_3D('',#695,#696,#697);
#695 = CARTESIAN_POINT('',(164.18,-94.8,0.));
#696 = DIRECTION('',(-0.,0.,-1.));
#697 = DIRECTION('',(-0.,-1.,0.));
#698 = FACE_BOUND('',#699,.F.);
#699 = EDGE_LOOP('',(#700));
#700 = ORIENTED_EDGE('',*,*,#701,.T.);
#701 = EDGE_CURVE('',#702,#702,#704,.T.);
#702 = VERTEX_POINT('',#703);
#703 = CARTESIAN_POINT('',(166.72,-95.3,0.));
#704 = CIRCLE('',#705,0.5);
#705 = AXIS2_PLACEMENT_3D('',#706,#707,#708);
#706 = CARTESIAN_POINT('',(166.72,-94.8,0.));
#707 = DIRECTION('',(-0.,0.,-1.));
#708 = DIRECTION('',(-0.,-1.,0.));
#709 = FACE_BOUND('',#710,.F.);
#710 = EDGE_LOOP('',(#711));
#711 = ORIENTED_EDGE('',*,*,#712,.T.);
#712 = EDGE_CURVE('',#713,#713,#715,.T.);
#713 = VERTEX_POINT('',#714);
#714 = CARTESIAN_POINT('',(142.09,-93.6,0.));
#715 = CIRCLE('',#716,0.35);
#716 = AXIS2_PLACEMENT_3D('',#717,#718,#719);
#717 = CARTESIAN_POINT('',(142.09,-93.25,0.));
#718 = DIRECTION('',(-0.,0.,-1.));
#719 = DIRECTION('',(-0.,-1.,0.));
#720 = FACE_BOUND('',#721,.F.);
#721 = EDGE_LOOP('',(#722));
#722 = ORIENTED_EDGE('',*,*,#723,.T.);
#723 = EDGE_CURVE('',#724,#724,#726,.T.);
#724 = VERTEX_POINT('',#725);
#725 = CARTESIAN_POINT('',(147.21,-92.8,0.));
#726 = CIRCLE('',#727,0.55);
#727 = AXIS2_PLACEMENT_3D('',#728,#729,#730);
#728 = CARTESIAN_POINT('',(147.21,-92.25,0.));
#729 = DIRECTION('',(-0.,0.,-1.));
#730 = DIRECTION('',(5.167583532801E-14,-1.,-0.));
#731 = FACE_BOUND('',#732,.F.);
#732 = EDGE_LOOP('',(#733));
#733 = ORIENTED_EDGE('',*,*,#734,.T.);
#734 = EDGE_CURVE('',#735,#735,#737,.T.);
#735 = VERTEX_POINT('',#736);
#736 = CARTESIAN_POINT('',(149.75,-92.8,0.));
#737 = CIRCLE('',#738,0.55);
#738 = AXIS2_PLACEMENT_3D('',#739,#740,#741);
#739 = CARTESIAN_POINT('',(149.75,-92.25,0.));
#740 = DIRECTION('',(-0.,0.,-1.));
#741 = DIRECTION('',(-0.,-1.,0.));
#742 = FACE_BOUND('',#743,.F.);
#743 = EDGE_LOOP('',(#744));
#744 = ORIENTED_EDGE('',*,*,#745,.T.);
#745 = EDGE_CURVE('',#746,#746,#748,.T.);
#746 = VERTEX_POINT('',#747);
#747 = CARTESIAN_POINT('',(152.29,-92.8,0.));
#748 = CIRCLE('',#749,0.55);
#749 = AXIS2_PLACEMENT_3D('',#750,#751,#752);
#750 = CARTESIAN_POINT('',(152.29,-92.25,0.));
#751 = DIRECTION('',(-0.,0.,-1.));
#752 = DIRECTION('',(-5.167583532801E-14,-1.,0.));
#753 = FACE_BOUND('',#754,.F.);
#754 = EDGE_LOOP('',(#755));
#755 = ORIENTED_EDGE('',*,*,#756,.T.);
#756 = EDGE_CURVE('',#757,#757,#759,.T.);
#757 = VERTEX_POINT('',#758);
#758 = CARTESIAN_POINT('',(164.18,-92.76,0.));
#759 = CIRCLE('',#760,0.5);
#760 = AXIS2_PLACEMENT_3D('',#761,#762,#763);
#761 = CARTESIAN_POINT('',(164.18,-92.26,0.));
#762 = DIRECTION('',(-0.,0.,-1.));
#763 = DIRECTION('',(-0.,-1.,0.));
#764 = FACE_BOUND('',#765,.F.);
#765 = EDGE_LOOP('',(#766));
#766 = ORIENTED_EDGE('',*,*,#767,.T.);
#767 = EDGE_CURVE('',#768,#768,#770,.T.);
#768 = VERTEX_POINT('',#769);
#769 = CARTESIAN_POINT('',(166.72,-92.76,0.));
#770 = CIRCLE('',#771,0.5);
#771 = AXIS2_PLACEMENT_3D('',#772,#773,#774);
#772 = CARTESIAN_POINT('',(166.72,-92.26,0.));
#773 = DIRECTION('',(-0.,0.,-1.));
#774 = DIRECTION('',(-0.,-1.,0.));
#775 = FACE_BOUND('',#776,.F.);
#776 = EDGE_LOOP('',(#777));
#777 = ORIENTED_EDGE('',*,*,#778,.T.);
#778 = EDGE_CURVE('',#779,#779,#781,.T.);
#779 = VERTEX_POINT('',#780);
#780 = CARTESIAN_POINT('',(157.27,-91.985,0.));
#781 = CIRCLE('',#782,0.375);
#782 = AXIS2_PLACEMENT_3D('',#783,#784,#785);
#783 = CARTESIAN_POINT('',(157.27,-91.61,0.));
#784 = DIRECTION('',(-0.,0.,-1.));
#785 = DIRECTION('',(-0.,-1.,0.));
#786 = FACE_BOUND('',#787,.F.);
#787 = EDGE_LOOP('',(#788));
#788 = ORIENTED_EDGE('',*,*,#789,.T.);
#789 = EDGE_CURVE('',#790,#790,#792,.T.);
#790 = VERTEX_POINT('',#791);
#791 = CARTESIAN_POINT('',(159.81,-91.985,0.));
#792 = CIRCLE('',#793,0.375);
#793 = AXIS2_PLACEMENT_3D('',#794,#795,#796);
#794 = CARTESIAN_POINT('',(159.81,-91.61,0.));
#795 = DIRECTION('',(-0.,0.,-1.));
#796 = DIRECTION('',(-0.,-1.,0.));
#797 = FACE_BOUND('',#798,.F.);
#798 = EDGE_LOOP('',(#799));
#799 = ORIENTED_EDGE('',*,*,#800,.T.);
#800 = EDGE_CURVE('',#801,#801,#803,.T.);
#801 = VERTEX_POINT('',#802);
#802 = CARTESIAN_POINT('',(158.54,-90.715,0.));
#803 = CIRCLE('',#804,0.375);
#804 = AXIS2_PLACEMENT_3D('',#805,#806,#807);
#805 = CARTESIAN_POINT('',(158.54,-90.34,0.));
#806 = DIRECTION('',(-0.,0.,-1.));
#807 = DIRECTION('',(-0.,-1.,0.));
#808 = FACE_BOUND('',#809,.F.);
#809 = EDGE_LOOP('',(#810));
#810 = ORIENTED_EDGE('',*,*,#811,.T.);
#811 = EDGE_CURVE('',#812,#812,#814,.T.);
#812 = VERTEX_POINT('',#813);
#813 = CARTESIAN_POINT('',(164.18,-90.22,0.));
#814 = CIRCLE('',#815,0.5);
#815 = AXIS2_PLACEMENT_3D('',#816,#817,#818);
#816 = CARTESIAN_POINT('',(164.18,-89.72,0.));
#817 = DIRECTION('',(-0.,0.,-1.));
#818 = DIRECTION('',(-0.,-1.,0.));
#819 = FACE_BOUND('',#820,.F.);
#820 = EDGE_LOOP('',(#821));
#821 = ORIENTED_EDGE('',*,*,#822,.T.);
#822 = EDGE_CURVE('',#823,#823,#825,.T.);
#823 = VERTEX_POINT('',#824);
#824 = CARTESIAN_POINT('',(166.72,-90.22,0.));
#825 = CIRCLE('',#826,0.5);
#826 = AXIS2_PLACEMENT_3D('',#827,#828,#829);
#827 = CARTESIAN_POINT('',(166.72,-89.72,0.));
#828 = DIRECTION('',(-0.,0.,-1.));
#829 = DIRECTION('',(-0.,-1.,0.));
#830 = FACE_BOUND('',#831,.F.);
#831 = EDGE_LOOP('',(#832));
#832 = ORIENTED_EDGE('',*,*,#833,.T.);
#833 = EDGE_CURVE('',#834,#834,#836,.T.);
#834 = VERTEX_POINT('',#835);
#835 = CARTESIAN_POINT('',(108.,-85.75,0.));
#836 = CIRCLE('',#837,0.5);
#837 = AXIS2_PLACEMENT_3D('',#838,#839,#840);
#838 = CARTESIAN_POINT('',(108.,-85.25,0.));
#839 = DIRECTION('',(-0.,0.,-1.));
#840 = DIRECTION('',(-0.,-1.,0.));
#841 = FACE_BOUND('',#842,.F.);
#842 = EDGE_LOOP('',(#843));
#843 = ORIENTED_EDGE('',*,*,#844,.T.);
#844 = EDGE_CURVE('',#845,#845,#847,.T.);
#845 = VERTEX_POINT('',#846);
#846 = CARTESIAN_POINT('',(137.01,-89.6,0.));
#847 = CIRCLE('',#848,0.35);
#848 = AXIS2_PLACEMENT_3D('',#849,#850,#851);
#849 = CARTESIAN_POINT('',(137.01,-89.25,0.));
#850 = DIRECTION('',(-0.,0.,-1.));
#851 = DIRECTION('',(-0.,-1.,0.));
#852 = FACE_BOUND('',#853,.F.);
#853 = EDGE_LOOP('',(#854));
#854 = ORIENTED_EDGE('',*,*,#855,.T.);
#855 = EDGE_CURVE('',#856,#856,#858,.T.);
#856 = VERTEX_POINT('',#857);
#857 = CARTESIAN_POINT('',(131.,-88.29,0.));
#858 = CIRCLE('',#859,0.5);
#859 = AXIS2_PLACEMENT_3D('',#860,#861,#862);
#860 = CARTESIAN_POINT('',(131.,-87.79,0.));
#861 = DIRECTION('',(-0.,0.,-1.));
#862 = DIRECTION('',(-0.,-1.,0.));
#863 = FACE_BOUND('',#864,.F.);
#864 = EDGE_LOOP('',(#865));
#865 = ORIENTED_EDGE('',*,*,#866,.T.);
#866 = EDGE_CURVE('',#867,#867,#869,.T.);
#867 = VERTEX_POINT('',#868);
#868 = CARTESIAN_POINT('',(131.,-85.75,0.));
#869 = CIRCLE('',#870,0.5);
#870 = AXIS2_PLACEMENT_3D('',#871,#872,#873);
#871 = CARTESIAN_POINT('',(131.,-85.25,0.));
#872 = DIRECTION('',(-0.,0.,-1.));
#873 = DIRECTION('',(-0.,-1.,0.));
#874 = FACE_BOUND('',#875,.F.);
#875 = EDGE_LOOP('',(#876));
#876 = ORIENTED_EDGE('',*,*,#877,.T.);
#877 = EDGE_CURVE('',#878,#878,#880,.T.);
#878 = VERTEX_POINT('',#879);
#879 = CARTESIAN_POINT('',(120.5,-82.,0.));
#880 = CIRCLE('',#881,0.5);
#881 = AXIS2_PLACEMENT_3D('',#882,#883,#884);
#882 = CARTESIAN_POINT('',(120.5,-81.5,0.));
#883 = DIRECTION('',(-0.,0.,-1.));
#884 = DIRECTION('',(-0.,-1.,0.));
#885 = FACE_BOUND('',#886,.F.);
#886 = EDGE_LOOP('',(#887));
#887 = ORIENTED_EDGE('',*,*,#888,.T.);
#888 = EDGE_CURVE('',#889,#889,#891,.T.);
#889 = VERTEX_POINT('',#890);
#890 = CARTESIAN_POINT('',(123.04,-82.,0.));
#891 = CIRCLE('',#892,0.5);
#892 = AXIS2_PLACEMENT_3D('',#893,#894,#895);
#893 = CARTESIAN_POINT('',(123.04,-81.5,0.));
#894 = DIRECTION('',(-0.,0.,-1.));
#895 = DIRECTION('',(-0.,-1.,0.));
#896 = FACE_BOUND('',#897,.F.);
#897 = EDGE_LOOP('',(#898));
#898 = ORIENTED_EDGE('',*,*,#899,.T.);
#899 = EDGE_CURVE('',#900,#900,#902,.T.);
#900 = VERTEX_POINT('',#901);
#901 = CARTESIAN_POINT('',(142.09,-89.6,0.));
#902 = CIRCLE('',#903,0.35);
#903 = AXIS2_PLACEMENT_3D('',#904,#905,#906);
#904 = CARTESIAN_POINT('',(142.09,-89.25,0.));
#905 = DIRECTION('',(-0.,0.,-1.));
#906 = DIRECTION('',(-0.,-1.,0.));
#907 = FACE_BOUND('',#908,.F.);
#908 = EDGE_LOOP('',(#909));
#909 = ORIENTED_EDGE('',*,*,#910,.T.);
#910 = EDGE_CURVE('',#911,#911,#913,.T.);
#911 = VERTEX_POINT('',#912);
#912 = CARTESIAN_POINT('',(146.48,-85.11,0.));
#913 = CIRCLE('',#914,0.45);
#914 = AXIS2_PLACEMENT_3D('',#915,#916,#917);
#915 = CARTESIAN_POINT('',(146.48,-84.66,0.));
#916 = DIRECTION('',(-0.,0.,-1.));
#917 = DIRECTION('',(-6.315935428979E-14,-1.,0.));
#918 = FACE_BOUND('',#919,.F.);
#919 = EDGE_LOOP('',(#920));
#920 = ORIENTED_EDGE('',*,*,#921,.T.);
#921 = EDGE_CURVE('',#922,#922,#924,.T.);
#922 = VERTEX_POINT('',#923);
#923 = CARTESIAN_POINT('',(154.1,-85.11,0.));
#924 = CIRCLE('',#925,0.45);
#925 = AXIS2_PLACEMENT_3D('',#926,#927,#928);
#926 = CARTESIAN_POINT('',(154.1,-84.66,0.));
#927 = DIRECTION('',(-0.,0.,-1.));
#928 = DIRECTION('',(-6.315935428979E-14,-1.,0.));
#929 = FACE_BOUND('',#930,.F.);
#930 = EDGE_LOOP('',(#931));
#931 = ORIENTED_EDGE('',*,*,#932,.T.);
#932 = EDGE_CURVE('',#933,#933,#935,.T.);
#933 = VERTEX_POINT('',#934);
#934 = CARTESIAN_POINT('',(184.5,-97.84,0.));
#935 = CIRCLE('',#936,0.5);
#936 = AXIS2_PLACEMENT_3D('',#937,#938,#939);
#937 = CARTESIAN_POINT('',(184.5,-97.34,0.));
#938 = DIRECTION('',(-0.,0.,-1.));
#939 = DIRECTION('',(-0.,-1.,0.));
#940 = FACE_BOUND('',#941,.F.);
#941 = EDGE_LOOP('',(#942));
#942 = ORIENTED_EDGE('',*,*,#943,.T.);
#943 = EDGE_CURVE('',#944,#944,#946,.T.);
#944 = VERTEX_POINT('',#945);
#945 = CARTESIAN_POINT('',(187.04,-97.84,0.));
#946 = CIRCLE('',#947,0.5);
#947 = AXIS2_PLACEMENT_3D('',#948,#949,#950);
#948 = CARTESIAN_POINT('',(187.04,-97.34,0.));
#949 = DIRECTION('',(-0.,0.,-1.));
#950 = DIRECTION('',(-0.,-1.,0.));
#951 = FACE_BOUND('',#952,.F.);
#952 = EDGE_LOOP('',(#953));
#953 = ORIENTED_EDGE('',*,*,#954,.T.);
#954 = EDGE_CURVE('',#955,#955,#957,.T.);
#955 = VERTEX_POINT('',#956);
#956 = CARTESIAN_POINT('',(191.958267,-97.17,0.));
#957 = CIRCLE('',#958,0.5);
#958 = AXIS2_PLACEMENT_3D('',#959,#960,#961);
#959 = CARTESIAN_POINT('',(191.958267,-96.67,0.));
#960 = DIRECTION('',(-0.,0.,-1.));
#961 = DIRECTION('',(-0.,-1.,0.));
#962 = FACE_BOUND('',#963,.F.);
#963 = EDGE_LOOP('',(#964));
#964 = ORIENTED_EDGE('',*,*,#965,.T.);
#965 = EDGE_CURVE('',#966,#966,#968,.T.);
#966 = VERTEX_POINT('',#967);
#967 = CARTESIAN_POINT('',(184.5,-95.3,0.));
#968 = CIRCLE('',#969,0.5);
#969 = AXIS2_PLACEMENT_3D('',#970,#971,#972);
#970 = CARTESIAN_POINT('',(184.5,-94.8,0.));
#971 = DIRECTION('',(-0.,0.,-1.));
#972 = DIRECTION('',(-0.,-1.,0.));
#973 = FACE_BOUND('',#974,.F.);
#974 = EDGE_LOOP('',(#975));
#975 = ORIENTED_EDGE('',*,*,#976,.T.);
#976 = EDGE_CURVE('',#977,#977,#979,.T.);
#977 = VERTEX_POINT('',#978);
#978 = CARTESIAN_POINT('',(187.04,-95.3,0.));
#979 = CIRCLE('',#980,0.5);
#980 = AXIS2_PLACEMENT_3D('',#981,#982,#983);
#981 = CARTESIAN_POINT('',(187.04,-94.8,0.));
#982 = DIRECTION('',(-0.,0.,-1.));
#983 = DIRECTION('',(-0.,-1.,0.));
#984 = FACE_BOUND('',#985,.F.);
#985 = EDGE_LOOP('',(#986));
#986 = ORIENTED_EDGE('',*,*,#987,.T.);
#987 = EDGE_CURVE('',#988,#988,#990,.T.);
#988 = VERTEX_POINT('',#989);
#989 = CARTESIAN_POINT('',(184.5,-92.76,0.));
#990 = CIRCLE('',#991,0.5);
#991 = AXIS2_PLACEMENT_3D('',#992,#993,#994);
#992 = CARTESIAN_POINT('',(184.5,-92.26,0.));
#993 = DIRECTION('',(-0.,0.,-1.));
#994 = DIRECTION('',(-0.,-1.,0.));
#995 = FACE_BOUND('',#996,.F.);
#996 = EDGE_LOOP('',(#997));
#997 = ORIENTED_EDGE('',*,*,#998,.T.);
#998 = EDGE_CURVE('',#999,#999,#1001,.T.);
#999 = VERTEX_POINT('',#1000);
#1000 = CARTESIAN_POINT('',(187.04,-92.76,0.));
#1001 = CIRCLE('',#1002,0.5);
#1002 = AXIS2_PLACEMENT_3D('',#1003,#1004,#1005);
#1003 = CARTESIAN_POINT('',(187.04,-92.26,0.));
#1004 = DIRECTION('',(-0.,0.,-1.));
#1005 = DIRECTION('',(-0.,-1.,0.));
#1006 = FACE_BOUND('',#1007,.F.);
#1007 = EDGE_LOOP('',(#1008));
#1008 = ORIENTED_EDGE('',*,*,#1009,.T.);
#1009 = EDGE_CURVE('',#1010,#1010,#1012,.T.);
#1010 = VERTEX_POINT('',#1011);
#1011 = CARTESIAN_POINT('',(184.5,-90.22,0.));
#1012 = CIRCLE('',#1013,0.5);
#1013 = AXIS2_PLACEMENT_3D('',#1014,#1015,#1016);
#1014 = CARTESIAN_POINT('',(184.5,-89.72,0.));
#1015 = DIRECTION('',(-0.,0.,-1.));
#1016 = DIRECTION('',(-0.,-1.,0.));
#1017 = FACE_BOUND('',#1018,.F.);
#1018 = EDGE_LOOP('',(#1019));
#1019 = ORIENTED_EDGE('',*,*,#1020,.T.);
#1020 = EDGE_CURVE('',#1021,#1021,#1023,.T.);
#1021 = VERTEX_POINT('',#1022);
#1022 = CARTESIAN_POINT('',(187.04,-90.22,0.));
#1023 = CIRCLE('',#1024,0.5);
#1024 = AXIS2_PLACEMENT_3D('',#1025,#1026,#1027);
#1025 = CARTESIAN_POINT('',(187.04,-89.72,0.));
#1026 = DIRECTION('',(-0.,0.,-1.));
#1027 = DIRECTION('',(-0.,-1.,0.));
#1028 = FACE_BOUND('',#1029,.F.);
#1029 = EDGE_LOOP('',(#1030));
#1030 = ORIENTED_EDGE('',*,*,#1031,.F.);
#1031 = EDGE_CURVE('',#1032,#1032,#1034,.T.);
#1032 = VERTEX_POINT('',#1033);
#1033 = CARTESIAN_POINT('',(219.662278,-83.25,0.));
#1034 = CIRCLE('',#1035,3.);
#1035 = AXIS2_PLACEMENT_3D('',#1036,#1037,#1038);
#1036 = CARTESIAN_POINT('',(216.662278,-83.25,0.));
#1037 = DIRECTION('',(0.,0.,1.));
#1038 = DIRECTION('',(1.,0.,-0.));
#1039 = PLANE('',#1040);
#1040 = AXIS2_PLACEMENT_3D('',#1041,#1042,#1043);
#1041 = CARTESIAN_POINT('',(0.,0.,0.));
#1042 = DIRECTION('',(0.,0.,1.));
#1043 = DIRECTION('',(1.,0.,-0.));
#1044 = ADVANCED_FACE('',(#1045,#1088,#1099,#1110,#1121,#1132,#1143,
    #1154,#1165,#1176,#1187,#1198,#1209,#1220,#1231,#1242,#1253,#1264,
    #1275,#1286,#1297,#1308,#1319,#1330,#1341,#1352,#1363,#1374,#1385,
    #1396,#1407,#1418,#1429,#1440,#1451,#1462,#1473,#1484,#1495,#1506,
    #1517,#1528,#1539,#1550,#1561,#1572,#1583,#1594,#1605,#1616,#1627,
    #1638,#1649,#1660,#1671,#1682,#1693,#1704,#1715,#1726,#1737,#1748,
    #1759,#1770,#1781,#1792,#1803,#1814,#1825,#1836,#1847,#1858,#1869,
    #1880,#1891,#1902,#1913,#1924,#1935),#1946,.T.);
#1045 = FACE_BOUND('',#1046,.T.);
#1046 = EDGE_LOOP('',(#1047,#1048,#1049,#1057,#1065,#1073,#1081,#1087));
#1047 = ORIENTED_EDGE('',*,*,#49,.F.);
#1048 = ORIENTED_EDGE('',*,*,#89,.F.);
#1049 = ORIENTED_EDGE('',*,*,#1050,.F.);
#1050 = EDGE_CURVE('',#1051,#82,#1053,.T.);
#1051 = VERTEX_POINT('',#1052);
#1052 = CARTESIAN_POINT('',(107.5,-78.5,1.51));
#1053 = LINE('',#1054,#1055);
#1054 = CARTESIAN_POINT('',(107.5,-78.5,1.51));
#1055 = VECTOR('',#1056,1.);
#1056 = DIRECTION('',(1.,0.,0.));
#1057 = ORIENTED_EDGE('',*,*,#1058,.F.);
#1058 = EDGE_CURVE('',#1059,#1051,#1061,.T.);
#1059 = VERTEX_POINT('',#1060);
#1060 = CARTESIAN_POINT('',(104.,-82.,1.51));
#1061 = LINE('',#1062,#1063);
#1062 = CARTESIAN_POINT('',(104.,-82.,1.51));
#1063 = VECTOR('',#1064,1.);
#1064 = DIRECTION('',(0.707106781187,0.707106781187,0.));
#1065 = ORIENTED_EDGE('',*,*,#1066,.F.);
#1066 = EDGE_CURVE('',#1067,#1059,#1069,.T.);
#1067 = VERTEX_POINT('',#1068);
#1068 = CARTESIAN_POINT('',(104.,-116.5,1.51));
#1069 = LINE('',#1070,#1071);
#1070 = CARTESIAN_POINT('',(104.,-116.5,1.51));
#1071 = VECTOR('',#1072,1.);
#1072 = DIRECTION('',(0.,1.,0.));
#1073 = ORIENTED_EDGE('',*,*,#1074,.F.);
#1074 = EDGE_CURVE('',#1075,#1067,#1077,.T.);
#1075 = VERTEX_POINT('',#1076);
#1076 = CARTESIAN_POINT('',(107.5,-120.,1.51));
#1077 = LINE('',#1078,#1079);
#1078 = CARTESIAN_POINT('',(107.5,-120.,1.51));
#1079 = VECTOR('',#1080,1.);
#1080 = DIRECTION('',(-0.707106781187,0.707106781187,0.));
#1081 = ORIENTED_EDGE('',*,*,#1082,.F.);
#1082 = EDGE_CURVE('',#112,#1075,#1083,.T.);
#1083 = LINE('',#1084,#1085);
#1084 = CARTESIAN_POINT('',(228.,-120.,1.51));
#1085 = VECTOR('',#1086,1.);
#1086 = DIRECTION('',(-1.,0.,0.));
#1087 = ORIENTED_EDGE('',*,*,#111,.F.);
#1088 = FACE_BOUND('',#1089,.T.);
#1089 = EDGE_LOOP('',(#1090));
#1090 = ORIENTED_EDGE('',*,*,#1091,.T.);
#1091 = EDGE_CURVE('',#1092,#1092,#1094,.T.);
#1092 = VERTEX_POINT('',#1093);
#1093 = CARTESIAN_POINT('',(159.5,-116.75,1.51));
#1094 = CIRCLE('',#1095,0.5);
#1095 = AXIS2_PLACEMENT_3D('',#1096,#1097,#1098);
#1096 = CARTESIAN_POINT('',(159.5,-116.25,1.51));
#1097 = DIRECTION('',(-0.,0.,-1.));
#1098 = DIRECTION('',(-0.,-1.,0.));
#1099 = FACE_BOUND('',#1100,.T.);
#1100 = EDGE_LOOP('',(#1101));
#1101 = ORIENTED_EDGE('',*,*,#1102,.T.);
#1102 = EDGE_CURVE('',#1103,#1103,#1105,.T.);
#1103 = VERTEX_POINT('',#1104);
#1104 = CARTESIAN_POINT('',(159.5,-114.21,1.51));
#1105 = CIRCLE('',#1106,0.5);
#1106 = AXIS2_PLACEMENT_3D('',#1107,#1108,#1109);
#1107 = CARTESIAN_POINT('',(159.5,-113.71,1.51));
#1108 = DIRECTION('',(-0.,0.,-1.));
#1109 = DIRECTION('',(-0.,-1.,0.));
#1110 = FACE_BOUND('',#1111,.T.);
#1111 = EDGE_LOOP('',(#1112));
#1112 = ORIENTED_EDGE('',*,*,#1113,.T.);
#1113 = EDGE_CURVE('',#1114,#1114,#1116,.T.);
#1114 = VERTEX_POINT('',#1115);
#1115 = CARTESIAN_POINT('',(159.5,-111.67,1.51));
#1116 = CIRCLE('',#1117,0.5);
#1117 = AXIS2_PLACEMENT_3D('',#1118,#1119,#1120);
#1118 = CARTESIAN_POINT('',(159.5,-111.17,1.51));
#1119 = DIRECTION('',(-0.,0.,-1.));
#1120 = DIRECTION('',(-0.,-1.,0.));
#1121 = FACE_BOUND('',#1122,.T.);
#1122 = EDGE_LOOP('',(#1123));
#1123 = ORIENTED_EDGE('',*,*,#1124,.T.);
#1124 = EDGE_CURVE('',#1125,#1125,#1127,.T.);
#1125 = VERTEX_POINT('',#1126);
#1126 = CARTESIAN_POINT('',(159.5,-109.13,1.51));
#1127 = CIRCLE('',#1128,0.5);
#1128 = AXIS2_PLACEMENT_3D('',#1129,#1130,#1131);
#1129 = CARTESIAN_POINT('',(159.5,-108.63,1.51));
#1130 = DIRECTION('',(-0.,0.,-1.));
#1131 = DIRECTION('',(-0.,-1.,0.));
#1132 = FACE_BOUND('',#1133,.T.);
#1133 = EDGE_LOOP('',(#1134));
#1134 = ORIENTED_EDGE('',*,*,#1135,.T.);
#1135 = EDGE_CURVE('',#1136,#1136,#1138,.T.);
#1136 = VERTEX_POINT('',#1137);
#1137 = CARTESIAN_POINT('',(111.25,-108.1175,1.51));
#1138 = CIRCLE('',#1139,0.65);
#1139 = AXIS2_PLACEMENT_3D('',#1140,#1141,#1142);
#1140 = CARTESIAN_POINT('',(111.25,-107.4675,1.51));
#1141 = DIRECTION('',(-0.,0.,-1.));
#1142 = DIRECTION('',(-0.,-1.,0.));
#1143 = FACE_BOUND('',#1144,.T.);
#1144 = EDGE_LOOP('',(#1145));
#1145 = ORIENTED_EDGE('',*,*,#1146,.T.);
#1146 = EDGE_CURVE('',#1147,#1147,#1149,.T.);
#1147 = VERTEX_POINT('',#1148);
#1148 = CARTESIAN_POINT('',(116.25,-108.1175,1.51));
#1149 = CIRCLE('',#1150,0.65);
#1150 = AXIS2_PLACEMENT_3D('',#1151,#1152,#1153);
#1151 = CARTESIAN_POINT('',(116.25,-107.4675,1.51));
#1152 = DIRECTION('',(-0.,0.,-1.));
#1153 = DIRECTION('',(-0.,-1.,0.));
#1154 = FACE_BOUND('',#1155,.T.);
#1155 = EDGE_LOOP('',(#1156));
#1156 = ORIENTED_EDGE('',*,*,#1157,.T.);
#1157 = EDGE_CURVE('',#1158,#1158,#1160,.T.);
#1158 = VERTEX_POINT('',#1159);
#1159 = CARTESIAN_POINT('',(124.5,-108.15,1.51));
#1160 = CIRCLE('',#1161,0.65);
#1161 = AXIS2_PLACEMENT_3D('',#1162,#1163,#1164);
#1162 = CARTESIAN_POINT('',(124.5,-107.5,1.51));
#1163 = DIRECTION('',(-0.,0.,-1.));
#1164 = DIRECTION('',(-0.,-1.,0.));
#1165 = FACE_BOUND('',#1166,.T.);
#1166 = EDGE_LOOP('',(#1167));
#1167 = ORIENTED_EDGE('',*,*,#1168,.T.);
#1168 = EDGE_CURVE('',#1169,#1169,#1171,.T.);
#1169 = VERTEX_POINT('',#1170);
#1170 = CARTESIAN_POINT('',(129.5,-108.15,1.51));
#1171 = CIRCLE('',#1172,0.65);
#1172 = AXIS2_PLACEMENT_3D('',#1173,#1174,#1175);
#1173 = CARTESIAN_POINT('',(129.5,-107.5,1.51));
#1174 = DIRECTION('',(-0.,0.,-1.));
#1175 = DIRECTION('',(-0.,-1.,0.));
#1176 = FACE_BOUND('',#1177,.T.);
#1177 = EDGE_LOOP('',(#1178));
#1178 = ORIENTED_EDGE('',*,*,#1179,.T.);
#1179 = EDGE_CURVE('',#1180,#1180,#1182,.T.);
#1180 = VERTEX_POINT('',#1181);
#1181 = CARTESIAN_POINT('',(108.,-99.75,1.51));
#1182 = CIRCLE('',#1183,0.5);
#1183 = AXIS2_PLACEMENT_3D('',#1184,#1185,#1186);
#1184 = CARTESIAN_POINT('',(108.,-99.25,1.51));
#1185 = DIRECTION('',(-0.,0.,-1.));
#1186 = DIRECTION('',(-0.,-1.,0.));
#1187 = FACE_BOUND('',#1188,.T.);
#1188 = EDGE_LOOP('',(#1189));
#1189 = ORIENTED_EDGE('',*,*,#1190,.T.);
#1190 = EDGE_CURVE('',#1191,#1191,#1193,.T.);
#1191 = VERTEX_POINT('',#1192);
#1192 = CARTESIAN_POINT('',(131.,-99.75,1.51));
#1193 = CIRCLE('',#1194,0.5);
#1194 = AXIS2_PLACEMENT_3D('',#1195,#1196,#1197);
#1195 = CARTESIAN_POINT('',(131.,-99.25,1.51));
#1196 = DIRECTION('',(-0.,0.,-1.));
#1197 = DIRECTION('',(-0.,-1.,0.));
#1198 = FACE_BOUND('',#1199,.T.);
#1199 = EDGE_LOOP('',(#1200));
#1200 = ORIENTED_EDGE('',*,*,#1201,.T.);
#1201 = EDGE_CURVE('',#1202,#1202,#1204,.T.);
#1202 = VERTEX_POINT('',#1203);
#1203 = CARTESIAN_POINT('',(159.5,-106.59,1.51));
#1204 = CIRCLE('',#1205,0.5);
#1205 = AXIS2_PLACEMENT_3D('',#1206,#1207,#1208);
#1206 = CARTESIAN_POINT('',(159.5,-106.09,1.51));
#1207 = DIRECTION('',(-0.,0.,-1.));
#1208 = DIRECTION('',(-0.,-1.,0.));
#1209 = FACE_BOUND('',#1210,.T.);
#1210 = EDGE_LOOP('',(#1211));
#1211 = ORIENTED_EDGE('',*,*,#1212,.T.);
#1212 = EDGE_CURVE('',#1213,#1213,#1215,.T.);
#1213 = VERTEX_POINT('',#1214);
#1214 = CARTESIAN_POINT('',(164.18,-108.,1.51));
#1215 = CIRCLE('',#1216,0.5);
#1216 = AXIS2_PLACEMENT_3D('',#1217,#1218,#1219);
#1217 = CARTESIAN_POINT('',(164.18,-107.5,1.51));
#1218 = DIRECTION('',(-0.,0.,-1.));
#1219 = DIRECTION('',(-0.,-1.,0.));
#1220 = FACE_BOUND('',#1221,.T.);
#1221 = EDGE_LOOP('',(#1222));
#1222 = ORIENTED_EDGE('',*,*,#1223,.T.);
#1223 = EDGE_CURVE('',#1224,#1224,#1226,.T.);
#1224 = VERTEX_POINT('',#1225);
#1225 = CARTESIAN_POINT('',(166.72,-108.,1.51));
#1226 = CIRCLE('',#1227,0.5);
#1227 = AXIS2_PLACEMENT_3D('',#1228,#1229,#1230);
#1228 = CARTESIAN_POINT('',(166.72,-107.5,1.51));
#1229 = DIRECTION('',(-0.,0.,-1.));
#1230 = DIRECTION('',(-0.,-1.,0.));
#1231 = FACE_BOUND('',#1232,.T.);
#1232 = EDGE_LOOP('',(#1233));
#1233 = ORIENTED_EDGE('',*,*,#1234,.T.);
#1234 = EDGE_CURVE('',#1235,#1235,#1237,.T.);
#1235 = VERTEX_POINT('',#1236);
#1236 = CARTESIAN_POINT('',(159.5,-104.05,1.51));
#1237 = CIRCLE('',#1238,0.5);
#1238 = AXIS2_PLACEMENT_3D('',#1239,#1240,#1241);
#1239 = CARTESIAN_POINT('',(159.5,-103.55,1.51));
#1240 = DIRECTION('',(-0.,0.,-1.));
#1241 = DIRECTION('',(-0.,-1.,0.));
#1242 = FACE_BOUND('',#1243,.T.);
#1243 = EDGE_LOOP('',(#1244));
#1244 = ORIENTED_EDGE('',*,*,#1245,.T.);
#1245 = EDGE_CURVE('',#1246,#1246,#1248,.T.);
#1246 = VERTEX_POINT('',#1247);
#1247 = CARTESIAN_POINT('',(164.18,-105.46,1.51));
#1248 = CIRCLE('',#1249,0.5);
#1249 = AXIS2_PLACEMENT_3D('',#1250,#1251,#1252);
#1250 = CARTESIAN_POINT('',(164.18,-104.96,1.51));
#1251 = DIRECTION('',(-0.,0.,-1.));
#1252 = DIRECTION('',(-0.,-1.,0.));
#1253 = FACE_BOUND('',#1254,.T.);
#1254 = EDGE_LOOP('',(#1255));
#1255 = ORIENTED_EDGE('',*,*,#1256,.T.);
#1256 = EDGE_CURVE('',#1257,#1257,#1259,.T.);
#1257 = VERTEX_POINT('',#1258);
#1258 = CARTESIAN_POINT('',(166.72,-105.46,1.51));
#1259 = CIRCLE('',#1260,0.5);
#1260 = AXIS2_PLACEMENT_3D('',#1261,#1262,#1263);
#1261 = CARTESIAN_POINT('',(166.72,-104.96,1.51));
#1262 = DIRECTION('',(-0.,0.,-1.));
#1263 = DIRECTION('',(-0.,-1.,0.));
#1264 = FACE_BOUND('',#1265,.T.);
#1265 = EDGE_LOOP('',(#1266));
#1266 = ORIENTED_EDGE('',*,*,#1267,.T.);
#1267 = EDGE_CURVE('',#1268,#1268,#1270,.T.);
#1268 = VERTEX_POINT('',#1269);
#1269 = CARTESIAN_POINT('',(164.18,-102.92,1.51));
#1270 = CIRCLE('',#1271,0.5);
#1271 = AXIS2_PLACEMENT_3D('',#1272,#1273,#1274);
#1272 = CARTESIAN_POINT('',(164.18,-102.42,1.51));
#1273 = DIRECTION('',(-0.,0.,-1.));
#1274 = DIRECTION('',(-0.,-1.,0.));
#1275 = FACE_BOUND('',#1276,.T.);
#1276 = EDGE_LOOP('',(#1277));
#1277 = ORIENTED_EDGE('',*,*,#1278,.T.);
#1278 = EDGE_CURVE('',#1279,#1279,#1281,.T.);
#1279 = VERTEX_POINT('',#1280);
#1280 = CARTESIAN_POINT('',(166.72,-102.92,1.51));
#1281 = CIRCLE('',#1282,0.5);
#1282 = AXIS2_PLACEMENT_3D('',#1283,#1284,#1285);
#1283 = CARTESIAN_POINT('',(166.72,-102.42,1.51));
#1284 = DIRECTION('',(-0.,0.,-1.));
#1285 = DIRECTION('',(-0.,-1.,0.));
#1286 = FACE_BOUND('',#1287,.T.);
#1287 = EDGE_LOOP('',(#1288));
#1288 = ORIENTED_EDGE('',*,*,#1289,.T.);
#1289 = EDGE_CURVE('',#1290,#1290,#1292,.T.);
#1290 = VERTEX_POINT('',#1291);
#1291 = CARTESIAN_POINT('',(164.18,-100.38,1.51));
#1292 = CIRCLE('',#1293,0.5);
#1293 = AXIS2_PLACEMENT_3D('',#1294,#1295,#1296);
#1294 = CARTESIAN_POINT('',(164.18,-99.88,1.51));
#1295 = DIRECTION('',(-0.,0.,-1.));
#1296 = DIRECTION('',(-0.,-1.,0.));
#1297 = FACE_BOUND('',#1298,.T.);
#1298 = EDGE_LOOP('',(#1299));
#1299 = ORIENTED_EDGE('',*,*,#1300,.T.);
#1300 = EDGE_CURVE('',#1301,#1301,#1303,.T.);
#1301 = VERTEX_POINT('',#1302);
#1302 = CARTESIAN_POINT('',(166.72,-100.38,1.51));
#1303 = CIRCLE('',#1304,0.5);
#1304 = AXIS2_PLACEMENT_3D('',#1305,#1306,#1307);
#1305 = CARTESIAN_POINT('',(166.72,-99.88,1.51));
#1306 = DIRECTION('',(-0.,0.,-1.));
#1307 = DIRECTION('',(-0.,-1.,0.));
#1308 = FACE_BOUND('',#1309,.T.);
#1309 = EDGE_LOOP('',(#1310));
#1310 = ORIENTED_EDGE('',*,*,#1311,.T.);
#1311 = EDGE_CURVE('',#1312,#1312,#1314,.T.);
#1312 = VERTEX_POINT('',#1313);
#1313 = CARTESIAN_POINT('',(228.743947,-108.80309,1.51));
#1314 = CIRCLE('',#1315,0.5);
#1315 = AXIS2_PLACEMENT_3D('',#1316,#1317,#1318);
#1316 = CARTESIAN_POINT('',(228.743947,-108.30309,1.51));
#1317 = DIRECTION('',(-0.,0.,-1.));
#1318 = DIRECTION('',(-0.,-1.,0.));
#1319 = FACE_BOUND('',#1320,.T.);
#1320 = EDGE_LOOP('',(#1321));
#1321 = ORIENTED_EDGE('',*,*,#1322,.T.);
#1322 = EDGE_CURVE('',#1323,#1323,#1325,.T.);
#1323 = VERTEX_POINT('',#1324);
#1324 = CARTESIAN_POINT('',(184.5,-108.,1.51));
#1325 = CIRCLE('',#1326,0.5);
#1326 = AXIS2_PLACEMENT_3D('',#1327,#1328,#1329);
#1327 = CARTESIAN_POINT('',(184.5,-107.5,1.51));
#1328 = DIRECTION('',(-0.,0.,-1.));
#1329 = DIRECTION('',(-0.,-1.,0.));
#1330 = FACE_BOUND('',#1331,.T.);
#1331 = EDGE_LOOP('',(#1332));
#1332 = ORIENTED_EDGE('',*,*,#1333,.T.);
#1333 = EDGE_CURVE('',#1334,#1334,#1336,.T.);
#1334 = VERTEX_POINT('',#1335);
#1335 = CARTESIAN_POINT('',(187.04,-108.,1.51));
#1336 = CIRCLE('',#1337,0.5);
#1337 = AXIS2_PLACEMENT_3D('',#1338,#1339,#1340);
#1338 = CARTESIAN_POINT('',(187.04,-107.5,1.51));
#1339 = DIRECTION('',(-0.,0.,-1.));
#1340 = DIRECTION('',(-0.,-1.,0.));
#1341 = FACE_BOUND('',#1342,.T.);
#1342 = EDGE_LOOP('',(#1343));
#1343 = ORIENTED_EDGE('',*,*,#1344,.T.);
#1344 = EDGE_CURVE('',#1345,#1345,#1347,.T.);
#1345 = VERTEX_POINT('',#1346);
#1346 = CARTESIAN_POINT('',(191.958267,-107.33,1.51));
#1347 = CIRCLE('',#1348,0.5);
#1348 = AXIS2_PLACEMENT_3D('',#1349,#1350,#1351);
#1349 = CARTESIAN_POINT('',(191.958267,-106.83,1.51));
#1350 = DIRECTION('',(-0.,0.,-1.));
#1351 = DIRECTION('',(-0.,-1.,0.));
#1352 = FACE_BOUND('',#1353,.T.);
#1353 = EDGE_LOOP('',(#1354));
#1354 = ORIENTED_EDGE('',*,*,#1355,.T.);
#1355 = EDGE_CURVE('',#1356,#1356,#1358,.T.);
#1356 = VERTEX_POINT('',#1357);
#1357 = CARTESIAN_POINT('',(184.5,-105.46,1.51));
#1358 = CIRCLE('',#1359,0.5);
#1359 = AXIS2_PLACEMENT_3D('',#1360,#1361,#1362);
#1360 = CARTESIAN_POINT('',(184.5,-104.96,1.51));
#1361 = DIRECTION('',(-0.,0.,-1.));
#1362 = DIRECTION('',(-0.,-1.,0.));
#1363 = FACE_BOUND('',#1364,.T.);
#1364 = EDGE_LOOP('',(#1365));
#1365 = ORIENTED_EDGE('',*,*,#1366,.T.);
#1366 = EDGE_CURVE('',#1367,#1367,#1369,.T.);
#1367 = VERTEX_POINT('',#1368);
#1368 = CARTESIAN_POINT('',(187.04,-105.46,1.51));
#1369 = CIRCLE('',#1370,0.5);
#1370 = AXIS2_PLACEMENT_3D('',#1371,#1372,#1373);
#1371 = CARTESIAN_POINT('',(187.04,-104.96,1.51));
#1372 = DIRECTION('',(-0.,0.,-1.));
#1373 = DIRECTION('',(-0.,-1.,0.));
#1374 = FACE_BOUND('',#1375,.T.);
#1375 = EDGE_LOOP('',(#1376));
#1376 = ORIENTED_EDGE('',*,*,#1377,.T.);
#1377 = EDGE_CURVE('',#1378,#1378,#1380,.T.);
#1378 = VERTEX_POINT('',#1379);
#1379 = CARTESIAN_POINT('',(191.958267,-104.79,1.51));
#1380 = CIRCLE('',#1381,0.5);
#1381 = AXIS2_PLACEMENT_3D('',#1382,#1383,#1384);
#1382 = CARTESIAN_POINT('',(191.958267,-104.29,1.51));
#1383 = DIRECTION('',(-0.,0.,-1.));
#1384 = DIRECTION('',(-0.,-1.,0.));
#1385 = FACE_BOUND('',#1386,.T.);
#1386 = EDGE_LOOP('',(#1387));
#1387 = ORIENTED_EDGE('',*,*,#1388,.T.);
#1388 = EDGE_CURVE('',#1389,#1389,#1391,.T.);
#1389 = VERTEX_POINT('',#1390);
#1390 = CARTESIAN_POINT('',(184.5,-102.92,1.51));
#1391 = CIRCLE('',#1392,0.5);
#1392 = AXIS2_PLACEMENT_3D('',#1393,#1394,#1395);
#1393 = CARTESIAN_POINT('',(184.5,-102.42,1.51));
#1394 = DIRECTION('',(-0.,0.,-1.));
#1395 = DIRECTION('',(-0.,-1.,0.));
#1396 = FACE_BOUND('',#1397,.T.);
#1397 = EDGE_LOOP('',(#1398));
#1398 = ORIENTED_EDGE('',*,*,#1399,.T.);
#1399 = EDGE_CURVE('',#1400,#1400,#1402,.T.);
#1400 = VERTEX_POINT('',#1401);
#1401 = CARTESIAN_POINT('',(187.04,-102.92,1.51));
#1402 = CIRCLE('',#1403,0.5);
#1403 = AXIS2_PLACEMENT_3D('',#1404,#1405,#1406);
#1404 = CARTESIAN_POINT('',(187.04,-102.42,1.51));
#1405 = DIRECTION('',(-0.,0.,-1.));
#1406 = DIRECTION('',(-0.,-1.,0.));
#1407 = FACE_BOUND('',#1408,.T.);
#1408 = EDGE_LOOP('',(#1409));
#1409 = ORIENTED_EDGE('',*,*,#1410,.T.);
#1410 = EDGE_CURVE('',#1411,#1411,#1413,.T.);
#1411 = VERTEX_POINT('',#1412);
#1412 = CARTESIAN_POINT('',(191.958267,-102.25,1.51));
#1413 = CIRCLE('',#1414,0.5);
#1414 = AXIS2_PLACEMENT_3D('',#1415,#1416,#1417);
#1415 = CARTESIAN_POINT('',(191.958267,-101.75,1.51));
#1416 = DIRECTION('',(-0.,0.,-1.));
#1417 = DIRECTION('',(-0.,-1.,0.));
#1418 = FACE_BOUND('',#1419,.T.);
#1419 = EDGE_LOOP('',(#1420));
#1420 = ORIENTED_EDGE('',*,*,#1421,.T.);
#1421 = EDGE_CURVE('',#1422,#1422,#1424,.T.);
#1422 = VERTEX_POINT('',#1423);
#1423 = CARTESIAN_POINT('',(184.5,-100.38,1.51));
#1424 = CIRCLE('',#1425,0.5);
#1425 = AXIS2_PLACEMENT_3D('',#1426,#1427,#1428);
#1426 = CARTESIAN_POINT('',(184.5,-99.88,1.51));
#1427 = DIRECTION('',(-0.,0.,-1.));
#1428 = DIRECTION('',(-0.,-1.,0.));
#1429 = FACE_BOUND('',#1430,.T.);
#1430 = EDGE_LOOP('',(#1431));
#1431 = ORIENTED_EDGE('',*,*,#1432,.T.);
#1432 = EDGE_CURVE('',#1433,#1433,#1435,.T.);
#1433 = VERTEX_POINT('',#1434);
#1434 = CARTESIAN_POINT('',(187.04,-100.38,1.51));
#1435 = CIRCLE('',#1436,0.5);
#1436 = AXIS2_PLACEMENT_3D('',#1437,#1438,#1439);
#1437 = CARTESIAN_POINT('',(187.04,-99.88,1.51));
#1438 = DIRECTION('',(-0.,0.,-1.));
#1439 = DIRECTION('',(-0.,-1.,0.));
#1440 = FACE_BOUND('',#1441,.T.);
#1441 = EDGE_LOOP('',(#1442));
#1442 = ORIENTED_EDGE('',*,*,#1443,.T.);
#1443 = EDGE_CURVE('',#1444,#1444,#1446,.T.);
#1444 = VERTEX_POINT('',#1445);
#1445 = CARTESIAN_POINT('',(191.958267,-99.71,1.51));
#1446 = CIRCLE('',#1447,0.5);
#1447 = AXIS2_PLACEMENT_3D('',#1448,#1449,#1450);
#1448 = CARTESIAN_POINT('',(191.958267,-99.21,1.51));
#1449 = DIRECTION('',(-0.,0.,-1.));
#1450 = DIRECTION('',(-0.,-1.,0.));
#1451 = FACE_BOUND('',#1452,.T.);
#1452 = EDGE_LOOP('',(#1453));
#1453 = ORIENTED_EDGE('',*,*,#1454,.T.);
#1454 = EDGE_CURVE('',#1455,#1455,#1457,.T.);
#1455 = VERTEX_POINT('',#1456);
#1456 = CARTESIAN_POINT('',(228.743947,-106.26309,1.51));
#1457 = CIRCLE('',#1458,0.5);
#1458 = AXIS2_PLACEMENT_3D('',#1459,#1460,#1461);
#1459 = CARTESIAN_POINT('',(228.743947,-105.76309,1.51));
#1460 = DIRECTION('',(-0.,0.,-1.));
#1461 = DIRECTION('',(-0.,-1.,0.));
#1462 = FACE_BOUND('',#1463,.T.);
#1463 = EDGE_LOOP('',(#1464));
#1464 = ORIENTED_EDGE('',*,*,#1465,.T.);
#1465 = EDGE_CURVE('',#1466,#1466,#1468,.T.);
#1466 = VERTEX_POINT('',#1467);
#1467 = CARTESIAN_POINT('',(228.743947,-103.72309,1.51));
#1468 = CIRCLE('',#1469,0.5);
#1469 = AXIS2_PLACEMENT_3D('',#1470,#1471,#1472);
#1470 = CARTESIAN_POINT('',(228.743947,-103.22309,1.51));
#1471 = DIRECTION('',(-0.,0.,-1.));
#1472 = DIRECTION('',(-0.,-1.,0.));
#1473 = FACE_BOUND('',#1474,.T.);
#1474 = EDGE_LOOP('',(#1475));
#1475 = ORIENTED_EDGE('',*,*,#1476,.T.);
#1476 = EDGE_CURVE('',#1477,#1477,#1479,.T.);
#1477 = VERTEX_POINT('',#1478);
#1478 = CARTESIAN_POINT('',(228.743947,-101.18309,1.51));
#1479 = CIRCLE('',#1480,0.5);
#1480 = AXIS2_PLACEMENT_3D('',#1481,#1482,#1483);
#1481 = CARTESIAN_POINT('',(228.743947,-100.68309,1.51));
#1482 = DIRECTION('',(-0.,0.,-1.));
#1483 = DIRECTION('',(-0.,-1.,0.));
#1484 = FACE_BOUND('',#1485,.T.);
#1485 = EDGE_LOOP('',(#1486));
#1486 = ORIENTED_EDGE('',*,*,#1487,.T.);
#1487 = EDGE_CURVE('',#1488,#1488,#1490,.T.);
#1488 = VERTEX_POINT('',#1489);
#1489 = CARTESIAN_POINT('',(131.,-97.21,1.51));
#1490 = CIRCLE('',#1491,0.5);
#1491 = AXIS2_PLACEMENT_3D('',#1492,#1493,#1494);
#1492 = CARTESIAN_POINT('',(131.,-96.71,1.51));
#1493 = DIRECTION('',(-0.,0.,-1.));
#1494 = DIRECTION('',(-0.,-1.,0.));
#1495 = FACE_BOUND('',#1496,.T.);
#1496 = EDGE_LOOP('',(#1497));
#1497 = ORIENTED_EDGE('',*,*,#1498,.T.);
#1498 = EDGE_CURVE('',#1499,#1499,#1501,.T.);
#1499 = VERTEX_POINT('',#1500);
#1500 = CARTESIAN_POINT('',(137.01,-93.6,1.51));
#1501 = CIRCLE('',#1502,0.35);
#1502 = AXIS2_PLACEMENT_3D('',#1503,#1504,#1505);
#1503 = CARTESIAN_POINT('',(137.01,-93.25,1.51));
#1504 = DIRECTION('',(-0.,0.,-1.));
#1505 = DIRECTION('',(-0.,-1.,0.));
#1506 = FACE_BOUND('',#1507,.T.);
#1507 = EDGE_LOOP('',(#1508));
#1508 = ORIENTED_EDGE('',*,*,#1509,.T.);
#1509 = EDGE_CURVE('',#1510,#1510,#1512,.T.);
#1510 = VERTEX_POINT('',#1511);
#1511 = CARTESIAN_POINT('',(138.,-97.9,1.51));
#1512 = CIRCLE('',#1513,0.4);
#1513 = AXIS2_PLACEMENT_3D('',#1514,#1515,#1516);
#1514 = CARTESIAN_POINT('',(138.,-97.5,1.51));
#1515 = DIRECTION('',(-0.,0.,-1.));
#1516 = DIRECTION('',(-0.,-1.,0.));
#1517 = FACE_BOUND('',#1518,.T.);
#1518 = EDGE_LOOP('',(#1519));
#1519 = ORIENTED_EDGE('',*,*,#1520,.T.);
#1520 = EDGE_CURVE('',#1521,#1521,#1523,.T.);
#1521 = VERTEX_POINT('',#1522);
#1522 = CARTESIAN_POINT('',(140.5,-97.9,1.51));
#1523 = CIRCLE('',#1524,0.4);
#1524 = AXIS2_PLACEMENT_3D('',#1525,#1526,#1527);
#1525 = CARTESIAN_POINT('',(140.5,-97.5,1.51));
#1526 = DIRECTION('',(-0.,0.,-1.));
#1527 = DIRECTION('',(-0.,-1.,0.));
#1528 = FACE_BOUND('',#1529,.T.);
#1529 = EDGE_LOOP('',(#1530));
#1530 = ORIENTED_EDGE('',*,*,#1531,.T.);
#1531 = EDGE_CURVE('',#1532,#1532,#1534,.T.);
#1532 = VERTEX_POINT('',#1533);
#1533 = CARTESIAN_POINT('',(147.45,-98.35,1.51));
#1534 = CIRCLE('',#1535,0.35);
#1535 = AXIS2_PLACEMENT_3D('',#1536,#1537,#1538);
#1536 = CARTESIAN_POINT('',(147.45,-98.,1.51));
#1537 = DIRECTION('',(-0.,0.,-1.));
#1538 = DIRECTION('',(-0.,-1.,0.));
#1539 = FACE_BOUND('',#1540,.T.);
#1540 = EDGE_LOOP('',(#1541));
#1541 = ORIENTED_EDGE('',*,*,#1542,.T.);
#1542 = EDGE_CURVE('',#1543,#1543,#1545,.T.);
#1543 = VERTEX_POINT('',#1544);
#1544 = CARTESIAN_POINT('',(152.53,-98.35,1.51));
#1545 = CIRCLE('',#1546,0.35);
#1546 = AXIS2_PLACEMENT_3D('',#1547,#1548,#1549);
#1547 = CARTESIAN_POINT('',(152.53,-98.,1.51));
#1548 = DIRECTION('',(-0.,0.,-1.));
#1549 = DIRECTION('',(-0.,-1.,0.));
#1550 = FACE_BOUND('',#1551,.T.);
#1551 = EDGE_LOOP('',(#1552));
#1552 = ORIENTED_EDGE('',*,*,#1553,.T.);
#1553 = EDGE_CURVE('',#1554,#1554,#1556,.T.);
#1554 = VERTEX_POINT('',#1555);
#1555 = CARTESIAN_POINT('',(157.29,-98.15,1.51));
#1556 = CIRCLE('',#1557,0.4);
#1557 = AXIS2_PLACEMENT_3D('',#1558,#1559,#1560);
#1558 = CARTESIAN_POINT('',(157.29,-97.75,1.51));
#1559 = DIRECTION('',(-0.,0.,-1.));
#1560 = DIRECTION('',(-0.,-1.,0.));
#1561 = FACE_BOUND('',#1562,.T.);
#1562 = EDGE_LOOP('',(#1563));
#1563 = ORIENTED_EDGE('',*,*,#1564,.T.);
#1564 = EDGE_CURVE('',#1565,#1565,#1567,.T.);
#1565 = VERTEX_POINT('',#1566);
#1566 = CARTESIAN_POINT('',(159.79,-98.15,1.51));
#1567 = CIRCLE('',#1568,0.4);
#1568 = AXIS2_PLACEMENT_3D('',#1569,#1570,#1571);
#1569 = CARTESIAN_POINT('',(159.79,-97.75,1.51));
#1570 = DIRECTION('',(-0.,0.,-1.));
#1571 = DIRECTION('',(-0.,-1.,0.));
#1572 = FACE_BOUND('',#1573,.T.);
#1573 = EDGE_LOOP('',(#1574));
#1574 = ORIENTED_EDGE('',*,*,#1575,.T.);
#1575 = EDGE_CURVE('',#1576,#1576,#1578,.T.);
#1576 = VERTEX_POINT('',#1577);
#1577 = CARTESIAN_POINT('',(164.18,-97.84,1.51));
#1578 = CIRCLE('',#1579,0.5);
#1579 = AXIS2_PLACEMENT_3D('',#1580,#1581,#1582);
#1580 = CARTESIAN_POINT('',(164.18,-97.34,1.51));
#1581 = DIRECTION('',(-0.,0.,-1.));
#1582 = DIRECTION('',(-0.,-1.,0.));
#1583 = FACE_BOUND('',#1584,.T.);
#1584 = EDGE_LOOP('',(#1585));
#1585 = ORIENTED_EDGE('',*,*,#1586,.T.);
#1586 = EDGE_CURVE('',#1587,#1587,#1589,.T.);
#1587 = VERTEX_POINT('',#1588);
#1588 = CARTESIAN_POINT('',(166.72,-97.84,1.51));
#1589 = CIRCLE('',#1590,0.5);
#1590 = AXIS2_PLACEMENT_3D('',#1591,#1592,#1593);
#1591 = CARTESIAN_POINT('',(166.72,-97.34,1.51));
#1592 = DIRECTION('',(-0.,0.,-1.));
#1593 = DIRECTION('',(-0.,-1.,0.));
#1594 = FACE_BOUND('',#1595,.T.);
#1595 = EDGE_LOOP('',(#1596));
#1596 = ORIENTED_EDGE('',*,*,#1597,.T.);
#1597 = EDGE_CURVE('',#1598,#1598,#1600,.T.);
#1598 = VERTEX_POINT('',#1599);
#1599 = CARTESIAN_POINT('',(164.18,-95.3,1.51));
#1600 = CIRCLE('',#1601,0.5);
#1601 = AXIS2_PLACEMENT_3D('',#1602,#1603,#1604);
#1602 = CARTESIAN_POINT('',(164.18,-94.8,1.51));
#1603 = DIRECTION('',(-0.,0.,-1.));
#1604 = DIRECTION('',(-0.,-1.,0.));
#1605 = FACE_BOUND('',#1606,.T.);
#1606 = EDGE_LOOP('',(#1607));
#1607 = ORIENTED_EDGE('',*,*,#1608,.T.);
#1608 = EDGE_CURVE('',#1609,#1609,#1611,.T.);
#1609 = VERTEX_POINT('',#1610);
#1610 = CARTESIAN_POINT('',(166.72,-95.3,1.51));
#1611 = CIRCLE('',#1612,0.5);
#1612 = AXIS2_PLACEMENT_3D('',#1613,#1614,#1615);
#1613 = CARTESIAN_POINT('',(166.72,-94.8,1.51));
#1614 = DIRECTION('',(-0.,0.,-1.));
#1615 = DIRECTION('',(-0.,-1.,0.));
#1616 = FACE_BOUND('',#1617,.T.);
#1617 = EDGE_LOOP('',(#1618));
#1618 = ORIENTED_EDGE('',*,*,#1619,.T.);
#1619 = EDGE_CURVE('',#1620,#1620,#1622,.T.);
#1620 = VERTEX_POINT('',#1621);
#1621 = CARTESIAN_POINT('',(142.09,-93.6,1.51));
#1622 = CIRCLE('',#1623,0.35);
#1623 = AXIS2_PLACEMENT_3D('',#1624,#1625,#1626);
#1624 = CARTESIAN_POINT('',(142.09,-93.25,1.51));
#1625 = DIRECTION('',(-0.,0.,-1.));
#1626 = DIRECTION('',(-0.,-1.,0.));
#1627 = FACE_BOUND('',#1628,.T.);
#1628 = EDGE_LOOP('',(#1629));
#1629 = ORIENTED_EDGE('',*,*,#1630,.T.);
#1630 = EDGE_CURVE('',#1631,#1631,#1633,.T.);
#1631 = VERTEX_POINT('',#1632);
#1632 = CARTESIAN_POINT('',(147.21,-92.8,1.51));
#1633 = CIRCLE('',#1634,0.55);
#1634 = AXIS2_PLACEMENT_3D('',#1635,#1636,#1637);
#1635 = CARTESIAN_POINT('',(147.21,-92.25,1.51));
#1636 = DIRECTION('',(-0.,0.,-1.));
#1637 = DIRECTION('',(5.167583532801E-14,-1.,-0.));
#1638 = FACE_BOUND('',#1639,.T.);
#1639 = EDGE_LOOP('',(#1640));
#1640 = ORIENTED_EDGE('',*,*,#1641,.T.);
#1641 = EDGE_CURVE('',#1642,#1642,#1644,.T.);
#1642 = VERTEX_POINT('',#1643);
#1643 = CARTESIAN_POINT('',(149.75,-92.8,1.51));
#1644 = CIRCLE('',#1645,0.55);
#1645 = AXIS2_PLACEMENT_3D('',#1646,#1647,#1648);
#1646 = CARTESIAN_POINT('',(149.75,-92.25,1.51));
#1647 = DIRECTION('',(-0.,0.,-1.));
#1648 = DIRECTION('',(-0.,-1.,0.));
#1649 = FACE_BOUND('',#1650,.T.);
#1650 = EDGE_LOOP('',(#1651));
#1651 = ORIENTED_EDGE('',*,*,#1652,.T.);
#1652 = EDGE_CURVE('',#1653,#1653,#1655,.T.);
#1653 = VERTEX_POINT('',#1654);
#1654 = CARTESIAN_POINT('',(152.29,-92.8,1.51));
#1655 = CIRCLE('',#1656,0.55);
#1656 = AXIS2_PLACEMENT_3D('',#1657,#1658,#1659);
#1657 = CARTESIAN_POINT('',(152.29,-92.25,1.51));
#1658 = DIRECTION('',(-0.,0.,-1.));
#1659 = DIRECTION('',(-5.167583532801E-14,-1.,0.));
#1660 = FACE_BOUND('',#1661,.T.);
#1661 = EDGE_LOOP('',(#1662));
#1662 = ORIENTED_EDGE('',*,*,#1663,.T.);
#1663 = EDGE_CURVE('',#1664,#1664,#1666,.T.);
#1664 = VERTEX_POINT('',#1665);
#1665 = CARTESIAN_POINT('',(164.18,-92.76,1.51));
#1666 = CIRCLE('',#1667,0.5);
#1667 = AXIS2_PLACEMENT_3D('',#1668,#1669,#1670);
#1668 = CARTESIAN_POINT('',(164.18,-92.26,1.51));
#1669 = DIRECTION('',(-0.,0.,-1.));
#1670 = DIRECTION('',(-0.,-1.,0.));
#1671 = FACE_BOUND('',#1672,.T.);
#1672 = EDGE_LOOP('',(#1673));
#1673 = ORIENTED_EDGE('',*,*,#1674,.T.);
#1674 = EDGE_CURVE('',#1675,#1675,#1677,.T.);
#1675 = VERTEX_POINT('',#1676);
#1676 = CARTESIAN_POINT('',(166.72,-92.76,1.51));
#1677 = CIRCLE('',#1678,0.5);
#1678 = AXIS2_PLACEMENT_3D('',#1679,#1680,#1681);
#1679 = CARTESIAN_POINT('',(166.72,-92.26,1.51));
#1680 = DIRECTION('',(-0.,0.,-1.));
#1681 = DIRECTION('',(-0.,-1.,0.));
#1682 = FACE_BOUND('',#1683,.T.);
#1683 = EDGE_LOOP('',(#1684));
#1684 = ORIENTED_EDGE('',*,*,#1685,.T.);
#1685 = EDGE_CURVE('',#1686,#1686,#1688,.T.);
#1686 = VERTEX_POINT('',#1687);
#1687 = CARTESIAN_POINT('',(157.27,-91.985,1.51));
#1688 = CIRCLE('',#1689,0.375);
#1689 = AXIS2_PLACEMENT_3D('',#1690,#1691,#1692);
#1690 = CARTESIAN_POINT('',(157.27,-91.61,1.51));
#1691 = DIRECTION('',(-0.,0.,-1.));
#1692 = DIRECTION('',(-0.,-1.,0.));
#1693 = FACE_BOUND('',#1694,.T.);
#1694 = EDGE_LOOP('',(#1695));
#1695 = ORIENTED_EDGE('',*,*,#1696,.T.);
#1696 = EDGE_CURVE('',#1697,#1697,#1699,.T.);
#1697 = VERTEX_POINT('',#1698);
#1698 = CARTESIAN_POINT('',(159.81,-91.985,1.51));
#1699 = CIRCLE('',#1700,0.375);
#1700 = AXIS2_PLACEMENT_3D('',#1701,#1702,#1703);
#1701 = CARTESIAN_POINT('',(159.81,-91.61,1.51));
#1702 = DIRECTION('',(-0.,0.,-1.));
#1703 = DIRECTION('',(-0.,-1.,0.));
#1704 = FACE_BOUND('',#1705,.T.);
#1705 = EDGE_LOOP('',(#1706));
#1706 = ORIENTED_EDGE('',*,*,#1707,.T.);
#1707 = EDGE_CURVE('',#1708,#1708,#1710,.T.);
#1708 = VERTEX_POINT('',#1709);
#1709 = CARTESIAN_POINT('',(158.54,-90.715,1.51));
#1710 = CIRCLE('',#1711,0.375);
#1711 = AXIS2_PLACEMENT_3D('',#1712,#1713,#1714);
#1712 = CARTESIAN_POINT('',(158.54,-90.34,1.51));
#1713 = DIRECTION('',(-0.,0.,-1.));
#1714 = DIRECTION('',(-0.,-1.,0.));
#1715 = FACE_BOUND('',#1716,.T.);
#1716 = EDGE_LOOP('',(#1717));
#1717 = ORIENTED_EDGE('',*,*,#1718,.T.);
#1718 = EDGE_CURVE('',#1719,#1719,#1721,.T.);
#1719 = VERTEX_POINT('',#1720);
#1720 = CARTESIAN_POINT('',(164.18,-90.22,1.51));
#1721 = CIRCLE('',#1722,0.5);
#1722 = AXIS2_PLACEMENT_3D('',#1723,#1724,#1725);
#1723 = CARTESIAN_POINT('',(164.18,-89.72,1.51));
#1724 = DIRECTION('',(-0.,0.,-1.));
#1725 = DIRECTION('',(-0.,-1.,0.));
#1726 = FACE_BOUND('',#1727,.T.);
#1727 = EDGE_LOOP('',(#1728));
#1728 = ORIENTED_EDGE('',*,*,#1729,.T.);
#1729 = EDGE_CURVE('',#1730,#1730,#1732,.T.);
#1730 = VERTEX_POINT('',#1731);
#1731 = CARTESIAN_POINT('',(166.72,-90.22,1.51));
#1732 = CIRCLE('',#1733,0.5);
#1733 = AXIS2_PLACEMENT_3D('',#1734,#1735,#1736);
#1734 = CARTESIAN_POINT('',(166.72,-89.72,1.51));
#1735 = DIRECTION('',(-0.,0.,-1.));
#1736 = DIRECTION('',(-0.,-1.,0.));
#1737 = FACE_BOUND('',#1738,.T.);
#1738 = EDGE_LOOP('',(#1739));
#1739 = ORIENTED_EDGE('',*,*,#1740,.T.);
#1740 = EDGE_CURVE('',#1741,#1741,#1743,.T.);
#1741 = VERTEX_POINT('',#1742);
#1742 = CARTESIAN_POINT('',(108.,-85.75,1.51));
#1743 = CIRCLE('',#1744,0.5);
#1744 = AXIS2_PLACEMENT_3D('',#1745,#1746,#1747);
#1745 = CARTESIAN_POINT('',(108.,-85.25,1.51));
#1746 = DIRECTION('',(-0.,0.,-1.));
#1747 = DIRECTION('',(-0.,-1.,0.));
#1748 = FACE_BOUND('',#1749,.T.);
#1749 = EDGE_LOOP('',(#1750));
#1750 = ORIENTED_EDGE('',*,*,#1751,.T.);
#1751 = EDGE_CURVE('',#1752,#1752,#1754,.T.);
#1752 = VERTEX_POINT('',#1753);
#1753 = CARTESIAN_POINT('',(137.01,-89.6,1.51));
#1754 = CIRCLE('',#1755,0.35);
#1755 = AXIS2_PLACEMENT_3D('',#1756,#1757,#1758);
#1756 = CARTESIAN_POINT('',(137.01,-89.25,1.51));
#1757 = DIRECTION('',(-0.,0.,-1.));
#1758 = DIRECTION('',(-0.,-1.,0.));
#1759 = FACE_BOUND('',#1760,.T.);
#1760 = EDGE_LOOP('',(#1761));
#1761 = ORIENTED_EDGE('',*,*,#1762,.T.);
#1762 = EDGE_CURVE('',#1763,#1763,#1765,.T.);
#1763 = VERTEX_POINT('',#1764);
#1764 = CARTESIAN_POINT('',(131.,-88.29,1.51));
#1765 = CIRCLE('',#1766,0.5);
#1766 = AXIS2_PLACEMENT_3D('',#1767,#1768,#1769);
#1767 = CARTESIAN_POINT('',(131.,-87.79,1.51));
#1768 = DIRECTION('',(-0.,0.,-1.));
#1769 = DIRECTION('',(-0.,-1.,0.));
#1770 = FACE_BOUND('',#1771,.T.);
#1771 = EDGE_LOOP('',(#1772));
#1772 = ORIENTED_EDGE('',*,*,#1773,.T.);
#1773 = EDGE_CURVE('',#1774,#1774,#1776,.T.);
#1774 = VERTEX_POINT('',#1775);
#1775 = CARTESIAN_POINT('',(131.,-85.75,1.51));
#1776 = CIRCLE('',#1777,0.5);
#1777 = AXIS2_PLACEMENT_3D('',#1778,#1779,#1780);
#1778 = CARTESIAN_POINT('',(131.,-85.25,1.51));
#1779 = DIRECTION('',(-0.,0.,-1.));
#1780 = DIRECTION('',(-0.,-1.,0.));
#1781 = FACE_BOUND('',#1782,.T.);
#1782 = EDGE_LOOP('',(#1783));
#1783 = ORIENTED_EDGE('',*,*,#1784,.T.);
#1784 = EDGE_CURVE('',#1785,#1785,#1787,.T.);
#1785 = VERTEX_POINT('',#1786);
#1786 = CARTESIAN_POINT('',(120.5,-82.,1.51));
#1787 = CIRCLE('',#1788,0.5);
#1788 = AXIS2_PLACEMENT_3D('',#1789,#1790,#1791);
#1789 = CARTESIAN_POINT('',(120.5,-81.5,1.51));
#1790 = DIRECTION('',(-0.,0.,-1.));
#1791 = DIRECTION('',(-0.,-1.,0.));
#1792 = FACE_BOUND('',#1793,.T.);
#1793 = EDGE_LOOP('',(#1794));
#1794 = ORIENTED_EDGE('',*,*,#1795,.T.);
#1795 = EDGE_CURVE('',#1796,#1796,#1798,.T.);
#1796 = VERTEX_POINT('',#1797);
#1797 = CARTESIAN_POINT('',(123.04,-82.,1.51));
#1798 = CIRCLE('',#1799,0.5);
#1799 = AXIS2_PLACEMENT_3D('',#1800,#1801,#1802);
#1800 = CARTESIAN_POINT('',(123.04,-81.5,1.51));
#1801 = DIRECTION('',(-0.,0.,-1.));
#1802 = DIRECTION('',(-0.,-1.,0.));
#1803 = FACE_BOUND('',#1804,.T.);
#1804 = EDGE_LOOP('',(#1805));
#1805 = ORIENTED_EDGE('',*,*,#1806,.T.);
#1806 = EDGE_CURVE('',#1807,#1807,#1809,.T.);
#1807 = VERTEX_POINT('',#1808);
#1808 = CARTESIAN_POINT('',(142.09,-89.6,1.51));
#1809 = CIRCLE('',#1810,0.35);
#1810 = AXIS2_PLACEMENT_3D('',#1811,#1812,#1813);
#1811 = CARTESIAN_POINT('',(142.09,-89.25,1.51));
#1812 = DIRECTION('',(-0.,0.,-1.));
#1813 = DIRECTION('',(-0.,-1.,0.));
#1814 = FACE_BOUND('',#1815,.T.);
#1815 = EDGE_LOOP('',(#1816));
#1816 = ORIENTED_EDGE('',*,*,#1817,.T.);
#1817 = EDGE_CURVE('',#1818,#1818,#1820,.T.);
#1818 = VERTEX_POINT('',#1819);
#1819 = CARTESIAN_POINT('',(146.48,-85.11,1.51));
#1820 = CIRCLE('',#1821,0.45);
#1821 = AXIS2_PLACEMENT_3D('',#1822,#1823,#1824);
#1822 = CARTESIAN_POINT('',(146.48,-84.66,1.51));
#1823 = DIRECTION('',(-0.,0.,-1.));
#1824 = DIRECTION('',(-6.315935428979E-14,-1.,0.));
#1825 = FACE_BOUND('',#1826,.T.);
#1826 = EDGE_LOOP('',(#1827));
#1827 = ORIENTED_EDGE('',*,*,#1828,.T.);
#1828 = EDGE_CURVE('',#1829,#1829,#1831,.T.);
#1829 = VERTEX_POINT('',#1830);
#1830 = CARTESIAN_POINT('',(154.1,-85.11,1.51));
#1831 = CIRCLE('',#1832,0.45);
#1832 = AXIS2_PLACEMENT_3D('',#1833,#1834,#1835);
#1833 = CARTESIAN_POINT('',(154.1,-84.66,1.51));
#1834 = DIRECTION('',(-0.,0.,-1.));
#1835 = DIRECTION('',(-6.315935428979E-14,-1.,0.));
#1836 = FACE_BOUND('',#1837,.T.);
#1837 = EDGE_LOOP('',(#1838));
#1838 = ORIENTED_EDGE('',*,*,#1839,.T.);
#1839 = EDGE_CURVE('',#1840,#1840,#1842,.T.);
#1840 = VERTEX_POINT('',#1841);
#1841 = CARTESIAN_POINT('',(184.5,-97.84,1.51));
#1842 = CIRCLE('',#1843,0.5);
#1843 = AXIS2_PLACEMENT_3D('',#1844,#1845,#1846);
#1844 = CARTESIAN_POINT('',(184.5,-97.34,1.51));
#1845 = DIRECTION('',(-0.,0.,-1.));
#1846 = DIRECTION('',(-0.,-1.,0.));
#1847 = FACE_BOUND('',#1848,.T.);
#1848 = EDGE_LOOP('',(#1849));
#1849 = ORIENTED_EDGE('',*,*,#1850,.T.);
#1850 = EDGE_CURVE('',#1851,#1851,#1853,.T.);
#1851 = VERTEX_POINT('',#1852);
#1852 = CARTESIAN_POINT('',(187.04,-97.84,1.51));
#1853 = CIRCLE('',#1854,0.5);
#1854 = AXIS2_PLACEMENT_3D('',#1855,#1856,#1857);
#1855 = CARTESIAN_POINT('',(187.04,-97.34,1.51));
#1856 = DIRECTION('',(-0.,0.,-1.));
#1857 = DIRECTION('',(-0.,-1.,0.));
#1858 = FACE_BOUND('',#1859,.T.);
#1859 = EDGE_LOOP('',(#1860));
#1860 = ORIENTED_EDGE('',*,*,#1861,.T.);
#1861 = EDGE_CURVE('',#1862,#1862,#1864,.T.);
#1862 = VERTEX_POINT('',#1863);
#1863 = CARTESIAN_POINT('',(191.958267,-97.17,1.51));
#1864 = CIRCLE('',#1865,0.5);
#1865 = AXIS2_PLACEMENT_3D('',#1866,#1867,#1868);
#1866 = CARTESIAN_POINT('',(191.958267,-96.67,1.51));
#1867 = DIRECTION('',(-0.,0.,-1.));
#1868 = DIRECTION('',(-0.,-1.,0.));
#1869 = FACE_BOUND('',#1870,.T.);
#1870 = EDGE_LOOP('',(#1871));
#1871 = ORIENTED_EDGE('',*,*,#1872,.T.);
#1872 = EDGE_CURVE('',#1873,#1873,#1875,.T.);
#1873 = VERTEX_POINT('',#1874);
#1874 = CARTESIAN_POINT('',(184.5,-95.3,1.51));
#1875 = CIRCLE('',#1876,0.5);
#1876 = AXIS2_PLACEMENT_3D('',#1877,#1878,#1879);
#1877 = CARTESIAN_POINT('',(184.5,-94.8,1.51));
#1878 = DIRECTION('',(-0.,0.,-1.));
#1879 = DIRECTION('',(-0.,-1.,0.));
#1880 = FACE_BOUND('',#1881,.T.);
#1881 = EDGE_LOOP('',(#1882));
#1882 = ORIENTED_EDGE('',*,*,#1883,.T.);
#1883 = EDGE_CURVE('',#1884,#1884,#1886,.T.);
#1884 = VERTEX_POINT('',#1885);
#1885 = CARTESIAN_POINT('',(187.04,-95.3,1.51));
#1886 = CIRCLE('',#1887,0.5);
#1887 = AXIS2_PLACEMENT_3D('',#1888,#1889,#1890);
#1888 = CARTESIAN_POINT('',(187.04,-94.8,1.51));
#1889 = DIRECTION('',(-0.,0.,-1.));
#1890 = DIRECTION('',(-0.,-1.,0.));
#1891 = FACE_BOUND('',#1892,.T.);
#1892 = EDGE_LOOP('',(#1893));
#1893 = ORIENTED_EDGE('',*,*,#1894,.T.);
#1894 = EDGE_CURVE('',#1895,#1895,#1897,.T.);
#1895 = VERTEX_POINT('',#1896);
#1896 = CARTESIAN_POINT('',(184.5,-92.76,1.51));
#1897 = CIRCLE('',#1898,0.5);
#1898 = AXIS2_PLACEMENT_3D('',#1899,#1900,#1901);
#1899 = CARTESIAN_POINT('',(184.5,-92.26,1.51));
#1900 = DIRECTION('',(-0.,0.,-1.));
#1901 = DIRECTION('',(-0.,-1.,0.));
#1902 = FACE_BOUND('',#1903,.T.);
#1903 = EDGE_LOOP('',(#1904));
#1904 = ORIENTED_EDGE('',*,*,#1905,.T.);
#1905 = EDGE_CURVE('',#1906,#1906,#1908,.T.);
#1906 = VERTEX_POINT('',#1907);
#1907 = CARTESIAN_POINT('',(187.04,-92.76,1.51));
#1908 = CIRCLE('',#1909,0.5);
#1909 = AXIS2_PLACEMENT_3D('',#1910,#1911,#1912);
#1910 = CARTESIAN_POINT('',(187.04,-92.26,1.51));
#1911 = DIRECTION('',(-0.,0.,-1.));
#1912 = DIRECTION('',(-0.,-1.,0.));
#1913 = FACE_BOUND('',#1914,.T.);
#1914 = EDGE_LOOP('',(#1915));
#1915 = ORIENTED_EDGE('',*,*,#1916,.T.);
#1916 = EDGE_CURVE('',#1917,#1917,#1919,.T.);
#1917 = VERTEX_POINT('',#1918);
#1918 = CARTESIAN_POINT('',(184.5,-90.22,1.51));
#1919 = CIRCLE('',#1920,0.5);
#1920 = AXIS2_PLACEMENT_3D('',#1921,#1922,#1923);
#1921 = CARTESIAN_POINT('',(184.5,-89.72,1.51));
#1922 = DIRECTION('',(-0.,0.,-1.));
#1923 = DIRECTION('',(-0.,-1.,0.));
#1924 = FACE_BOUND('',#1925,.T.);
#1925 = EDGE_LOOP('',(#1926));
#1926 = ORIENTED_EDGE('',*,*,#1927,.T.);
#1927 = EDGE_CURVE('',#1928,#1928,#1930,.T.);
#1928 = VERTEX_POINT('',#1929);
#1929 = CARTESIAN_POINT('',(187.04,-90.22,1.51));
#1930 = CIRCLE('',#1931,0.5);
#1931 = AXIS2_PLACEMENT_3D('',#1932,#1933,#1934);
#1932 = CARTESIAN_POINT('',(187.04,-89.72,1.51));
#1933 = DIRECTION('',(-0.,0.,-1.));
#1934 = DIRECTION('',(-0.,-1.,0.));
#1935 = FACE_BOUND('',#1936,.T.);
#1936 = EDGE_LOOP('',(#1937));
#1937 = ORIENTED_EDGE('',*,*,#1938,.F.);
#1938 = EDGE_CURVE('',#1939,#1939,#1941,.T.);
#1939 = VERTEX_POINT('',#1940);
#1940 = CARTESIAN_POINT('',(219.662278,-83.25,1.51));
#1941 = CIRCLE('',#1942,3.);
#1942 = AXIS2_PLACEMENT_3D('',#1943,#1944,#1945);
#1943 = CARTESIAN_POINT('',(216.662278,-83.25,1.51));
#1944 = DIRECTION('',(0.,0.,1.));
#1945 = DIRECTION('',(1.,0.,-0.));
#1946 = PLANE('',#1947);
#1947 = AXIS2_PLACEMENT_3D('',#1948,#1949,#1950);
#1948 = CARTESIAN_POINT('',(0.,0.,1.51));
#1949 = DIRECTION('',(0.,0.,1.));
#1950 = DIRECTION('',(1.,0.,-0.));
#1951 = ADVANCED_FACE('',(#1952),#1963,.T.);
#1952 = FACE_BOUND('',#1953,.T.);
#1953 = EDGE_LOOP('',(#1954,#1960,#1961,#1962));
#1954 = ORIENTED_EDGE('',*,*,#1955,.T.);
#1955 = EDGE_CURVE('',#144,#1051,#1956,.T.);
#1956 = LINE('',#1957,#1958);
#1957 = CARTESIAN_POINT('',(107.5,-78.5,0.));
#1958 = VECTOR('',#1959,1.);
#1959 = DIRECTION('',(0.,0.,1.));
#1960 = ORIENTED_EDGE('',*,*,#1050,.T.);
#1961 = ORIENTED_EDGE('',*,*,#79,.F.);
#1962 = ORIENTED_EDGE('',*,*,#143,.F.);
#1963 = PLANE('',#1964);
#1964 = AXIS2_PLACEMENT_3D('',#1965,#1966,#1967);
#1965 = CARTESIAN_POINT('',(107.5,-78.5,0.));
#1966 = DIRECTION('',(0.,1.,0.));
#1967 = DIRECTION('',(1.,0.,0.));
#1968 = ADVANCED_FACE('',(#1969),#1980,.T.);
#1969 = FACE_BOUND('',#1970,.T.);
#1970 = EDGE_LOOP('',(#1971,#1972,#1973,#1979));
#1971 = ORIENTED_EDGE('',*,*,#119,.T.);
#1972 = ORIENTED_EDGE('',*,*,#1082,.T.);
#1973 = ORIENTED_EDGE('',*,*,#1974,.F.);
#1974 = EDGE_CURVE('',#168,#1075,#1975,.T.);
#1975 = LINE('',#1976,#1977);
#1976 = CARTESIAN_POINT('',(107.5,-120.,0.));
#1977 = VECTOR('',#1978,1.);
#1978 = DIRECTION('',(0.,0.,1.));
#1979 = ORIENTED_EDGE('',*,*,#175,.F.);
#1980 = PLANE('',#1981);
#1981 = AXIS2_PLACEMENT_3D('',#1982,#1983,#1984);
#1982 = CARTESIAN_POINT('',(228.,-120.,0.));
#1983 = DIRECTION('',(0.,-1.,0.));
#1984 = DIRECTION('',(-1.,0.,0.));
#1985 = ADVANCED_FACE('',(#1986),#1997,.T.);
#1986 = FACE_BOUND('',#1987,.T.);
#1987 = EDGE_LOOP('',(#1988,#1994,#1995,#1996));
#1988 = ORIENTED_EDGE('',*,*,#1989,.T.);
#1989 = EDGE_CURVE('',#152,#1059,#1990,.T.);
#1990 = LINE('',#1991,#1992);
#1991 = CARTESIAN_POINT('',(104.,-82.,0.));
#1992 = VECTOR('',#1993,1.);
#1993 = DIRECTION('',(0.,0.,1.));
#1994 = ORIENTED_EDGE('',*,*,#1058,.T.);
#1995 = ORIENTED_EDGE('',*,*,#1955,.F.);
#1996 = ORIENTED_EDGE('',*,*,#151,.F.);
#1997 = PLANE('',#1998);
#1998 = AXIS2_PLACEMENT_3D('',#1999,#2000,#2001);
#1999 = CARTESIAN_POINT('',(104.,-82.,0.));
#2000 = DIRECTION('',(-0.707106781187,0.707106781187,0.));
#2001 = DIRECTION('',(0.707106781187,0.707106781187,0.));
#2002 = ADVANCED_FACE('',(#2003),#2014,.T.);
#2003 = FACE_BOUND('',#2004,.T.);
#2004 = EDGE_LOOP('',(#2005,#2006,#2007,#2013));
#2005 = ORIENTED_EDGE('',*,*,#1974,.T.);
#2006 = ORIENTED_EDGE('',*,*,#1074,.T.);
#2007 = ORIENTED_EDGE('',*,*,#2008,.F.);
#2008 = EDGE_CURVE('',#160,#1067,#2009,.T.);
#2009 = LINE('',#2010,#2011);
#2010 = CARTESIAN_POINT('',(104.,-116.5,0.));
#2011 = VECTOR('',#2012,1.);
#2012 = DIRECTION('',(0.,0.,1.));
#2013 = ORIENTED_EDGE('',*,*,#167,.F.);
#2014 = PLANE('',#2015);
#2015 = AXIS2_PLACEMENT_3D('',#2016,#2017,#2018);
#2016 = CARTESIAN_POINT('',(107.5,-120.,0.));
#2017 = DIRECTION('',(-0.707106781187,-0.707106781187,0.));
#2018 = DIRECTION('',(-0.707106781187,0.707106781187,0.));
#2019 = ADVANCED_FACE('',(#2020),#2026,.T.);
#2020 = FACE_BOUND('',#2021,.T.);
#2021 = EDGE_LOOP('',(#2022,#2023,#2024,#2025));
#2022 = ORIENTED_EDGE('',*,*,#2008,.T.);
#2023 = ORIENTED_EDGE('',*,*,#1066,.T.);
#2024 = ORIENTED_EDGE('',*,*,#1989,.F.);
#2025 = ORIENTED_EDGE('',*,*,#159,.F.);
#2026 = PLANE('',#2027);
#2027 = AXIS2_PLACEMENT_3D('',#2028,#2029,#2030);
#2028 = CARTESIAN_POINT('',(104.,-116.5,0.));
#2029 = DIRECTION('',(-1.,0.,0.));
#2030 = DIRECTION('',(0.,1.,0.));
#2031 = ADVANCED_FACE('',(#2032),#2043,.F.);
#2032 = FACE_BOUND('',#2033,.T.);
#2033 = EDGE_LOOP('',(#2034,#2035,#2041,#2042));
#2034 = ORIENTED_EDGE('',*,*,#184,.T.);
#2035 = ORIENTED_EDGE('',*,*,#2036,.T.);
#2036 = EDGE_CURVE('',#185,#1092,#2037,.T.);
#2037 = LINE('',#2038,#2039);
#2038 = CARTESIAN_POINT('',(159.5,-116.75,-4.6E-02));
#2039 = VECTOR('',#2040,1.);
#2040 = DIRECTION('',(0.,0.,1.));
#2041 = ORIENTED_EDGE('',*,*,#1091,.F.);
#2042 = ORIENTED_EDGE('',*,*,#2036,.F.);
#2043 = CYLINDRICAL_SURFACE('',#2044,0.5);
#2044 = AXIS2_PLACEMENT_3D('',#2045,#2046,#2047);
#2045 = CARTESIAN_POINT('',(159.5,-116.25,-4.6E-02));
#2046 = DIRECTION('',(-0.,-0.,-1.));
#2047 = DIRECTION('',(-0.,-1.,0.));
#2048 = ADVANCED_FACE('',(#2049),#2060,.F.);
#2049 = FACE_BOUND('',#2050,.T.);
#2050 = EDGE_LOOP('',(#2051,#2052,#2058,#2059));
#2051 = ORIENTED_EDGE('',*,*,#195,.T.);
#2052 = ORIENTED_EDGE('',*,*,#2053,.T.);
#2053 = EDGE_CURVE('',#196,#1103,#2054,.T.);
#2054 = LINE('',#2055,#2056);
#2055 = CARTESIAN_POINT('',(159.5,-114.21,-4.6E-02));
#2056 = VECTOR('',#2057,1.);
#2057 = DIRECTION('',(0.,0.,1.));
#2058 = ORIENTED_EDGE('',*,*,#1102,.F.);
#2059 = ORIENTED_EDGE('',*,*,#2053,.F.);
#2060 = CYLINDRICAL_SURFACE('',#2061,0.5);
#2061 = AXIS2_PLACEMENT_3D('',#2062,#2063,#2064);
#2062 = CARTESIAN_POINT('',(159.5,-113.71,-4.6E-02));
#2063 = DIRECTION('',(-0.,-0.,-1.));
#2064 = DIRECTION('',(-0.,-1.,0.));
#2065 = ADVANCED_FACE('',(#2066),#2077,.F.);
#2066 = FACE_BOUND('',#2067,.T.);
#2067 = EDGE_LOOP('',(#2068,#2069,#2075,#2076));
#2068 = ORIENTED_EDGE('',*,*,#206,.T.);
#2069 = ORIENTED_EDGE('',*,*,#2070,.T.);
#2070 = EDGE_CURVE('',#207,#1114,#2071,.T.);
#2071 = LINE('',#2072,#2073);
#2072 = CARTESIAN_POINT('',(159.5,-111.67,-4.6E-02));
#2073 = VECTOR('',#2074,1.);
#2074 = DIRECTION('',(0.,0.,1.));
#2075 = ORIENTED_EDGE('',*,*,#1113,.F.);
#2076 = ORIENTED_EDGE('',*,*,#2070,.F.);
#2077 = CYLINDRICAL_SURFACE('',#2078,0.5);
#2078 = AXIS2_PLACEMENT_3D('',#2079,#2080,#2081);
#2079 = CARTESIAN_POINT('',(159.5,-111.17,-4.6E-02));
#2080 = DIRECTION('',(-0.,-0.,-1.));
#2081 = DIRECTION('',(-0.,-1.,0.));
#2082 = ADVANCED_FACE('',(#2083),#2094,.F.);
#2083 = FACE_BOUND('',#2084,.T.);
#2084 = EDGE_LOOP('',(#2085,#2086,#2092,#2093));
#2085 = ORIENTED_EDGE('',*,*,#217,.T.);
#2086 = ORIENTED_EDGE('',*,*,#2087,.T.);
#2087 = EDGE_CURVE('',#218,#1125,#2088,.T.);
#2088 = LINE('',#2089,#2090);
#2089 = CARTESIAN_POINT('',(159.5,-109.13,-4.6E-02));
#2090 = VECTOR('',#2091,1.);
#2091 = DIRECTION('',(0.,0.,1.));
#2092 = ORIENTED_EDGE('',*,*,#1124,.F.);
#2093 = ORIENTED_EDGE('',*,*,#2087,.F.);
#2094 = CYLINDRICAL_SURFACE('',#2095,0.5);
#2095 = AXIS2_PLACEMENT_3D('',#2096,#2097,#2098);
#2096 = CARTESIAN_POINT('',(159.5,-108.63,-4.6E-02));
#2097 = DIRECTION('',(-0.,-0.,-1.));
#2098 = DIRECTION('',(-0.,-1.,0.));
#2099 = ADVANCED_FACE('',(#2100),#2111,.F.);
#2100 = FACE_BOUND('',#2101,.T.);
#2101 = EDGE_LOOP('',(#2102,#2103,#2109,#2110));
#2102 = ORIENTED_EDGE('',*,*,#228,.T.);
#2103 = ORIENTED_EDGE('',*,*,#2104,.T.);
#2104 = EDGE_CURVE('',#229,#1136,#2105,.T.);
#2105 = LINE('',#2106,#2107);
#2106 = CARTESIAN_POINT('',(111.25,-108.1175,-4.6E-02));
#2107 = VECTOR('',#2108,1.);
#2108 = DIRECTION('',(0.,0.,1.));
#2109 = ORIENTED_EDGE('',*,*,#1135,.F.);
#2110 = ORIENTED_EDGE('',*,*,#2104,.F.);
#2111 = CYLINDRICAL_SURFACE('',#2112,0.65);
#2112 = AXIS2_PLACEMENT_3D('',#2113,#2114,#2115);
#2113 = CARTESIAN_POINT('',(111.25,-107.4675,-4.6E-02));
#2114 = DIRECTION('',(-0.,-0.,-1.));
#2115 = DIRECTION('',(-0.,-1.,0.));
#2116 = ADVANCED_FACE('',(#2117),#2128,.F.);
#2117 = FACE_BOUND('',#2118,.T.);
#2118 = EDGE_LOOP('',(#2119,#2120,#2126,#2127));
#2119 = ORIENTED_EDGE('',*,*,#239,.T.);
#2120 = ORIENTED_EDGE('',*,*,#2121,.T.);
#2121 = EDGE_CURVE('',#240,#1147,#2122,.T.);
#2122 = LINE('',#2123,#2124);
#2123 = CARTESIAN_POINT('',(116.25,-108.1175,-4.6E-02));
#2124 = VECTOR('',#2125,1.);
#2125 = DIRECTION('',(0.,0.,1.));
#2126 = ORIENTED_EDGE('',*,*,#1146,.F.);
#2127 = ORIENTED_EDGE('',*,*,#2121,.F.);
#2128 = CYLINDRICAL_SURFACE('',#2129,0.65);
#2129 = AXIS2_PLACEMENT_3D('',#2130,#2131,#2132);
#2130 = CARTESIAN_POINT('',(116.25,-107.4675,-4.6E-02));
#2131 = DIRECTION('',(-0.,-0.,-1.));
#2132 = DIRECTION('',(-0.,-1.,0.));
#2133 = ADVANCED_FACE('',(#2134),#2145,.F.);
#2134 = FACE_BOUND('',#2135,.T.);
#2135 = EDGE_LOOP('',(#2136,#2137,#2143,#2144));
#2136 = ORIENTED_EDGE('',*,*,#250,.T.);
#2137 = ORIENTED_EDGE('',*,*,#2138,.T.);
#2138 = EDGE_CURVE('',#251,#1158,#2139,.T.);
#2139 = LINE('',#2140,#2141);
#2140 = CARTESIAN_POINT('',(124.5,-108.15,-4.6E-02));
#2141 = VECTOR('',#2142,1.);
#2142 = DIRECTION('',(0.,0.,1.));
#2143 = ORIENTED_EDGE('',*,*,#1157,.F.);
#2144 = ORIENTED_EDGE('',*,*,#2138,.F.);
#2145 = CYLINDRICAL_SURFACE('',#2146,0.65);
#2146 = AXIS2_PLACEMENT_3D('',#2147,#2148,#2149);
#2147 = CARTESIAN_POINT('',(124.5,-107.5,-4.6E-02));
#2148 = DIRECTION('',(-0.,-0.,-1.));
#2149 = DIRECTION('',(-0.,-1.,0.));
#2150 = ADVANCED_FACE('',(#2151),#2162,.F.);
#2151 = FACE_BOUND('',#2152,.T.);
#2152 = EDGE_LOOP('',(#2153,#2154,#2160,#2161));
#2153 = ORIENTED_EDGE('',*,*,#261,.T.);
#2154 = ORIENTED_EDGE('',*,*,#2155,.T.);
#2155 = EDGE_CURVE('',#262,#1169,#2156,.T.);
#2156 = LINE('',#2157,#2158);
#2157 = CARTESIAN_POINT('',(129.5,-108.15,-4.6E-02));
#2158 = VECTOR('',#2159,1.);
#2159 = DIRECTION('',(0.,0.,1.));
#2160 = ORIENTED_EDGE('',*,*,#1168,.F.);
#2161 = ORIENTED_EDGE('',*,*,#2155,.F.);
#2162 = CYLINDRICAL_SURFACE('',#2163,0.65);
#2163 = AXIS2_PLACEMENT_3D('',#2164,#2165,#2166);
#2164 = CARTESIAN_POINT('',(129.5,-107.5,-4.6E-02));
#2165 = DIRECTION('',(-0.,-0.,-1.));
#2166 = DIRECTION('',(-0.,-1.,0.));
#2167 = ADVANCED_FACE('',(#2168),#2179,.F.);
#2168 = FACE_BOUND('',#2169,.T.);
#2169 = EDGE_LOOP('',(#2170,#2171,#2177,#2178));
#2170 = ORIENTED_EDGE('',*,*,#272,.T.);
#2171 = ORIENTED_EDGE('',*,*,#2172,.T.);
#2172 = EDGE_CURVE('',#273,#1180,#2173,.T.);
#2173 = LINE('',#2174,#2175);
#2174 = CARTESIAN_POINT('',(108.,-99.75,-4.6E-02));
#2175 = VECTOR('',#2176,1.);
#2176 = DIRECTION('',(0.,0.,1.));
#2177 = ORIENTED_EDGE('',*,*,#1179,.F.);
#2178 = ORIENTED_EDGE('',*,*,#2172,.F.);
#2179 = CYLINDRICAL_SURFACE('',#2180,0.5);
#2180 = AXIS2_PLACEMENT_3D('',#2181,#2182,#2183);
#2181 = CARTESIAN_POINT('',(108.,-99.25,-4.6E-02));
#2182 = DIRECTION('',(-0.,-0.,-1.));
#2183 = DIRECTION('',(-0.,-1.,0.));
#2184 = ADVANCED_FACE('',(#2185),#2196,.F.);
#2185 = FACE_BOUND('',#2186,.T.);
#2186 = EDGE_LOOP('',(#2187,#2188,#2194,#2195));
#2187 = ORIENTED_EDGE('',*,*,#283,.T.);
#2188 = ORIENTED_EDGE('',*,*,#2189,.T.);
#2189 = EDGE_CURVE('',#284,#1191,#2190,.T.);
#2190 = LINE('',#2191,#2192);
#2191 = CARTESIAN_POINT('',(131.,-99.75,-4.6E-02));
#2192 = VECTOR('',#2193,1.);
#2193 = DIRECTION('',(0.,0.,1.));
#2194 = ORIENTED_EDGE('',*,*,#1190,.F.);
#2195 = ORIENTED_EDGE('',*,*,#2189,.F.);
#2196 = CYLINDRICAL_SURFACE('',#2197,0.5);
#2197 = AXIS2_PLACEMENT_3D('',#2198,#2199,#2200);
#2198 = CARTESIAN_POINT('',(131.,-99.25,-4.6E-02));
#2199 = DIRECTION('',(-0.,-0.,-1.));
#2200 = DIRECTION('',(-0.,-1.,0.));
#2201 = ADVANCED_FACE('',(#2202),#2213,.F.);
#2202 = FACE_BOUND('',#2203,.T.);
#2203 = EDGE_LOOP('',(#2204,#2205,#2211,#2212));
#2204 = ORIENTED_EDGE('',*,*,#294,.T.);
#2205 = ORIENTED_EDGE('',*,*,#2206,.T.);
#2206 = EDGE_CURVE('',#295,#1202,#2207,.T.);
#2207 = LINE('',#2208,#2209);
#2208 = CARTESIAN_POINT('',(159.5,-106.59,-4.6E-02));
#2209 = VECTOR('',#2210,1.);
#2210 = DIRECTION('',(0.,0.,1.));
#2211 = ORIENTED_EDGE('',*,*,#1201,.F.);
#2212 = ORIENTED_EDGE('',*,*,#2206,.F.);
#2213 = CYLINDRICAL_SURFACE('',#2214,0.5);
#2214 = AXIS2_PLACEMENT_3D('',#2215,#2216,#2217);
#2215 = CARTESIAN_POINT('',(159.5,-106.09,-4.6E-02));
#2216 = DIRECTION('',(-0.,-0.,-1.));
#2217 = DIRECTION('',(-0.,-1.,0.));
#2218 = ADVANCED_FACE('',(#2219),#2230,.F.);
#2219 = FACE_BOUND('',#2220,.T.);
#2220 = EDGE_LOOP('',(#2221,#2222,#2228,#2229));
#2221 = ORIENTED_EDGE('',*,*,#305,.T.);
#2222 = ORIENTED_EDGE('',*,*,#2223,.T.);
#2223 = EDGE_CURVE('',#306,#1213,#2224,.T.);
#2224 = LINE('',#2225,#2226);
#2225 = CARTESIAN_POINT('',(164.18,-108.,-4.6E-02));
#2226 = VECTOR('',#2227,1.);
#2227 = DIRECTION('',(0.,0.,1.));
#2228 = ORIENTED_EDGE('',*,*,#1212,.F.);
#2229 = ORIENTED_EDGE('',*,*,#2223,.F.);
#2230 = CYLINDRICAL_SURFACE('',#2231,0.5);
#2231 = AXIS2_PLACEMENT_3D('',#2232,#2233,#2234);
#2232 = CARTESIAN_POINT('',(164.18,-107.5,-4.6E-02));
#2233 = DIRECTION('',(-0.,-0.,-1.));
#2234 = DIRECTION('',(-0.,-1.,0.));
#2235 = ADVANCED_FACE('',(#2236),#2247,.F.);
#2236 = FACE_BOUND('',#2237,.T.);
#2237 = EDGE_LOOP('',(#2238,#2239,#2245,#2246));
#2238 = ORIENTED_EDGE('',*,*,#316,.T.);
#2239 = ORIENTED_EDGE('',*,*,#2240,.T.);
#2240 = EDGE_CURVE('',#317,#1224,#2241,.T.);
#2241 = LINE('',#2242,#2243);
#2242 = CARTESIAN_POINT('',(166.72,-108.,-4.6E-02));
#2243 = VECTOR('',#2244,1.);
#2244 = DIRECTION('',(0.,0.,1.));
#2245 = ORIENTED_EDGE('',*,*,#1223,.F.);
#2246 = ORIENTED_EDGE('',*,*,#2240,.F.);
#2247 = CYLINDRICAL_SURFACE('',#2248,0.5);
#2248 = AXIS2_PLACEMENT_3D('',#2249,#2250,#2251);
#2249 = CARTESIAN_POINT('',(166.72,-107.5,-4.6E-02));
#2250 = DIRECTION('',(-0.,-0.,-1.));
#2251 = DIRECTION('',(-0.,-1.,0.));
#2252 = ADVANCED_FACE('',(#2253),#2264,.F.);
#2253 = FACE_BOUND('',#2254,.T.);
#2254 = EDGE_LOOP('',(#2255,#2256,#2262,#2263));
#2255 = ORIENTED_EDGE('',*,*,#327,.T.);
#2256 = ORIENTED_EDGE('',*,*,#2257,.T.);
#2257 = EDGE_CURVE('',#328,#1235,#2258,.T.);
#2258 = LINE('',#2259,#2260);
#2259 = CARTESIAN_POINT('',(159.5,-104.05,-4.6E-02));
#2260 = VECTOR('',#2261,1.);
#2261 = DIRECTION('',(0.,0.,1.));
#2262 = ORIENTED_EDGE('',*,*,#1234,.F.);
#2263 = ORIENTED_EDGE('',*,*,#2257,.F.);
#2264 = CYLINDRICAL_SURFACE('',#2265,0.5);
#2265 = AXIS2_PLACEMENT_3D('',#2266,#2267,#2268);
#2266 = CARTESIAN_POINT('',(159.5,-103.55,-4.6E-02));
#2267 = DIRECTION('',(-0.,-0.,-1.));
#2268 = DIRECTION('',(-0.,-1.,0.));
#2269 = ADVANCED_FACE('',(#2270),#2281,.F.);
#2270 = FACE_BOUND('',#2271,.T.);
#2271 = EDGE_LOOP('',(#2272,#2273,#2279,#2280));
#2272 = ORIENTED_EDGE('',*,*,#338,.T.);
#2273 = ORIENTED_EDGE('',*,*,#2274,.T.);
#2274 = EDGE_CURVE('',#339,#1246,#2275,.T.);
#2275 = LINE('',#2276,#2277);
#2276 = CARTESIAN_POINT('',(164.18,-105.46,-4.6E-02));
#2277 = VECTOR('',#2278,1.);
#2278 = DIRECTION('',(0.,0.,1.));
#2279 = ORIENTED_EDGE('',*,*,#1245,.F.);
#2280 = ORIENTED_EDGE('',*,*,#2274,.F.);
#2281 = CYLINDRICAL_SURFACE('',#2282,0.5);
#2282 = AXIS2_PLACEMENT_3D('',#2283,#2284,#2285);
#2283 = CARTESIAN_POINT('',(164.18,-104.96,-4.6E-02));
#2284 = DIRECTION('',(-0.,-0.,-1.));
#2285 = DIRECTION('',(-0.,-1.,0.));
#2286 = ADVANCED_FACE('',(#2287),#2298,.F.);
#2287 = FACE_BOUND('',#2288,.T.);
#2288 = EDGE_LOOP('',(#2289,#2290,#2296,#2297));
#2289 = ORIENTED_EDGE('',*,*,#349,.T.);
#2290 = ORIENTED_EDGE('',*,*,#2291,.T.);
#2291 = EDGE_CURVE('',#350,#1257,#2292,.T.);
#2292 = LINE('',#2293,#2294);
#2293 = CARTESIAN_POINT('',(166.72,-105.46,-4.6E-02));
#2294 = VECTOR('',#2295,1.);
#2295 = DIRECTION('',(0.,0.,1.));
#2296 = ORIENTED_EDGE('',*,*,#1256,.F.);
#2297 = ORIENTED_EDGE('',*,*,#2291,.F.);
#2298 = CYLINDRICAL_SURFACE('',#2299,0.5);
#2299 = AXIS2_PLACEMENT_3D('',#2300,#2301,#2302);
#2300 = CARTESIAN_POINT('',(166.72,-104.96,-4.6E-02));
#2301 = DIRECTION('',(-0.,-0.,-1.));
#2302 = DIRECTION('',(-0.,-1.,0.));
#2303 = ADVANCED_FACE('',(#2304),#2315,.F.);
#2304 = FACE_BOUND('',#2305,.T.);
#2305 = EDGE_LOOP('',(#2306,#2307,#2313,#2314));
#2306 = ORIENTED_EDGE('',*,*,#360,.T.);
#2307 = ORIENTED_EDGE('',*,*,#2308,.T.);
#2308 = EDGE_CURVE('',#361,#1268,#2309,.T.);
#2309 = LINE('',#2310,#2311);
#2310 = CARTESIAN_POINT('',(164.18,-102.92,-4.6E-02));
#2311 = VECTOR('',#2312,1.);
#2312 = DIRECTION('',(0.,0.,1.));
#2313 = ORIENTED_EDGE('',*,*,#1267,.F.);
#2314 = ORIENTED_EDGE('',*,*,#2308,.F.);
#2315 = CYLINDRICAL_SURFACE('',#2316,0.5);
#2316 = AXIS2_PLACEMENT_3D('',#2317,#2318,#2319);
#2317 = CARTESIAN_POINT('',(164.18,-102.42,-4.6E-02));
#2318 = DIRECTION('',(-0.,-0.,-1.));
#2319 = DIRECTION('',(-0.,-1.,0.));
#2320 = ADVANCED_FACE('',(#2321),#2332,.F.);
#2321 = FACE_BOUND('',#2322,.T.);
#2322 = EDGE_LOOP('',(#2323,#2324,#2330,#2331));
#2323 = ORIENTED_EDGE('',*,*,#371,.T.);
#2324 = ORIENTED_EDGE('',*,*,#2325,.T.);
#2325 = EDGE_CURVE('',#372,#1279,#2326,.T.);
#2326 = LINE('',#2327,#2328);
#2327 = CARTESIAN_POINT('',(166.72,-102.92,-4.6E-02));
#2328 = VECTOR('',#2329,1.);
#2329 = DIRECTION('',(0.,0.,1.));
#2330 = ORIENTED_EDGE('',*,*,#1278,.F.);
#2331 = ORIENTED_EDGE('',*,*,#2325,.F.);
#2332 = CYLINDRICAL_SURFACE('',#2333,0.5);
#2333 = AXIS2_PLACEMENT_3D('',#2334,#2335,#2336);
#2334 = CARTESIAN_POINT('',(166.72,-102.42,-4.6E-02));
#2335 = DIRECTION('',(-0.,-0.,-1.));
#2336 = DIRECTION('',(-0.,-1.,0.));
#2337 = ADVANCED_FACE('',(#2338),#2349,.F.);
#2338 = FACE_BOUND('',#2339,.T.);
#2339 = EDGE_LOOP('',(#2340,#2341,#2347,#2348));
#2340 = ORIENTED_EDGE('',*,*,#382,.T.);
#2341 = ORIENTED_EDGE('',*,*,#2342,.T.);
#2342 = EDGE_CURVE('',#383,#1290,#2343,.T.);
#2343 = LINE('',#2344,#2345);
#2344 = CARTESIAN_POINT('',(164.18,-100.38,-4.6E-02));
#2345 = VECTOR('',#2346,1.);
#2346 = DIRECTION('',(0.,0.,1.));
#2347 = ORIENTED_EDGE('',*,*,#1289,.F.);
#2348 = ORIENTED_EDGE('',*,*,#2342,.F.);
#2349 = CYLINDRICAL_SURFACE('',#2350,0.5);
#2350 = AXIS2_PLACEMENT_3D('',#2351,#2352,#2353);
#2351 = CARTESIAN_POINT('',(164.18,-99.88,-4.6E-02));
#2352 = DIRECTION('',(-0.,-0.,-1.));
#2353 = DIRECTION('',(-0.,-1.,0.));
#2354 = ADVANCED_FACE('',(#2355),#2366,.F.);
#2355 = FACE_BOUND('',#2356,.T.);
#2356 = EDGE_LOOP('',(#2357,#2358,#2364,#2365));
#2357 = ORIENTED_EDGE('',*,*,#393,.T.);
#2358 = ORIENTED_EDGE('',*,*,#2359,.T.);
#2359 = EDGE_CURVE('',#394,#1301,#2360,.T.);
#2360 = LINE('',#2361,#2362);
#2361 = CARTESIAN_POINT('',(166.72,-100.38,-4.6E-02));
#2362 = VECTOR('',#2363,1.);
#2363 = DIRECTION('',(0.,0.,1.));
#2364 = ORIENTED_EDGE('',*,*,#1300,.F.);
#2365 = ORIENTED_EDGE('',*,*,#2359,.F.);
#2366 = CYLINDRICAL_SURFACE('',#2367,0.5);
#2367 = AXIS2_PLACEMENT_3D('',#2368,#2369,#2370);
#2368 = CARTESIAN_POINT('',(166.72,-99.88,-4.6E-02));
#2369 = DIRECTION('',(-0.,-0.,-1.));
#2370 = DIRECTION('',(-0.,-1.,0.));
#2371 = ADVANCED_FACE('',(#2372),#2383,.F.);
#2372 = FACE_BOUND('',#2373,.T.);
#2373 = EDGE_LOOP('',(#2374,#2375,#2381,#2382));
#2374 = ORIENTED_EDGE('',*,*,#404,.T.);
#2375 = ORIENTED_EDGE('',*,*,#2376,.T.);
#2376 = EDGE_CURVE('',#405,#1312,#2377,.T.);
#2377 = LINE('',#2378,#2379);
#2378 = CARTESIAN_POINT('',(228.743947,-108.80309,-4.6E-02));
#2379 = VECTOR('',#2380,1.);
#2380 = DIRECTION('',(0.,0.,1.));
#2381 = ORIENTED_EDGE('',*,*,#1311,.F.);
#2382 = ORIENTED_EDGE('',*,*,#2376,.F.);
#2383 = CYLINDRICAL_SURFACE('',#2384,0.5);
#2384 = AXIS2_PLACEMENT_3D('',#2385,#2386,#2387);
#2385 = CARTESIAN_POINT('',(228.743947,-108.30309,-4.6E-02));
#2386 = DIRECTION('',(-0.,-0.,-1.));
#2387 = DIRECTION('',(-0.,-1.,0.));
#2388 = ADVANCED_FACE('',(#2389),#2400,.F.);
#2389 = FACE_BOUND('',#2390,.T.);
#2390 = EDGE_LOOP('',(#2391,#2392,#2398,#2399));
#2391 = ORIENTED_EDGE('',*,*,#415,.T.);
#2392 = ORIENTED_EDGE('',*,*,#2393,.T.);
#2393 = EDGE_CURVE('',#416,#1323,#2394,.T.);
#2394 = LINE('',#2395,#2396);
#2395 = CARTESIAN_POINT('',(184.5,-108.,-4.6E-02));
#2396 = VECTOR('',#2397,1.);
#2397 = DIRECTION('',(0.,0.,1.));
#2398 = ORIENTED_EDGE('',*,*,#1322,.F.);
#2399 = ORIENTED_EDGE('',*,*,#2393,.F.);
#2400 = CYLINDRICAL_SURFACE('',#2401,0.5);
#2401 = AXIS2_PLACEMENT_3D('',#2402,#2403,#2404);
#2402 = CARTESIAN_POINT('',(184.5,-107.5,-4.6E-02));
#2403 = DIRECTION('',(-0.,-0.,-1.));
#2404 = DIRECTION('',(-0.,-1.,0.));
#2405 = ADVANCED_FACE('',(#2406),#2417,.F.);
#2406 = FACE_BOUND('',#2407,.T.);
#2407 = EDGE_LOOP('',(#2408,#2409,#2415,#2416));
#2408 = ORIENTED_EDGE('',*,*,#426,.T.);
#2409 = ORIENTED_EDGE('',*,*,#2410,.T.);
#2410 = EDGE_CURVE('',#427,#1334,#2411,.T.);
#2411 = LINE('',#2412,#2413);
#2412 = CARTESIAN_POINT('',(187.04,-108.,-4.6E-02));
#2413 = VECTOR('',#2414,1.);
#2414 = DIRECTION('',(0.,0.,1.));
#2415 = ORIENTED_EDGE('',*,*,#1333,.F.);
#2416 = ORIENTED_EDGE('',*,*,#2410,.F.);
#2417 = CYLINDRICAL_SURFACE('',#2418,0.5);
#2418 = AXIS2_PLACEMENT_3D('',#2419,#2420,#2421);
#2419 = CARTESIAN_POINT('',(187.04,-107.5,-4.6E-02));
#2420 = DIRECTION('',(-0.,-0.,-1.));
#2421 = DIRECTION('',(-0.,-1.,0.));
#2422 = ADVANCED_FACE('',(#2423),#2434,.F.);
#2423 = FACE_BOUND('',#2424,.T.);
#2424 = EDGE_LOOP('',(#2425,#2426,#2432,#2433));
#2425 = ORIENTED_EDGE('',*,*,#437,.T.);
#2426 = ORIENTED_EDGE('',*,*,#2427,.T.);
#2427 = EDGE_CURVE('',#438,#1345,#2428,.T.);
#2428 = LINE('',#2429,#2430);
#2429 = CARTESIAN_POINT('',(191.958267,-107.33,-4.6E-02));
#2430 = VECTOR('',#2431,1.);
#2431 = DIRECTION('',(0.,0.,1.));
#2432 = ORIENTED_EDGE('',*,*,#1344,.F.);
#2433 = ORIENTED_EDGE('',*,*,#2427,.F.);
#2434 = CYLINDRICAL_SURFACE('',#2435,0.5);
#2435 = AXIS2_PLACEMENT_3D('',#2436,#2437,#2438);
#2436 = CARTESIAN_POINT('',(191.958267,-106.83,-4.6E-02));
#2437 = DIRECTION('',(-0.,-0.,-1.));
#2438 = DIRECTION('',(-0.,-1.,0.));
#2439 = ADVANCED_FACE('',(#2440),#2451,.F.);
#2440 = FACE_BOUND('',#2441,.T.);
#2441 = EDGE_LOOP('',(#2442,#2443,#2449,#2450));
#2442 = ORIENTED_EDGE('',*,*,#448,.T.);
#2443 = ORIENTED_EDGE('',*,*,#2444,.T.);
#2444 = EDGE_CURVE('',#449,#1356,#2445,.T.);
#2445 = LINE('',#2446,#2447);
#2446 = CARTESIAN_POINT('',(184.5,-105.46,-4.6E-02));
#2447 = VECTOR('',#2448,1.);
#2448 = DIRECTION('',(0.,0.,1.));
#2449 = ORIENTED_EDGE('',*,*,#1355,.F.);
#2450 = ORIENTED_EDGE('',*,*,#2444,.F.);
#2451 = CYLINDRICAL_SURFACE('',#2452,0.5);
#2452 = AXIS2_PLACEMENT_3D('',#2453,#2454,#2455);
#2453 = CARTESIAN_POINT('',(184.5,-104.96,-4.6E-02));
#2454 = DIRECTION('',(-0.,-0.,-1.));
#2455 = DIRECTION('',(-0.,-1.,0.));
#2456 = ADVANCED_FACE('',(#2457),#2468,.F.);
#2457 = FACE_BOUND('',#2458,.T.);
#2458 = EDGE_LOOP('',(#2459,#2460,#2466,#2467));
#2459 = ORIENTED_EDGE('',*,*,#459,.T.);
#2460 = ORIENTED_EDGE('',*,*,#2461,.T.);
#2461 = EDGE_CURVE('',#460,#1367,#2462,.T.);
#2462 = LINE('',#2463,#2464);
#2463 = CARTESIAN_POINT('',(187.04,-105.46,-4.6E-02));
#2464 = VECTOR('',#2465,1.);
#2465 = DIRECTION('',(0.,0.,1.));
#2466 = ORIENTED_EDGE('',*,*,#1366,.F.);
#2467 = ORIENTED_EDGE('',*,*,#2461,.F.);
#2468 = CYLINDRICAL_SURFACE('',#2469,0.5);
#2469 = AXIS2_PLACEMENT_3D('',#2470,#2471,#2472);
#2470 = CARTESIAN_POINT('',(187.04,-104.96,-4.6E-02));
#2471 = DIRECTION('',(-0.,-0.,-1.));
#2472 = DIRECTION('',(-0.,-1.,0.));
#2473 = ADVANCED_FACE('',(#2474),#2485,.F.);
#2474 = FACE_BOUND('',#2475,.T.);
#2475 = EDGE_LOOP('',(#2476,#2477,#2483,#2484));
#2476 = ORIENTED_EDGE('',*,*,#470,.T.);
#2477 = ORIENTED_EDGE('',*,*,#2478,.T.);
#2478 = EDGE_CURVE('',#471,#1378,#2479,.T.);
#2479 = LINE('',#2480,#2481);
#2480 = CARTESIAN_POINT('',(191.958267,-104.79,-4.6E-02));
#2481 = VECTOR('',#2482,1.);
#2482 = DIRECTION('',(0.,0.,1.));
#2483 = ORIENTED_EDGE('',*,*,#1377,.F.);
#2484 = ORIENTED_EDGE('',*,*,#2478,.F.);
#2485 = CYLINDRICAL_SURFACE('',#2486,0.5);
#2486 = AXIS2_PLACEMENT_3D('',#2487,#2488,#2489);
#2487 = CARTESIAN_POINT('',(191.958267,-104.29,-4.6E-02));
#2488 = DIRECTION('',(-0.,-0.,-1.));
#2489 = DIRECTION('',(-0.,-1.,0.));
#2490 = ADVANCED_FACE('',(#2491),#2502,.F.);
#2491 = FACE_BOUND('',#2492,.T.);
#2492 = EDGE_LOOP('',(#2493,#2494,#2500,#2501));
#2493 = ORIENTED_EDGE('',*,*,#481,.T.);
#2494 = ORIENTED_EDGE('',*,*,#2495,.T.);
#2495 = EDGE_CURVE('',#482,#1389,#2496,.T.);
#2496 = LINE('',#2497,#2498);
#2497 = CARTESIAN_POINT('',(184.5,-102.92,-4.6E-02));
#2498 = VECTOR('',#2499,1.);
#2499 = DIRECTION('',(0.,0.,1.));
#2500 = ORIENTED_EDGE('',*,*,#1388,.F.);
#2501 = ORIENTED_EDGE('',*,*,#2495,.F.);
#2502 = CYLINDRICAL_SURFACE('',#2503,0.5);
#2503 = AXIS2_PLACEMENT_3D('',#2504,#2505,#2506);
#2504 = CARTESIAN_POINT('',(184.5,-102.42,-4.6E-02));
#2505 = DIRECTION('',(-0.,-0.,-1.));
#2506 = DIRECTION('',(-0.,-1.,0.));
#2507 = ADVANCED_FACE('',(#2508),#2519,.F.);
#2508 = FACE_BOUND('',#2509,.T.);
#2509 = EDGE_LOOP('',(#2510,#2511,#2517,#2518));
#2510 = ORIENTED_EDGE('',*,*,#492,.T.);
#2511 = ORIENTED_EDGE('',*,*,#2512,.T.);
#2512 = EDGE_CURVE('',#493,#1400,#2513,.T.);
#2513 = LINE('',#2514,#2515);
#2514 = CARTESIAN_POINT('',(187.04,-102.92,-4.6E-02));
#2515 = VECTOR('',#2516,1.);
#2516 = DIRECTION('',(0.,0.,1.));
#2517 = ORIENTED_EDGE('',*,*,#1399,.F.);
#2518 = ORIENTED_EDGE('',*,*,#2512,.F.);
#2519 = CYLINDRICAL_SURFACE('',#2520,0.5);
#2520 = AXIS2_PLACEMENT_3D('',#2521,#2522,#2523);
#2521 = CARTESIAN_POINT('',(187.04,-102.42,-4.6E-02));
#2522 = DIRECTION('',(-0.,-0.,-1.));
#2523 = DIRECTION('',(-0.,-1.,0.));
#2524 = ADVANCED_FACE('',(#2525),#2536,.F.);
#2525 = FACE_BOUND('',#2526,.T.);
#2526 = EDGE_LOOP('',(#2527,#2528,#2534,#2535));
#2527 = ORIENTED_EDGE('',*,*,#503,.T.);
#2528 = ORIENTED_EDGE('',*,*,#2529,.T.);
#2529 = EDGE_CURVE('',#504,#1411,#2530,.T.);
#2530 = LINE('',#2531,#2532);
#2531 = CARTESIAN_POINT('',(191.958267,-102.25,-4.6E-02));
#2532 = VECTOR('',#2533,1.);
#2533 = DIRECTION('',(0.,0.,1.));
#2534 = ORIENTED_EDGE('',*,*,#1410,.F.);
#2535 = ORIENTED_EDGE('',*,*,#2529,.F.);
#2536 = CYLINDRICAL_SURFACE('',#2537,0.5);
#2537 = AXIS2_PLACEMENT_3D('',#2538,#2539,#2540);
#2538 = CARTESIAN_POINT('',(191.958267,-101.75,-4.6E-02));
#2539 = DIRECTION('',(-0.,-0.,-1.));
#2540 = DIRECTION('',(-0.,-1.,0.));
#2541 = ADVANCED_FACE('',(#2542),#2553,.F.);
#2542 = FACE_BOUND('',#2543,.T.);
#2543 = EDGE_LOOP('',(#2544,#2545,#2551,#2552));
#2544 = ORIENTED_EDGE('',*,*,#514,.T.);
#2545 = ORIENTED_EDGE('',*,*,#2546,.T.);
#2546 = EDGE_CURVE('',#515,#1422,#2547,.T.);
#2547 = LINE('',#2548,#2549);
#2548 = CARTESIAN_POINT('',(184.5,-100.38,-4.6E-02));
#2549 = VECTOR('',#2550,1.);
#2550 = DIRECTION('',(0.,0.,1.));
#2551 = ORIENTED_EDGE('',*,*,#1421,.F.);
#2552 = ORIENTED_EDGE('',*,*,#2546,.F.);
#2553 = CYLINDRICAL_SURFACE('',#2554,0.5);
#2554 = AXIS2_PLACEMENT_3D('',#2555,#2556,#2557);
#2555 = CARTESIAN_POINT('',(184.5,-99.88,-4.6E-02));
#2556 = DIRECTION('',(-0.,-0.,-1.));
#2557 = DIRECTION('',(-0.,-1.,0.));
#2558 = ADVANCED_FACE('',(#2559),#2570,.F.);
#2559 = FACE_BOUND('',#2560,.T.);
#2560 = EDGE_LOOP('',(#2561,#2562,#2568,#2569));
#2561 = ORIENTED_EDGE('',*,*,#525,.T.);
#2562 = ORIENTED_EDGE('',*,*,#2563,.T.);
#2563 = EDGE_CURVE('',#526,#1433,#2564,.T.);
#2564 = LINE('',#2565,#2566);
#2565 = CARTESIAN_POINT('',(187.04,-100.38,-4.6E-02));
#2566 = VECTOR('',#2567,1.);
#2567 = DIRECTION('',(0.,0.,1.));
#2568 = ORIENTED_EDGE('',*,*,#1432,.F.);
#2569 = ORIENTED_EDGE('',*,*,#2563,.F.);
#2570 = CYLINDRICAL_SURFACE('',#2571,0.5);
#2571 = AXIS2_PLACEMENT_3D('',#2572,#2573,#2574);
#2572 = CARTESIAN_POINT('',(187.04,-99.88,-4.6E-02));
#2573 = DIRECTION('',(-0.,-0.,-1.));
#2574 = DIRECTION('',(-0.,-1.,0.));
#2575 = ADVANCED_FACE('',(#2576),#2587,.F.);
#2576 = FACE_BOUND('',#2577,.T.);
#2577 = EDGE_LOOP('',(#2578,#2579,#2585,#2586));
#2578 = ORIENTED_EDGE('',*,*,#536,.T.);
#2579 = ORIENTED_EDGE('',*,*,#2580,.T.);
#2580 = EDGE_CURVE('',#537,#1444,#2581,.T.);
#2581 = LINE('',#2582,#2583);
#2582 = CARTESIAN_POINT('',(191.958267,-99.71,-4.6E-02));
#2583 = VECTOR('',#2584,1.);
#2584 = DIRECTION('',(0.,0.,1.));
#2585 = ORIENTED_EDGE('',*,*,#1443,.F.);
#2586 = ORIENTED_EDGE('',*,*,#2580,.F.);
#2587 = CYLINDRICAL_SURFACE('',#2588,0.5);
#2588 = AXIS2_PLACEMENT_3D('',#2589,#2590,#2591);
#2589 = CARTESIAN_POINT('',(191.958267,-99.21,-4.6E-02));
#2590 = DIRECTION('',(-0.,-0.,-1.));
#2591 = DIRECTION('',(-0.,-1.,0.));
#2592 = ADVANCED_FACE('',(#2593),#2604,.F.);
#2593 = FACE_BOUND('',#2594,.T.);
#2594 = EDGE_LOOP('',(#2595,#2596,#2602,#2603));
#2595 = ORIENTED_EDGE('',*,*,#547,.T.);
#2596 = ORIENTED_EDGE('',*,*,#2597,.T.);
#2597 = EDGE_CURVE('',#548,#1455,#2598,.T.);
#2598 = LINE('',#2599,#2600);
#2599 = CARTESIAN_POINT('',(228.743947,-106.26309,-4.6E-02));
#2600 = VECTOR('',#2601,1.);
#2601 = DIRECTION('',(0.,0.,1.));
#2602 = ORIENTED_EDGE('',*,*,#1454,.F.);
#2603 = ORIENTED_EDGE('',*,*,#2597,.F.);
#2604 = CYLINDRICAL_SURFACE('',#2605,0.5);
#2605 = AXIS2_PLACEMENT_3D('',#2606,#2607,#2608);
#2606 = CARTESIAN_POINT('',(228.743947,-105.76309,-4.6E-02));
#2607 = DIRECTION('',(-0.,-0.,-1.));
#2608 = DIRECTION('',(-0.,-1.,0.));
#2609 = ADVANCED_FACE('',(#2610),#2621,.F.);
#2610 = FACE_BOUND('',#2611,.T.);
#2611 = EDGE_LOOP('',(#2612,#2613,#2619,#2620));
#2612 = ORIENTED_EDGE('',*,*,#558,.T.);
#2613 = ORIENTED_EDGE('',*,*,#2614,.T.);
#2614 = EDGE_CURVE('',#559,#1466,#2615,.T.);
#2615 = LINE('',#2616,#2617);
#2616 = CARTESIAN_POINT('',(228.743947,-103.72309,-4.6E-02));
#2617 = VECTOR('',#2618,1.);
#2618 = DIRECTION('',(0.,0.,1.));
#2619 = ORIENTED_EDGE('',*,*,#1465,.F.);
#2620 = ORIENTED_EDGE('',*,*,#2614,.F.);
#2621 = CYLINDRICAL_SURFACE('',#2622,0.5);
#2622 = AXIS2_PLACEMENT_3D('',#2623,#2624,#2625);
#2623 = CARTESIAN_POINT('',(228.743947,-103.22309,-4.6E-02));
#2624 = DIRECTION('',(-0.,-0.,-1.));
#2625 = DIRECTION('',(-0.,-1.,0.));
#2626 = ADVANCED_FACE('',(#2627),#2638,.F.);
#2627 = FACE_BOUND('',#2628,.T.);
#2628 = EDGE_LOOP('',(#2629,#2630,#2636,#2637));
#2629 = ORIENTED_EDGE('',*,*,#569,.T.);
#2630 = ORIENTED_EDGE('',*,*,#2631,.T.);
#2631 = EDGE_CURVE('',#570,#1477,#2632,.T.);
#2632 = LINE('',#2633,#2634);
#2633 = CARTESIAN_POINT('',(228.743947,-101.18309,-4.6E-02));
#2634 = VECTOR('',#2635,1.);
#2635 = DIRECTION('',(0.,0.,1.));
#2636 = ORIENTED_EDGE('',*,*,#1476,.F.);
#2637 = ORIENTED_EDGE('',*,*,#2631,.F.);
#2638 = CYLINDRICAL_SURFACE('',#2639,0.5);
#2639 = AXIS2_PLACEMENT_3D('',#2640,#2641,#2642);
#2640 = CARTESIAN_POINT('',(228.743947,-100.68309,-4.6E-02));
#2641 = DIRECTION('',(-0.,-0.,-1.));
#2642 = DIRECTION('',(-0.,-1.,0.));
#2643 = ADVANCED_FACE('',(#2644),#2655,.F.);
#2644 = FACE_BOUND('',#2645,.T.);
#2645 = EDGE_LOOP('',(#2646,#2647,#2653,#2654));
#2646 = ORIENTED_EDGE('',*,*,#580,.T.);
#2647 = ORIENTED_EDGE('',*,*,#2648,.T.);
#2648 = EDGE_CURVE('',#581,#1488,#2649,.T.);
#2649 = LINE('',#2650,#2651);
#2650 = CARTESIAN_POINT('',(131.,-97.21,-4.6E-02));
#2651 = VECTOR('',#2652,1.);
#2652 = DIRECTION('',(0.,0.,1.));
#2653 = ORIENTED_EDGE('',*,*,#1487,.F.);
#2654 = ORIENTED_EDGE('',*,*,#2648,.F.);
#2655 = CYLINDRICAL_SURFACE('',#2656,0.5);
#2656 = AXIS2_PLACEMENT_3D('',#2657,#2658,#2659);
#2657 = CARTESIAN_POINT('',(131.,-96.71,-4.6E-02));
#2658 = DIRECTION('',(-0.,-0.,-1.));
#2659 = DIRECTION('',(-0.,-1.,0.));
#2660 = ADVANCED_FACE('',(#2661),#2672,.F.);
#2661 = FACE_BOUND('',#2662,.T.);
#2662 = EDGE_LOOP('',(#2663,#2664,#2670,#2671));
#2663 = ORIENTED_EDGE('',*,*,#591,.T.);
#2664 = ORIENTED_EDGE('',*,*,#2665,.T.);
#2665 = EDGE_CURVE('',#592,#1499,#2666,.T.);
#2666 = LINE('',#2667,#2668);
#2667 = CARTESIAN_POINT('',(137.01,-93.6,-4.6E-02));
#2668 = VECTOR('',#2669,1.);
#2669 = DIRECTION('',(0.,0.,1.));
#2670 = ORIENTED_EDGE('',*,*,#1498,.F.);
#2671 = ORIENTED_EDGE('',*,*,#2665,.F.);
#2672 = CYLINDRICAL_SURFACE('',#2673,0.35);
#2673 = AXIS2_PLACEMENT_3D('',#2674,#2675,#2676);
#2674 = CARTESIAN_POINT('',(137.01,-93.25,-4.6E-02));
#2675 = DIRECTION('',(-0.,-0.,-1.));
#2676 = DIRECTION('',(-0.,-1.,0.));
#2677 = ADVANCED_FACE('',(#2678),#2689,.F.);
#2678 = FACE_BOUND('',#2679,.T.);
#2679 = EDGE_LOOP('',(#2680,#2681,#2687,#2688));
#2680 = ORIENTED_EDGE('',*,*,#602,.T.);
#2681 = ORIENTED_EDGE('',*,*,#2682,.T.);
#2682 = EDGE_CURVE('',#603,#1510,#2683,.T.);
#2683 = LINE('',#2684,#2685);
#2684 = CARTESIAN_POINT('',(138.,-97.9,-4.6E-02));
#2685 = VECTOR('',#2686,1.);
#2686 = DIRECTION('',(0.,0.,1.));
#2687 = ORIENTED_EDGE('',*,*,#1509,.F.);
#2688 = ORIENTED_EDGE('',*,*,#2682,.F.);
#2689 = CYLINDRICAL_SURFACE('',#2690,0.4);
#2690 = AXIS2_PLACEMENT_3D('',#2691,#2692,#2693);
#2691 = CARTESIAN_POINT('',(138.,-97.5,-4.6E-02));
#2692 = DIRECTION('',(-0.,-0.,-1.));
#2693 = DIRECTION('',(-0.,-1.,0.));
#2694 = ADVANCED_FACE('',(#2695),#2706,.F.);
#2695 = FACE_BOUND('',#2696,.T.);
#2696 = EDGE_LOOP('',(#2697,#2698,#2704,#2705));
#2697 = ORIENTED_EDGE('',*,*,#613,.T.);
#2698 = ORIENTED_EDGE('',*,*,#2699,.T.);
#2699 = EDGE_CURVE('',#614,#1521,#2700,.T.);
#2700 = LINE('',#2701,#2702);
#2701 = CARTESIAN_POINT('',(140.5,-97.9,-4.6E-02));
#2702 = VECTOR('',#2703,1.);
#2703 = DIRECTION('',(0.,0.,1.));
#2704 = ORIENTED_EDGE('',*,*,#1520,.F.);
#2705 = ORIENTED_EDGE('',*,*,#2699,.F.);
#2706 = CYLINDRICAL_SURFACE('',#2707,0.4);
#2707 = AXIS2_PLACEMENT_3D('',#2708,#2709,#2710);
#2708 = CARTESIAN_POINT('',(140.5,-97.5,-4.6E-02));
#2709 = DIRECTION('',(-0.,-0.,-1.));
#2710 = DIRECTION('',(-0.,-1.,0.));
#2711 = ADVANCED_FACE('',(#2712),#2723,.F.);
#2712 = FACE_BOUND('',#2713,.T.);
#2713 = EDGE_LOOP('',(#2714,#2715,#2721,#2722));
#2714 = ORIENTED_EDGE('',*,*,#624,.T.);
#2715 = ORIENTED_EDGE('',*,*,#2716,.T.);
#2716 = EDGE_CURVE('',#625,#1532,#2717,.T.);
#2717 = LINE('',#2718,#2719);
#2718 = CARTESIAN_POINT('',(147.45,-98.35,-4.6E-02));
#2719 = VECTOR('',#2720,1.);
#2720 = DIRECTION('',(0.,0.,1.));
#2721 = ORIENTED_EDGE('',*,*,#1531,.F.);
#2722 = ORIENTED_EDGE('',*,*,#2716,.F.);
#2723 = CYLINDRICAL_SURFACE('',#2724,0.35);
#2724 = AXIS2_PLACEMENT_3D('',#2725,#2726,#2727);
#2725 = CARTESIAN_POINT('',(147.45,-98.,-4.6E-02));
#2726 = DIRECTION('',(-0.,-0.,-1.));
#2727 = DIRECTION('',(-0.,-1.,0.));
#2728 = ADVANCED_FACE('',(#2729),#2740,.F.);
#2729 = FACE_BOUND('',#2730,.T.);
#2730 = EDGE_LOOP('',(#2731,#2732,#2738,#2739));
#2731 = ORIENTED_EDGE('',*,*,#635,.T.);
#2732 = ORIENTED_EDGE('',*,*,#2733,.T.);
#2733 = EDGE_CURVE('',#636,#1543,#2734,.T.);
#2734 = LINE('',#2735,#2736);
#2735 = CARTESIAN_POINT('',(152.53,-98.35,-4.6E-02));
#2736 = VECTOR('',#2737,1.);
#2737 = DIRECTION('',(0.,0.,1.));
#2738 = ORIENTED_EDGE('',*,*,#1542,.F.);
#2739 = ORIENTED_EDGE('',*,*,#2733,.F.);
#2740 = CYLINDRICAL_SURFACE('',#2741,0.35);
#2741 = AXIS2_PLACEMENT_3D('',#2742,#2743,#2744);
#2742 = CARTESIAN_POINT('',(152.53,-98.,-4.6E-02));
#2743 = DIRECTION('',(-0.,-0.,-1.));
#2744 = DIRECTION('',(-0.,-1.,0.));
#2745 = ADVANCED_FACE('',(#2746),#2757,.F.);
#2746 = FACE_BOUND('',#2747,.T.);
#2747 = EDGE_LOOP('',(#2748,#2749,#2755,#2756));
#2748 = ORIENTED_EDGE('',*,*,#646,.T.);
#2749 = ORIENTED_EDGE('',*,*,#2750,.T.);
#2750 = EDGE_CURVE('',#647,#1554,#2751,.T.);
#2751 = LINE('',#2752,#2753);
#2752 = CARTESIAN_POINT('',(157.29,-98.15,-4.6E-02));
#2753 = VECTOR('',#2754,1.);
#2754 = DIRECTION('',(0.,0.,1.));
#2755 = ORIENTED_EDGE('',*,*,#1553,.F.);
#2756 = ORIENTED_EDGE('',*,*,#2750,.F.);
#2757 = CYLINDRICAL_SURFACE('',#2758,0.4);
#2758 = AXIS2_PLACEMENT_3D('',#2759,#2760,#2761);
#2759 = CARTESIAN_POINT('',(157.29,-97.75,-4.6E-02));
#2760 = DIRECTION('',(-0.,-0.,-1.));
#2761 = DIRECTION('',(-0.,-1.,0.));
#2762 = ADVANCED_FACE('',(#2763),#2774,.F.);
#2763 = FACE_BOUND('',#2764,.T.);
#2764 = EDGE_LOOP('',(#2765,#2766,#2772,#2773));
#2765 = ORIENTED_EDGE('',*,*,#657,.T.);
#2766 = ORIENTED_EDGE('',*,*,#2767,.T.);
#2767 = EDGE_CURVE('',#658,#1565,#2768,.T.);
#2768 = LINE('',#2769,#2770);
#2769 = CARTESIAN_POINT('',(159.79,-98.15,-4.6E-02));
#2770 = VECTOR('',#2771,1.);
#2771 = DIRECTION('',(0.,0.,1.));
#2772 = ORIENTED_EDGE('',*,*,#1564,.F.);
#2773 = ORIENTED_EDGE('',*,*,#2767,.F.);
#2774 = CYLINDRICAL_SURFACE('',#2775,0.4);
#2775 = AXIS2_PLACEMENT_3D('',#2776,#2777,#2778);
#2776 = CARTESIAN_POINT('',(159.79,-97.75,-4.6E-02));
#2777 = DIRECTION('',(-0.,-0.,-1.));
#2778 = DIRECTION('',(-0.,-1.,0.));
#2779 = ADVANCED_FACE('',(#2780),#2791,.F.);
#2780 = FACE_BOUND('',#2781,.T.);
#2781 = EDGE_LOOP('',(#2782,#2783,#2789,#2790));
#2782 = ORIENTED_EDGE('',*,*,#668,.T.);
#2783 = ORIENTED_EDGE('',*,*,#2784,.T.);
#2784 = EDGE_CURVE('',#669,#1576,#2785,.T.);
#2785 = LINE('',#2786,#2787);
#2786 = CARTESIAN_POINT('',(164.18,-97.84,-4.6E-02));
#2787 = VECTOR('',#2788,1.);
#2788 = DIRECTION('',(0.,0.,1.));
#2789 = ORIENTED_EDGE('',*,*,#1575,.F.);
#2790 = ORIENTED_EDGE('',*,*,#2784,.F.);
#2791 = CYLINDRICAL_SURFACE('',#2792,0.5);
#2792 = AXIS2_PLACEMENT_3D('',#2793,#2794,#2795);
#2793 = CARTESIAN_POINT('',(164.18,-97.34,-4.6E-02));
#2794 = DIRECTION('',(-0.,-0.,-1.));
#2795 = DIRECTION('',(-0.,-1.,0.));
#2796 = ADVANCED_FACE('',(#2797),#2808,.F.);
#2797 = FACE_BOUND('',#2798,.T.);
#2798 = EDGE_LOOP('',(#2799,#2800,#2806,#2807));
#2799 = ORIENTED_EDGE('',*,*,#679,.T.);
#2800 = ORIENTED_EDGE('',*,*,#2801,.T.);
#2801 = EDGE_CURVE('',#680,#1587,#2802,.T.);
#2802 = LINE('',#2803,#2804);
#2803 = CARTESIAN_POINT('',(166.72,-97.84,-4.6E-02));
#2804 = VECTOR('',#2805,1.);
#2805 = DIRECTION('',(0.,0.,1.));
#2806 = ORIENTED_EDGE('',*,*,#1586,.F.);
#2807 = ORIENTED_EDGE('',*,*,#2801,.F.);
#2808 = CYLINDRICAL_SURFACE('',#2809,0.5);
#2809 = AXIS2_PLACEMENT_3D('',#2810,#2811,#2812);
#2810 = CARTESIAN_POINT('',(166.72,-97.34,-4.6E-02));
#2811 = DIRECTION('',(-0.,-0.,-1.));
#2812 = DIRECTION('',(-0.,-1.,0.));
#2813 = ADVANCED_FACE('',(#2814),#2825,.F.);
#2814 = FACE_BOUND('',#2815,.T.);
#2815 = EDGE_LOOP('',(#2816,#2817,#2823,#2824));
#2816 = ORIENTED_EDGE('',*,*,#690,.T.);
#2817 = ORIENTED_EDGE('',*,*,#2818,.T.);
#2818 = EDGE_CURVE('',#691,#1598,#2819,.T.);
#2819 = LINE('',#2820,#2821);
#2820 = CARTESIAN_POINT('',(164.18,-95.3,-4.6E-02));
#2821 = VECTOR('',#2822,1.);
#2822 = DIRECTION('',(0.,0.,1.));
#2823 = ORIENTED_EDGE('',*,*,#1597,.F.);
#2824 = ORIENTED_EDGE('',*,*,#2818,.F.);
#2825 = CYLINDRICAL_SURFACE('',#2826,0.5);
#2826 = AXIS2_PLACEMENT_3D('',#2827,#2828,#2829);
#2827 = CARTESIAN_POINT('',(164.18,-94.8,-4.6E-02));
#2828 = DIRECTION('',(-0.,-0.,-1.));
#2829 = DIRECTION('',(-0.,-1.,0.));
#2830 = ADVANCED_FACE('',(#2831),#2842,.F.);
#2831 = FACE_BOUND('',#2832,.T.);
#2832 = EDGE_LOOP('',(#2833,#2834,#2840,#2841));
#2833 = ORIENTED_EDGE('',*,*,#701,.T.);
#2834 = ORIENTED_EDGE('',*,*,#2835,.T.);
#2835 = EDGE_CURVE('',#702,#1609,#2836,.T.);
#2836 = LINE('',#2837,#2838);
#2837 = CARTESIAN_POINT('',(166.72,-95.3,-4.6E-02));
#2838 = VECTOR('',#2839,1.);
#2839 = DIRECTION('',(0.,0.,1.));
#2840 = ORIENTED_EDGE('',*,*,#1608,.F.);
#2841 = ORIENTED_EDGE('',*,*,#2835,.F.);
#2842 = CYLINDRICAL_SURFACE('',#2843,0.5);
#2843 = AXIS2_PLACEMENT_3D('',#2844,#2845,#2846);
#2844 = CARTESIAN_POINT('',(166.72,-94.8,-4.6E-02));
#2845 = DIRECTION('',(-0.,-0.,-1.));
#2846 = DIRECTION('',(-0.,-1.,0.));
#2847 = ADVANCED_FACE('',(#2848),#2859,.F.);
#2848 = FACE_BOUND('',#2849,.T.);
#2849 = EDGE_LOOP('',(#2850,#2851,#2857,#2858));
#2850 = ORIENTED_EDGE('',*,*,#712,.T.);
#2851 = ORIENTED_EDGE('',*,*,#2852,.T.);
#2852 = EDGE_CURVE('',#713,#1620,#2853,.T.);
#2853 = LINE('',#2854,#2855);
#2854 = CARTESIAN_POINT('',(142.09,-93.6,-4.6E-02));
#2855 = VECTOR('',#2856,1.);
#2856 = DIRECTION('',(0.,0.,1.));
#2857 = ORIENTED_EDGE('',*,*,#1619,.F.);
#2858 = ORIENTED_EDGE('',*,*,#2852,.F.);
#2859 = CYLINDRICAL_SURFACE('',#2860,0.35);
#2860 = AXIS2_PLACEMENT_3D('',#2861,#2862,#2863);
#2861 = CARTESIAN_POINT('',(142.09,-93.25,-4.6E-02));
#2862 = DIRECTION('',(-0.,-0.,-1.));
#2863 = DIRECTION('',(-0.,-1.,0.));
#2864 = ADVANCED_FACE('',(#2865),#2876,.F.);
#2865 = FACE_BOUND('',#2866,.T.);
#2866 = EDGE_LOOP('',(#2867,#2868,#2874,#2875));
#2867 = ORIENTED_EDGE('',*,*,#723,.T.);
#2868 = ORIENTED_EDGE('',*,*,#2869,.T.);
#2869 = EDGE_CURVE('',#724,#1631,#2870,.T.);
#2870 = LINE('',#2871,#2872);
#2871 = CARTESIAN_POINT('',(147.21,-92.8,-4.6E-02));
#2872 = VECTOR('',#2873,1.);
#2873 = DIRECTION('',(0.,0.,1.));
#2874 = ORIENTED_EDGE('',*,*,#1630,.F.);
#2875 = ORIENTED_EDGE('',*,*,#2869,.F.);
#2876 = CYLINDRICAL_SURFACE('',#2877,0.55);
#2877 = AXIS2_PLACEMENT_3D('',#2878,#2879,#2880);
#2878 = CARTESIAN_POINT('',(147.21,-92.25,-4.6E-02));
#2879 = DIRECTION('',(-0.,0.,-1.));
#2880 = DIRECTION('',(5.167583532801E-14,-1.,-0.));
#2881 = ADVANCED_FACE('',(#2882),#2893,.F.);
#2882 = FACE_BOUND('',#2883,.T.);
#2883 = EDGE_LOOP('',(#2884,#2885,#2891,#2892));
#2884 = ORIENTED_EDGE('',*,*,#734,.T.);
#2885 = ORIENTED_EDGE('',*,*,#2886,.T.);
#2886 = EDGE_CURVE('',#735,#1642,#2887,.T.);
#2887 = LINE('',#2888,#2889);
#2888 = CARTESIAN_POINT('',(149.75,-92.8,-4.6E-02));
#2889 = VECTOR('',#2890,1.);
#2890 = DIRECTION('',(0.,0.,1.));
#2891 = ORIENTED_EDGE('',*,*,#1641,.F.);
#2892 = ORIENTED_EDGE('',*,*,#2886,.F.);
#2893 = CYLINDRICAL_SURFACE('',#2894,0.55);
#2894 = AXIS2_PLACEMENT_3D('',#2895,#2896,#2897);
#2895 = CARTESIAN_POINT('',(149.75,-92.25,-4.6E-02));
#2896 = DIRECTION('',(-0.,-0.,-1.));
#2897 = DIRECTION('',(-0.,-1.,0.));
#2898 = ADVANCED_FACE('',(#2899),#2910,.F.);
#2899 = FACE_BOUND('',#2900,.T.);
#2900 = EDGE_LOOP('',(#2901,#2902,#2908,#2909));
#2901 = ORIENTED_EDGE('',*,*,#745,.T.);
#2902 = ORIENTED_EDGE('',*,*,#2903,.T.);
#2903 = EDGE_CURVE('',#746,#1653,#2904,.T.);
#2904 = LINE('',#2905,#2906);
#2905 = CARTESIAN_POINT('',(152.29,-92.8,-4.6E-02));
#2906 = VECTOR('',#2907,1.);
#2907 = DIRECTION('',(0.,0.,1.));
#2908 = ORIENTED_EDGE('',*,*,#1652,.F.);
#2909 = ORIENTED_EDGE('',*,*,#2903,.F.);
#2910 = CYLINDRICAL_SURFACE('',#2911,0.55);
#2911 = AXIS2_PLACEMENT_3D('',#2912,#2913,#2914);
#2912 = CARTESIAN_POINT('',(152.29,-92.25,-4.6E-02));
#2913 = DIRECTION('',(-0.,-0.,-1.));
#2914 = DIRECTION('',(-5.167583532801E-14,-1.,0.));
#2915 = ADVANCED_FACE('',(#2916),#2927,.F.);
#2916 = FACE_BOUND('',#2917,.T.);
#2917 = EDGE_LOOP('',(#2918,#2919,#2925,#2926));
#2918 = ORIENTED_EDGE('',*,*,#756,.T.);
#2919 = ORIENTED_EDGE('',*,*,#2920,.T.);
#2920 = EDGE_CURVE('',#757,#1664,#2921,.T.);
#2921 = LINE('',#2922,#2923);
#2922 = CARTESIAN_POINT('',(164.18,-92.76,-4.6E-02));
#2923 = VECTOR('',#2924,1.);
#2924 = DIRECTION('',(0.,0.,1.));
#2925 = ORIENTED_EDGE('',*,*,#1663,.F.);
#2926 = ORIENTED_EDGE('',*,*,#2920,.F.);
#2927 = CYLINDRICAL_SURFACE('',#2928,0.5);
#2928 = AXIS2_PLACEMENT_3D('',#2929,#2930,#2931);
#2929 = CARTESIAN_POINT('',(164.18,-92.26,-4.6E-02));
#2930 = DIRECTION('',(-0.,-0.,-1.));
#2931 = DIRECTION('',(-0.,-1.,0.));
#2932 = ADVANCED_FACE('',(#2933),#2944,.F.);
#2933 = FACE_BOUND('',#2934,.T.);
#2934 = EDGE_LOOP('',(#2935,#2936,#2942,#2943));
#2935 = ORIENTED_EDGE('',*,*,#767,.T.);
#2936 = ORIENTED_EDGE('',*,*,#2937,.T.);
#2937 = EDGE_CURVE('',#768,#1675,#2938,.T.);
#2938 = LINE('',#2939,#2940);
#2939 = CARTESIAN_POINT('',(166.72,-92.76,-4.6E-02));
#2940 = VECTOR('',#2941,1.);
#2941 = DIRECTION('',(0.,0.,1.));
#2942 = ORIENTED_EDGE('',*,*,#1674,.F.);
#2943 = ORIENTED_EDGE('',*,*,#2937,.F.);
#2944 = CYLINDRICAL_SURFACE('',#2945,0.5);
#2945 = AXIS2_PLACEMENT_3D('',#2946,#2947,#2948);
#2946 = CARTESIAN_POINT('',(166.72,-92.26,-4.6E-02));
#2947 = DIRECTION('',(-0.,-0.,-1.));
#2948 = DIRECTION('',(-0.,-1.,0.));
#2949 = ADVANCED_FACE('',(#2950),#2961,.F.);
#2950 = FACE_BOUND('',#2951,.T.);
#2951 = EDGE_LOOP('',(#2952,#2953,#2959,#2960));
#2952 = ORIENTED_EDGE('',*,*,#778,.T.);
#2953 = ORIENTED_EDGE('',*,*,#2954,.T.);
#2954 = EDGE_CURVE('',#779,#1686,#2955,.T.);
#2955 = LINE('',#2956,#2957);
#2956 = CARTESIAN_POINT('',(157.27,-91.985,-4.6E-02));
#2957 = VECTOR('',#2958,1.);
#2958 = DIRECTION('',(0.,0.,1.));
#2959 = ORIENTED_EDGE('',*,*,#1685,.F.);
#2960 = ORIENTED_EDGE('',*,*,#2954,.F.);
#2961 = CYLINDRICAL_SURFACE('',#2962,0.375);
#2962 = AXIS2_PLACEMENT_3D('',#2963,#2964,#2965);
#2963 = CARTESIAN_POINT('',(157.27,-91.61,-4.6E-02));
#2964 = DIRECTION('',(-0.,-0.,-1.));
#2965 = DIRECTION('',(-0.,-1.,0.));
#2966 = ADVANCED_FACE('',(#2967),#2978,.F.);
#2967 = FACE_BOUND('',#2968,.T.);
#2968 = EDGE_LOOP('',(#2969,#2970,#2976,#2977));
#2969 = ORIENTED_EDGE('',*,*,#789,.T.);
#2970 = ORIENTED_EDGE('',*,*,#2971,.T.);
#2971 = EDGE_CURVE('',#790,#1697,#2972,.T.);
#2972 = LINE('',#2973,#2974);
#2973 = CARTESIAN_POINT('',(159.81,-91.985,-4.6E-02));
#2974 = VECTOR('',#2975,1.);
#2975 = DIRECTION('',(0.,0.,1.));
#2976 = ORIENTED_EDGE('',*,*,#1696,.F.);
#2977 = ORIENTED_EDGE('',*,*,#2971,.F.);
#2978 = CYLINDRICAL_SURFACE('',#2979,0.375);
#2979 = AXIS2_PLACEMENT_3D('',#2980,#2981,#2982);
#2980 = CARTESIAN_POINT('',(159.81,-91.61,-4.6E-02));
#2981 = DIRECTION('',(-0.,-0.,-1.));
#2982 = DIRECTION('',(-0.,-1.,0.));
#2983 = ADVANCED_FACE('',(#2984),#2995,.F.);
#2984 = FACE_BOUND('',#2985,.T.);
#2985 = EDGE_LOOP('',(#2986,#2987,#2993,#2994));
#2986 = ORIENTED_EDGE('',*,*,#800,.T.);
#2987 = ORIENTED_EDGE('',*,*,#2988,.T.);
#2988 = EDGE_CURVE('',#801,#1708,#2989,.T.);
#2989 = LINE('',#2990,#2991);
#2990 = CARTESIAN_POINT('',(158.54,-90.715,-4.6E-02));
#2991 = VECTOR('',#2992,1.);
#2992 = DIRECTION('',(0.,0.,1.));
#2993 = ORIENTED_EDGE('',*,*,#1707,.F.);
#2994 = ORIENTED_EDGE('',*,*,#2988,.F.);
#2995 = CYLINDRICAL_SURFACE('',#2996,0.375);
#2996 = AXIS2_PLACEMENT_3D('',#2997,#2998,#2999);
#2997 = CARTESIAN_POINT('',(158.54,-90.34,-4.6E-02));
#2998 = DIRECTION('',(-0.,-0.,-1.));
#2999 = DIRECTION('',(-0.,-1.,0.));
#3000 = ADVANCED_FACE('',(#3001),#3012,.F.);
#3001 = FACE_BOUND('',#3002,.T.);
#3002 = EDGE_LOOP('',(#3003,#3004,#3010,#3011));
#3003 = ORIENTED_EDGE('',*,*,#811,.T.);
#3004 = ORIENTED_EDGE('',*,*,#3005,.T.);
#3005 = EDGE_CURVE('',#812,#1719,#3006,.T.);
#3006 = LINE('',#3007,#3008);
#3007 = CARTESIAN_POINT('',(164.18,-90.22,-4.6E-02));
#3008 = VECTOR('',#3009,1.);
#3009 = DIRECTION('',(0.,0.,1.));
#3010 = ORIENTED_EDGE('',*,*,#1718,.F.);
#3011 = ORIENTED_EDGE('',*,*,#3005,.F.);
#3012 = CYLINDRICAL_SURFACE('',#3013,0.5);
#3013 = AXIS2_PLACEMENT_3D('',#3014,#3015,#3016);
#3014 = CARTESIAN_POINT('',(164.18,-89.72,-4.6E-02));
#3015 = DIRECTION('',(-0.,-0.,-1.));
#3016 = DIRECTION('',(-0.,-1.,0.));
#3017 = ADVANCED_FACE('',(#3018),#3029,.F.);
#3018 = FACE_BOUND('',#3019,.T.);
#3019 = EDGE_LOOP('',(#3020,#3021,#3027,#3028));
#3020 = ORIENTED_EDGE('',*,*,#822,.T.);
#3021 = ORIENTED_EDGE('',*,*,#3022,.T.);
#3022 = EDGE_CURVE('',#823,#1730,#3023,.T.);
#3023 = LINE('',#3024,#3025);
#3024 = CARTESIAN_POINT('',(166.72,-90.22,-4.6E-02));
#3025 = VECTOR('',#3026,1.);
#3026 = DIRECTION('',(0.,0.,1.));
#3027 = ORIENTED_EDGE('',*,*,#1729,.F.);
#3028 = ORIENTED_EDGE('',*,*,#3022,.F.);
#3029 = CYLINDRICAL_SURFACE('',#3030,0.5);
#3030 = AXIS2_PLACEMENT_3D('',#3031,#3032,#3033);
#3031 = CARTESIAN_POINT('',(166.72,-89.72,-4.6E-02));
#3032 = DIRECTION('',(-0.,-0.,-1.));
#3033 = DIRECTION('',(-0.,-1.,0.));
#3034 = ADVANCED_FACE('',(#3035),#3046,.F.);
#3035 = FACE_BOUND('',#3036,.T.);
#3036 = EDGE_LOOP('',(#3037,#3038,#3044,#3045));
#3037 = ORIENTED_EDGE('',*,*,#833,.T.);
#3038 = ORIENTED_EDGE('',*,*,#3039,.T.);
#3039 = EDGE_CURVE('',#834,#1741,#3040,.T.);
#3040 = LINE('',#3041,#3042);
#3041 = CARTESIAN_POINT('',(108.,-85.75,-4.6E-02));
#3042 = VECTOR('',#3043,1.);
#3043 = DIRECTION('',(0.,0.,1.));
#3044 = ORIENTED_EDGE('',*,*,#1740,.F.);
#3045 = ORIENTED_EDGE('',*,*,#3039,.F.);
#3046 = CYLINDRICAL_SURFACE('',#3047,0.5);
#3047 = AXIS2_PLACEMENT_3D('',#3048,#3049,#3050);
#3048 = CARTESIAN_POINT('',(108.,-85.25,-4.6E-02));
#3049 = DIRECTION('',(-0.,-0.,-1.));
#3050 = DIRECTION('',(-0.,-1.,0.));
#3051 = ADVANCED_FACE('',(#3052),#3063,.F.);
#3052 = FACE_BOUND('',#3053,.T.);
#3053 = EDGE_LOOP('',(#3054,#3055,#3061,#3062));
#3054 = ORIENTED_EDGE('',*,*,#844,.T.);
#3055 = ORIENTED_EDGE('',*,*,#3056,.T.);
#3056 = EDGE_CURVE('',#845,#1752,#3057,.T.);
#3057 = LINE('',#3058,#3059);
#3058 = CARTESIAN_POINT('',(137.01,-89.6,-4.6E-02));
#3059 = VECTOR('',#3060,1.);
#3060 = DIRECTION('',(0.,0.,1.));
#3061 = ORIENTED_EDGE('',*,*,#1751,.F.);
#3062 = ORIENTED_EDGE('',*,*,#3056,.F.);
#3063 = CYLINDRICAL_SURFACE('',#3064,0.35);
#3064 = AXIS2_PLACEMENT_3D('',#3065,#3066,#3067);
#3065 = CARTESIAN_POINT('',(137.01,-89.25,-4.6E-02));
#3066 = DIRECTION('',(-0.,-0.,-1.));
#3067 = DIRECTION('',(-0.,-1.,0.));
#3068 = ADVANCED_FACE('',(#3069),#3080,.F.);
#3069 = FACE_BOUND('',#3070,.T.);
#3070 = EDGE_LOOP('',(#3071,#3072,#3078,#3079));
#3071 = ORIENTED_EDGE('',*,*,#855,.T.);
#3072 = ORIENTED_EDGE('',*,*,#3073,.T.);
#3073 = EDGE_CURVE('',#856,#1763,#3074,.T.);
#3074 = LINE('',#3075,#3076);
#3075 = CARTESIAN_POINT('',(131.,-88.29,-4.6E-02));
#3076 = VECTOR('',#3077,1.);
#3077 = DIRECTION('',(0.,0.,1.));
#3078 = ORIENTED_EDGE('',*,*,#1762,.F.);
#3079 = ORIENTED_EDGE('',*,*,#3073,.F.);
#3080 = CYLINDRICAL_SURFACE('',#3081,0.5);
#3081 = AXIS2_PLACEMENT_3D('',#3082,#3083,#3084);
#3082 = CARTESIAN_POINT('',(131.,-87.79,-4.6E-02));
#3083 = DIRECTION('',(-0.,-0.,-1.));
#3084 = DIRECTION('',(-0.,-1.,0.));
#3085 = ADVANCED_FACE('',(#3086),#3097,.F.);
#3086 = FACE_BOUND('',#3087,.T.);
#3087 = EDGE_LOOP('',(#3088,#3089,#3095,#3096));
#3088 = ORIENTED_EDGE('',*,*,#866,.T.);
#3089 = ORIENTED_EDGE('',*,*,#3090,.T.);
#3090 = EDGE_CURVE('',#867,#1774,#3091,.T.);
#3091 = LINE('',#3092,#3093);
#3092 = CARTESIAN_POINT('',(131.,-85.75,-4.6E-02));
#3093 = VECTOR('',#3094,1.);
#3094 = DIRECTION('',(0.,0.,1.));
#3095 = ORIENTED_EDGE('',*,*,#1773,.F.);
#3096 = ORIENTED_EDGE('',*,*,#3090,.F.);
#3097 = CYLINDRICAL_SURFACE('',#3098,0.5);
#3098 = AXIS2_PLACEMENT_3D('',#3099,#3100,#3101);
#3099 = CARTESIAN_POINT('',(131.,-85.25,-4.6E-02));
#3100 = DIRECTION('',(-0.,-0.,-1.));
#3101 = DIRECTION('',(-0.,-1.,0.));
#3102 = ADVANCED_FACE('',(#3103),#3114,.F.);
#3103 = FACE_BOUND('',#3104,.T.);
#3104 = EDGE_LOOP('',(#3105,#3106,#3112,#3113));
#3105 = ORIENTED_EDGE('',*,*,#877,.T.);
#3106 = ORIENTED_EDGE('',*,*,#3107,.T.);
#3107 = EDGE_CURVE('',#878,#1785,#3108,.T.);
#3108 = LINE('',#3109,#3110);
#3109 = CARTESIAN_POINT('',(120.5,-82.,-4.6E-02));
#3110 = VECTOR('',#3111,1.);
#3111 = DIRECTION('',(0.,0.,1.));
#3112 = ORIENTED_EDGE('',*,*,#1784,.F.);
#3113 = ORIENTED_EDGE('',*,*,#3107,.F.);
#3114 = CYLINDRICAL_SURFACE('',#3115,0.5);
#3115 = AXIS2_PLACEMENT_3D('',#3116,#3117,#3118);
#3116 = CARTESIAN_POINT('',(120.5,-81.5,-4.6E-02));
#3117 = DIRECTION('',(-0.,-0.,-1.));
#3118 = DIRECTION('',(-0.,-1.,0.));
#3119 = ADVANCED_FACE('',(#3120),#3131,.F.);
#3120 = FACE_BOUND('',#3121,.T.);
#3121 = EDGE_LOOP('',(#3122,#3123,#3129,#3130));
#3122 = ORIENTED_EDGE('',*,*,#888,.T.);
#3123 = ORIENTED_EDGE('',*,*,#3124,.T.);
#3124 = EDGE_CURVE('',#889,#1796,#3125,.T.);
#3125 = LINE('',#3126,#3127);
#3126 = CARTESIAN_POINT('',(123.04,-82.,-4.6E-02));
#3127 = VECTOR('',#3128,1.);
#3128 = DIRECTION('',(0.,0.,1.));
#3129 = ORIENTED_EDGE('',*,*,#1795,.F.);
#3130 = ORIENTED_EDGE('',*,*,#3124,.F.);
#3131 = CYLINDRICAL_SURFACE('',#3132,0.5);
#3132 = AXIS2_PLACEMENT_3D('',#3133,#3134,#3135);
#3133 = CARTESIAN_POINT('',(123.04,-81.5,-4.6E-02));
#3134 = DIRECTION('',(-0.,-0.,-1.));
#3135 = DIRECTION('',(-0.,-1.,0.));
#3136 = ADVANCED_FACE('',(#3137),#3148,.F.);
#3137 = FACE_BOUND('',#3138,.T.);
#3138 = EDGE_LOOP('',(#3139,#3140,#3146,#3147));
#3139 = ORIENTED_EDGE('',*,*,#899,.T.);
#3140 = ORIENTED_EDGE('',*,*,#3141,.T.);
#3141 = EDGE_CURVE('',#900,#1807,#3142,.T.);
#3142 = LINE('',#3143,#3144);
#3143 = CARTESIAN_POINT('',(142.09,-89.6,-4.6E-02));
#3144 = VECTOR('',#3145,1.);
#3145 = DIRECTION('',(0.,0.,1.));
#3146 = ORIENTED_EDGE('',*,*,#1806,.F.);
#3147 = ORIENTED_EDGE('',*,*,#3141,.F.);
#3148 = CYLINDRICAL_SURFACE('',#3149,0.35);
#3149 = AXIS2_PLACEMENT_3D('',#3150,#3151,#3152);
#3150 = CARTESIAN_POINT('',(142.09,-89.25,-4.6E-02));
#3151 = DIRECTION('',(-0.,-0.,-1.));
#3152 = DIRECTION('',(-0.,-1.,0.));
#3153 = ADVANCED_FACE('',(#3154),#3165,.F.);
#3154 = FACE_BOUND('',#3155,.T.);
#3155 = EDGE_LOOP('',(#3156,#3157,#3163,#3164));
#3156 = ORIENTED_EDGE('',*,*,#910,.T.);
#3157 = ORIENTED_EDGE('',*,*,#3158,.T.);
#3158 = EDGE_CURVE('',#911,#1818,#3159,.T.);
#3159 = LINE('',#3160,#3161);
#3160 = CARTESIAN_POINT('',(146.48,-85.11,-4.6E-02));
#3161 = VECTOR('',#3162,1.);
#3162 = DIRECTION('',(0.,0.,1.));
#3163 = ORIENTED_EDGE('',*,*,#1817,.F.);
#3164 = ORIENTED_EDGE('',*,*,#3158,.F.);
#3165 = CYLINDRICAL_SURFACE('',#3166,0.45);
#3166 = AXIS2_PLACEMENT_3D('',#3167,#3168,#3169);
#3167 = CARTESIAN_POINT('',(146.48,-84.66,-4.6E-02));
#3168 = DIRECTION('',(-0.,-0.,-1.));
#3169 = DIRECTION('',(-6.315935428979E-14,-1.,0.));
#3170 = ADVANCED_FACE('',(#3171),#3182,.F.);
#3171 = FACE_BOUND('',#3172,.T.);
#3172 = EDGE_LOOP('',(#3173,#3174,#3180,#3181));
#3173 = ORIENTED_EDGE('',*,*,#921,.T.);
#3174 = ORIENTED_EDGE('',*,*,#3175,.T.);
#3175 = EDGE_CURVE('',#922,#1829,#3176,.T.);
#3176 = LINE('',#3177,#3178);
#3177 = CARTESIAN_POINT('',(154.1,-85.11,-4.6E-02));
#3178 = VECTOR('',#3179,1.);
#3179 = DIRECTION('',(0.,0.,1.));
#3180 = ORIENTED_EDGE('',*,*,#1828,.F.);
#3181 = ORIENTED_EDGE('',*,*,#3175,.F.);
#3182 = CYLINDRICAL_SURFACE('',#3183,0.45);
#3183 = AXIS2_PLACEMENT_3D('',#3184,#3185,#3186);
#3184 = CARTESIAN_POINT('',(154.1,-84.66,-4.6E-02));
#3185 = DIRECTION('',(-0.,-0.,-1.));
#3186 = DIRECTION('',(-6.315935428979E-14,-1.,0.));
#3187 = ADVANCED_FACE('',(#3188),#3199,.F.);
#3188 = FACE_BOUND('',#3189,.T.);
#3189 = EDGE_LOOP('',(#3190,#3191,#3197,#3198));
#3190 = ORIENTED_EDGE('',*,*,#932,.T.);
#3191 = ORIENTED_EDGE('',*,*,#3192,.T.);
#3192 = EDGE_CURVE('',#933,#1840,#3193,.T.);
#3193 = LINE('',#3194,#3195);
#3194 = CARTESIAN_POINT('',(184.5,-97.84,-4.6E-02));
#3195 = VECTOR('',#3196,1.);
#3196 = DIRECTION('',(0.,0.,1.));
#3197 = ORIENTED_EDGE('',*,*,#1839,.F.);
#3198 = ORIENTED_EDGE('',*,*,#3192,.F.);
#3199 = CYLINDRICAL_SURFACE('',#3200,0.5);
#3200 = AXIS2_PLACEMENT_3D('',#3201,#3202,#3203);
#3201 = CARTESIAN_POINT('',(184.5,-97.34,-4.6E-02));
#3202 = DIRECTION('',(-0.,-0.,-1.));
#3203 = DIRECTION('',(-0.,-1.,0.));
#3204 = ADVANCED_FACE('',(#3205),#3216,.F.);
#3205 = FACE_BOUND('',#3206,.T.);
#3206 = EDGE_LOOP('',(#3207,#3208,#3214,#3215));
#3207 = ORIENTED_EDGE('',*,*,#943,.T.);
#3208 = ORIENTED_EDGE('',*,*,#3209,.T.);
#3209 = EDGE_CURVE('',#944,#1851,#3210,.T.);
#3210 = LINE('',#3211,#3212);
#3211 = CARTESIAN_POINT('',(187.04,-97.84,-4.6E-02));
#3212 = VECTOR('',#3213,1.);
#3213 = DIRECTION('',(0.,0.,1.));
#3214 = ORIENTED_EDGE('',*,*,#1850,.F.);
#3215 = ORIENTED_EDGE('',*,*,#3209,.F.);
#3216 = CYLINDRICAL_SURFACE('',#3217,0.5);
#3217 = AXIS2_PLACEMENT_3D('',#3218,#3219,#3220);
#3218 = CARTESIAN_POINT('',(187.04,-97.34,-4.6E-02));
#3219 = DIRECTION('',(-0.,-0.,-1.));
#3220 = DIRECTION('',(-0.,-1.,0.));
#3221 = ADVANCED_FACE('',(#3222),#3233,.F.);
#3222 = FACE_BOUND('',#3223,.T.);
#3223 = EDGE_LOOP('',(#3224,#3225,#3231,#3232));
#3224 = ORIENTED_EDGE('',*,*,#954,.T.);
#3225 = ORIENTED_EDGE('',*,*,#3226,.T.);
#3226 = EDGE_CURVE('',#955,#1862,#3227,.T.);
#3227 = LINE('',#3228,#3229);
#3228 = CARTESIAN_POINT('',(191.958267,-97.17,-4.6E-02));
#3229 = VECTOR('',#3230,1.);
#3230 = DIRECTION('',(0.,0.,1.));
#3231 = ORIENTED_EDGE('',*,*,#1861,.F.);
#3232 = ORIENTED_EDGE('',*,*,#3226,.F.);
#3233 = CYLINDRICAL_SURFACE('',#3234,0.5);
#3234 = AXIS2_PLACEMENT_3D('',#3235,#3236,#3237);
#3235 = CARTESIAN_POINT('',(191.958267,-96.67,-4.6E-02));
#3236 = DIRECTION('',(-0.,-0.,-1.));
#3237 = DIRECTION('',(-0.,-1.,0.));
#3238 = ADVANCED_FACE('',(#3239),#3250,.F.);
#3239 = FACE_BOUND('',#3240,.T.);
#3240 = EDGE_LOOP('',(#3241,#3242,#3248,#3249));
#3241 = ORIENTED_EDGE('',*,*,#965,.T.);
#3242 = ORIENTED_EDGE('',*,*,#3243,.T.);
#3243 = EDGE_CURVE('',#966,#1873,#3244,.T.);
#3244 = LINE('',#3245,#3246);
#3245 = CARTESIAN_POINT('',(184.5,-95.3,-4.6E-02));
#3246 = VECTOR('',#3247,1.);
#3247 = DIRECTION('',(0.,0.,1.));
#3248 = ORIENTED_EDGE('',*,*,#1872,.F.);
#3249 = ORIENTED_EDGE('',*,*,#3243,.F.);
#3250 = CYLINDRICAL_SURFACE('',#3251,0.5);
#3251 = AXIS2_PLACEMENT_3D('',#3252,#3253,#3254);
#3252 = CARTESIAN_POINT('',(184.5,-94.8,-4.6E-02));
#3253 = DIRECTION('',(-0.,-0.,-1.));
#3254 = DIRECTION('',(-0.,-1.,0.));
#3255 = ADVANCED_FACE('',(#3256),#3267,.F.);
#3256 = FACE_BOUND('',#3257,.T.);
#3257 = EDGE_LOOP('',(#3258,#3259,#3265,#3266));
#3258 = ORIENTED_EDGE('',*,*,#976,.T.);
#3259 = ORIENTED_EDGE('',*,*,#3260,.T.);
#3260 = EDGE_CURVE('',#977,#1884,#3261,.T.);
#3261 = LINE('',#3262,#3263);
#3262 = CARTESIAN_POINT('',(187.04,-95.3,-4.6E-02));
#3263 = VECTOR('',#3264,1.);
#3264 = DIRECTION('',(0.,0.,1.));
#3265 = ORIENTED_EDGE('',*,*,#1883,.F.);
#3266 = ORIENTED_EDGE('',*,*,#3260,.F.);
#3267 = CYLINDRICAL_SURFACE('',#3268,0.5);
#3268 = AXIS2_PLACEMENT_3D('',#3269,#3270,#3271);
#3269 = CARTESIAN_POINT('',(187.04,-94.8,-4.6E-02));
#3270 = DIRECTION('',(-0.,-0.,-1.));
#3271 = DIRECTION('',(-0.,-1.,0.));
#3272 = ADVANCED_FACE('',(#3273),#3284,.F.);
#3273 = FACE_BOUND('',#3274,.T.);
#3274 = EDGE_LOOP('',(#3275,#3276,#3282,#3283));
#3275 = ORIENTED_EDGE('',*,*,#987,.T.);
#3276 = ORIENTED_EDGE('',*,*,#3277,.T.);
#3277 = EDGE_CURVE('',#988,#1895,#3278,.T.);
#3278 = LINE('',#3279,#3280);
#3279 = CARTESIAN_POINT('',(184.5,-92.76,-4.6E-02));
#3280 = VECTOR('',#3281,1.);
#3281 = DIRECTION('',(0.,0.,1.));
#3282 = ORIENTED_EDGE('',*,*,#1894,.F.);
#3283 = ORIENTED_EDGE('',*,*,#3277,.F.);
#3284 = CYLINDRICAL_SURFACE('',#3285,0.5);
#3285 = AXIS2_PLACEMENT_3D('',#3286,#3287,#3288);
#3286 = CARTESIAN_POINT('',(184.5,-92.26,-4.6E-02));
#3287 = DIRECTION('',(-0.,-0.,-1.));
#3288 = DIRECTION('',(-0.,-1.,0.));
#3289 = ADVANCED_FACE('',(#3290),#3301,.F.);
#3290 = FACE_BOUND('',#3291,.T.);
#3291 = EDGE_LOOP('',(#3292,#3293,#3299,#3300));
#3292 = ORIENTED_EDGE('',*,*,#998,.T.);
#3293 = ORIENTED_EDGE('',*,*,#3294,.T.);
#3294 = EDGE_CURVE('',#999,#1906,#3295,.T.);
#3295 = LINE('',#3296,#3297);
#3296 = CARTESIAN_POINT('',(187.04,-92.76,-4.6E-02));
#3297 = VECTOR('',#3298,1.);
#3298 = DIRECTION('',(0.,0.,1.));
#3299 = ORIENTED_EDGE('',*,*,#1905,.F.);
#3300 = ORIENTED_EDGE('',*,*,#3294,.F.);
#3301 = CYLINDRICAL_SURFACE('',#3302,0.5);
#3302 = AXIS2_PLACEMENT_3D('',#3303,#3304,#3305);
#3303 = CARTESIAN_POINT('',(187.04,-92.26,-4.6E-02));
#3304 = DIRECTION('',(-0.,-0.,-1.));
#3305 = DIRECTION('',(-0.,-1.,0.));
#3306 = ADVANCED_FACE('',(#3307),#3318,.F.);
#3307 = FACE_BOUND('',#3308,.T.);
#3308 = EDGE_LOOP('',(#3309,#3310,#3316,#3317));
#3309 = ORIENTED_EDGE('',*,*,#1009,.T.);
#3310 = ORIENTED_EDGE('',*,*,#3311,.T.);
#3311 = EDGE_CURVE('',#1010,#1917,#3312,.T.);
#3312 = LINE('',#3313,#3314);
#3313 = CARTESIAN_POINT('',(184.5,-90.22,-4.6E-02));
#3314 = VECTOR('',#3315,1.);
#3315 = DIRECTION('',(0.,0.,1.));
#3316 = ORIENTED_EDGE('',*,*,#1916,.F.);
#3317 = ORIENTED_EDGE('',*,*,#3311,.F.);
#3318 = CYLINDRICAL_SURFACE('',#3319,0.5);
#3319 = AXIS2_PLACEMENT_3D('',#3320,#3321,#3322);
#3320 = CARTESIAN_POINT('',(184.5,-89.72,-4.6E-02));
#3321 = DIRECTION('',(-0.,-0.,-1.));
#3322 = DIRECTION('',(-0.,-1.,0.));
#3323 = ADVANCED_FACE('',(#3324),#3335,.F.);
#3324 = FACE_BOUND('',#3325,.T.);
#3325 = EDGE_LOOP('',(#3326,#3327,#3333,#3334));
#3326 = ORIENTED_EDGE('',*,*,#1020,.T.);
#3327 = ORIENTED_EDGE('',*,*,#3328,.T.);
#3328 = EDGE_CURVE('',#1021,#1928,#3329,.T.);
#3329 = LINE('',#3330,#3331);
#3330 = CARTESIAN_POINT('',(187.04,-90.22,-4.6E-02));
#3331 = VECTOR('',#3332,1.);
#3332 = DIRECTION('',(0.,0.,1.));
#3333 = ORIENTED_EDGE('',*,*,#1927,.F.);
#3334 = ORIENTED_EDGE('',*,*,#3328,.F.);
#3335 = CYLINDRICAL_SURFACE('',#3336,0.5);
#3336 = AXIS2_PLACEMENT_3D('',#3337,#3338,#3339);
#3337 = CARTESIAN_POINT('',(187.04,-89.72,-4.6E-02));
#3338 = DIRECTION('',(-0.,-0.,-1.));
#3339 = DIRECTION('',(-0.,-1.,0.));
#3340 = ADVANCED_FACE('',(#3341),#3352,.F.);
#3341 = FACE_BOUND('',#3342,.T.);
#3342 = EDGE_LOOP('',(#3343,#3349,#3350,#3351));
#3343 = ORIENTED_EDGE('',*,*,#3344,.T.);
#3344 = EDGE_CURVE('',#1032,#1939,#3345,.T.);
#3345 = LINE('',#3346,#3347);
#3346 = CARTESIAN_POINT('',(219.662278,-83.25,0.));
#3347 = VECTOR('',#3348,1.);
#3348 = DIRECTION('',(0.,0.,1.));
#3349 = ORIENTED_EDGE('',*,*,#1938,.T.);
#3350 = ORIENTED_EDGE('',*,*,#3344,.F.);
#3351 = ORIENTED_EDGE('',*,*,#1031,.F.);
#3352 = CYLINDRICAL_SURFACE('',#3353,3.);
#3353 = AXIS2_PLACEMENT_3D('',#3354,#3355,#3356);
#3354 = CARTESIAN_POINT('',(216.662278,-83.25,0.));
#3355 = DIRECTION('',(-0.,-0.,-1.));
#3356 = DIRECTION('',(1.,0.,-0.));
#3357 = ( GEOMETRIC_REPRESENTATION_CONTEXT(3) 
GLOBAL_UNCERTAINTY_ASSIGNED_CONTEXT((#3361)) 
GLOBAL_UNIT_ASSIGNED_CONTEXT((#3358,#3359,#3360)) REPRESENTATION_CONTEXT
('Context #1','3D Context with UNIT and UNCERTAINTY') );
#3358 = ( LENGTH_UNIT() NAMED_UNIT(*) SI_UNIT(.MILLI.,.METRE.) );
#3359 = ( NAMED_UNIT(*) PLANE_ANGLE_UNIT() SI_UNIT($,.RADIAN.) );
#3360 = ( NAMED_UNIT(*) SI_UNIT($,.STERADIAN.) SOLID_ANGLE_UNIT() );
#3361 = UNCERTAINTY_MEASURE_WITH_UNIT(LENGTH_MEASURE(1.E-07),#3358,
  'distance_accuracy_value','confusion accuracy');
#3362 = CONTEXT_DEPENDENT_SHAPE_REPRESENTATION(#3363,#3365);
#3363 = ( REPRESENTATION_RELATIONSHIP('','',#32,#10) 
REPRESENTATION_RELATIONSHIP_WITH_TRANSFORMATION(#3364) 
SHAPE_REPRESENTATION_RELATIONSHIP() );
#3364 = ITEM_DEFINED_TRANSFORMATION('','',#11,#15);
#3365 = PRODUCT_DEFINITION_SHAPE('Placement','Placement of an item',
  #3366);
#3366 = NEXT_ASSEMBLY_USAGE_OCCURRENCE('1','=>[0:1:1:2]','',#5,#27,$);
#3367 = PRODUCT_RELATED_PRODUCT_CATEGORY('part',$,(#29));
#3368 = MECHANICAL_DESIGN_GEOMETRIC_PRESENTATION_REPRESENTATION('',(
    #3369),#3357);
#3369 = STYLED_ITEM('color',(#3370),#33);
#3370 = PRESENTATION_STYLE_ASSIGNMENT((#3371));
#3371 = SURFACE_STYLE_USAGE(.BOTH.,#3372);
#3372 = SURFACE_SIDE_STYLE('',(#3373));
#3373 = SURFACE_STYLE_FILL_AREA(#3374);
#3374 = FILL_AREA_STYLE('',(#3375));
#3375 = FILL_AREA_STYLE_COLOUR('',#3376);
#3376 = COLOUR_RGB('',0.313304153717,0.484529207832,0.410020903123);
ENDSEC;
END-ISO-10303-21;
