ISO-10303-21;
HEADER;
/* Generated by software containing ST-Developer
 * from STEP Tools, Inc. (www.steptools.com) 
 */

FILE_DESCRIPTION(
/* description */ ('KiCad electronic assembly'),
/* implementation_level */ '2;1');

FILE_NAME(
/* name */ 'external_unit_mini.step',
/* time_stamp */ '2026-05-02T23:12:39+12:00',
/* author */ (''),
/* organization */ (''),
/* preprocessor_version */ 'ST-DEVELOPER v20.1',
/* originating_system */ 'Autodesk Translation Framework v15.8.0.0',
/* authorisation */ '');

FILE_SCHEMA (('AUTOMOTIVE_DESIGN { 1 0 10303 214 3 1 1 }'));
ENDSEC;

DATA;
#10=MECHANICAL_DESIGN_GEOMETRIC_PRESENTATION_REPRESENTATION('',(#59,#60,
#61,#62,#63),#14425);
#11=SHAPE_REPRESENTATION_RELATIONSHIP('SRR','None',#14435,#12);
#12=ADVANCED_BREP_SHAPE_REPRESENTATION('',(#64,#65,#66,#67,#68),#14423);
#13=ITEM_DEFINED_TRANSFORMATION($,$,#9111,#9627);
#14=(
REPRESENTATION_RELATIONSHIP($,$,#14436,#14435)
REPRESENTATION_RELATIONSHIP_WITH_TRANSFORMATION(#13)
SHAPE_REPRESENTATION_RELATIONSHIP()
);
#15=CONTEXT_DEPENDENT_SHAPE_REPRESENTATION(#14,#14434);
#16=NEXT_ASSEMBLY_USAGE_OCCURRENCE('weather_station_ext_PCB:1',
'weather_station_ext_PCB:1','weather_station_ext_PCB:1',#14438,#14439,
'weather_station_ext_PCB:1');
#17=CONICAL_SURFACE('',#9189,6.6923881554251,0.785398163397447);
#18=CONICAL_SURFACE('',#9191,2.639087296526,0.785398163397449);
#19=CONICAL_SURFACE('',#9193,5.98528137423855,0.785398163397449);
#20=CONICAL_SURFACE('',#9196,6.69238815542505,0.785398163397447);
#21=CONICAL_SURFACE('',#9198,2.63908729652599,0.785398163397447);
#22=CONICAL_SURFACE('',#9200,5.9852813742385,0.785398163397448);
#23=CONICAL_SURFACE('',#9202,6.69238815542503,0.785398163397448);
#24=CONICAL_SURFACE('',#9204,2.63908729652599,0.78539816339745);
#25=CONICAL_SURFACE('',#9206,5.9852813742385,0.785398163397442);
#26=CONICAL_SURFACE('',#9208,6.6923881554251,0.785398163397449);
#27=CONICAL_SURFACE('',#9210,2.639087296526,0.785398163397449);
#28=CONICAL_SURFACE('',#9212,5.98528137423855,0.785398163397448);
#29=CONICAL_SURFACE('',#9214,6.69238815542506,0.78539816339745);
#30=CONICAL_SURFACE('',#9216,2.63908729652599,0.78539816339745);
#31=CONICAL_SURFACE('',#9218,5.98528137423852,0.785398163397448);
#32=CONICAL_SURFACE('',#9220,6.69238815542501,0.785398163397448);
#33=CONICAL_SURFACE('',#9222,2.63908729652597,0.785398163397448);
#34=CONICAL_SURFACE('',#9224,5.98528137423846,0.785398163397448);
#35=CONICAL_SURFACE('',#9226,6.69238815542508,0.785398163397448);
#36=CONICAL_SURFACE('',#9228,2.639087296526,0.785398163397449);
#37=CONICAL_SURFACE('',#9230,5.98528137423854,0.78539816339745);
#38=CONICAL_SURFACE('',#9232,3.34619407771253,0.785398163397447);
#39=CONICAL_SURFACE('',#9234,5.98528137423854,0.785398163397449);
#40=CONICAL_SURFACE('',#9236,2.63908729652599,0.785398163397449);
#41=CONICAL_SURFACE('',#9239,3.34619407771251,0.785398163397447);
#42=CONICAL_SURFACE('',#9241,5.98528137423848,0.785398163397448);
#43=CONICAL_SURFACE('',#9243,2.63908729652597,0.785398163397447);
#44=CONICAL_SURFACE('',#9245,3.3461940777125,0.785398163397448);
#45=CONICAL_SURFACE('',#9247,5.98528137423848,0.785398163397442);
#46=CONICAL_SURFACE('',#9249,2.63908729652597,0.78539816339745);
#47=CONICAL_SURFACE('',#9251,3.34619407771253,0.785398163397449);
#48=CONICAL_SURFACE('',#9253,5.98528137423854,0.785398163397448);
#49=CONICAL_SURFACE('',#9255,2.63908729652599,0.785398163397449);
#50=CONICAL_SURFACE('',#9257,3.34619407771251,0.78539816339745);
#51=CONICAL_SURFACE('',#9259,5.9852813742385,0.785398163397448);
#52=CONICAL_SURFACE('',#9261,2.63908729652597,0.78539816339745);
#53=CONICAL_SURFACE('',#9263,3.3461940777125,0.785398163397448);
#54=CONICAL_SURFACE('',#9265,5.98528137423845,0.785398163397448);
#55=CONICAL_SURFACE('',#9267,2.63908729652595,0.785398163397448);
#56=CONICAL_SURFACE('',#9269,3.34619407771253,0.785398163397448);
#57=CONICAL_SURFACE('',#9271,5.98528137423852,0.78539816339745);
#58=CONICAL_SURFACE('',#9273,2.63908729652599,0.785398163397449);
#59=STYLED_ITEM('',(#14449),#64);
#60=STYLED_ITEM('',(#14449),#65);
#61=STYLED_ITEM('',(#14449),#66);
#62=STYLED_ITEM('',(#14449),#67);
#63=STYLED_ITEM('',(#14449),#68);
#64=MANIFOLD_SOLID_BREP('base_plate',#9093);
#65=MANIFOLD_SOLID_BREP('back_panel_slatted',#9094);
#66=MANIFOLD_SOLID_BREP('side_panel1_slatted',#9095);
#67=MANIFOLD_SOLID_BREP('side_panel2_slatted',#9096);
#68=MANIFOLD_SOLID_BREP('solar_panel_holder (1)',#9097);
#69=CYLINDRICAL_SURFACE('',#9168,2.44968915938259);
#70=CYLINDRICAL_SURFACE('',#9173,5.);
#71=CYLINDRICAL_SURFACE('',#9620,5.39314879650702);
#72=CYLINDRICAL_SURFACE('',#9622,5.39314879650702);
#73=CIRCLE('',#9140,5.);
#74=CIRCLE('',#9169,2.44968915938259);
#75=CIRCLE('',#9170,2.44968915938259);
#76=CIRCLE('',#9174,5.);
#77=CIRCLE('',#9190,6.6923881554251);
#78=CIRCLE('',#9192,5.27817459305199);
#79=CIRCLE('',#9197,6.69238815542503);
#80=CIRCLE('',#9199,5.27817459305194);
#81=CIRCLE('',#9203,6.69238815542503);
#82=CIRCLE('',#9205,5.27817459305194);
#83=CIRCLE('',#9209,6.6923881554251);
#84=CIRCLE('',#9211,5.27817459305199);
#85=CIRCLE('',#9215,6.69238815542508);
#86=CIRCLE('',#9217,5.27817459305199);
#87=CIRCLE('',#9221,6.69238815542503);
#88=CIRCLE('',#9223,5.27817459305194);
#89=CIRCLE('',#9227,6.6923881554251);
#90=CIRCLE('',#9229,5.27817459305199);
#91=CIRCLE('',#9233,6.69238815542508);
#92=CIRCLE('',#9235,5.27817459305199);
#93=CIRCLE('',#9240,6.69238815542503);
#94=CIRCLE('',#9242,5.27817459305194);
#95=CIRCLE('',#9246,6.69238815542499);
#96=CIRCLE('',#9248,5.27817459305194);
#97=CIRCLE('',#9252,6.69238815542508);
#98=CIRCLE('',#9254,5.27817459305199);
#99=CIRCLE('',#9258,6.69238815542505);
#100=CIRCLE('',#9260,5.27817459305194);
#101=CIRCLE('',#9264,6.69238815542498);
#102=CIRCLE('',#9266,5.27817459305188);
#103=CIRCLE('',#9270,6.69238815542505);
#104=CIRCLE('',#9272,5.27817459305195);
#105=CIRCLE('',#9609,5.39314879650702);
#106=CIRCLE('',#9610,5.39314879650702);
#107=CIRCLE('',#9613,5.39314879650702);
#108=CIRCLE('',#9614,5.39314879650702);
#109=FACE_BOUND('',#661,.T.);
#110=FACE_BOUND('',#662,.T.);
#111=FACE_BOUND('',#663,.T.);
#112=FACE_BOUND('',#664,.T.);
#113=FACE_BOUND('',#697,.T.);
#114=FACE_BOUND('',#777,.T.);
#115=FACE_BOUND('',#780,.T.);
#116=FACE_BOUND('',#782,.T.);
#117=FACE_BOUND('',#785,.T.);
#118=FACE_BOUND('',#787,.T.);
#119=FACE_BOUND('',#790,.T.);
#120=FACE_BOUND('',#792,.T.);
#121=FACE_BOUND('',#795,.T.);
#122=FACE_BOUND('',#797,.T.);
#123=FACE_BOUND('',#800,.T.);
#124=FACE_BOUND('',#803,.T.);
#125=FACE_BOUND('',#846,.T.);
#126=FACE_BOUND('',#866,.T.);
#127=FACE_BOUND('',#868,.T.);
#128=FACE_BOUND('',#898,.T.);
#129=FACE_BOUND('',#899,.T.);
#130=FACE_BOUND('',#932,.T.);
#131=FACE_BOUND('',#935,.T.);
#132=FACE_BOUND('',#954,.T.);
#133=FACE_BOUND('',#964,.T.);
#134=FACE_BOUND('',#975,.T.);
#135=FACE_BOUND('',#976,.T.);
#136=FACE_BOUND('',#979,.T.);
#137=FACE_BOUND('',#994,.T.);
#138=FACE_BOUND('',#995,.T.);
#139=FACE_BOUND('',#1019,.T.);
#140=FACE_BOUND('',#1020,.T.);
#141=FACE_BOUND('',#1053,.T.);
#142=FACE_BOUND('',#1056,.T.);
#143=FACE_BOUND('',#1075,.T.);
#144=FACE_BOUND('',#1085,.T.);
#145=FACE_BOUND('',#1096,.T.);
#146=FACE_BOUND('',#1097,.T.);
#147=FACE_BOUND('',#1100,.T.);
#148=FACE_BOUND('',#1115,.T.);
#149=FACE_BOUND('',#1116,.T.);
#150=FACE_BOUND('',#1137,.T.);
#151=FACE_BOUND('',#1140,.T.);
#152=FACE_BOUND('',#1142,.T.);
#153=FACE_BOUND('',#1144,.T.);
#154=FACE_OUTER_BOUND('',#633,.T.);
#155=FACE_OUTER_BOUND('',#634,.T.);
#156=FACE_OUTER_BOUND('',#635,.T.);
#157=FACE_OUTER_BOUND('',#636,.T.);
#158=FACE_OUTER_BOUND('',#637,.T.);
#159=FACE_OUTER_BOUND('',#638,.T.);
#160=FACE_OUTER_BOUND('',#639,.T.);
#161=FACE_OUTER_BOUND('',#640,.T.);
#162=FACE_OUTER_BOUND('',#641,.T.);
#163=FACE_OUTER_BOUND('',#642,.T.);
#164=FACE_OUTER_BOUND('',#643,.T.);
#165=FACE_OUTER_BOUND('',#644,.T.);
#166=FACE_OUTER_BOUND('',#645,.T.);
#167=FACE_OUTER_BOUND('',#646,.T.);
#168=FACE_OUTER_BOUND('',#647,.T.);
#169=FACE_OUTER_BOUND('',#648,.T.);
#170=FACE_OUTER_BOUND('',#649,.T.);
#171=FACE_OUTER_BOUND('',#650,.T.);
#172=FACE_OUTER_BOUND('',#651,.T.);
#173=FACE_OUTER_BOUND('',#652,.T.);
#174=FACE_OUTER_BOUND('',#653,.T.);
#175=FACE_OUTER_BOUND('',#654,.T.);
#176=FACE_OUTER_BOUND('',#655,.T.);
#177=FACE_OUTER_BOUND('',#656,.T.);
#178=FACE_OUTER_BOUND('',#657,.T.);
#179=FACE_OUTER_BOUND('',#658,.T.);
#180=FACE_OUTER_BOUND('',#659,.T.);
#181=FACE_OUTER_BOUND('',#660,.T.);
#182=FACE_OUTER_BOUND('',#665,.T.);
#183=FACE_OUTER_BOUND('',#666,.T.);
#184=FACE_OUTER_BOUND('',#667,.T.);
#185=FACE_OUTER_BOUND('',#668,.T.);
#186=FACE_OUTER_BOUND('',#669,.T.);
#187=FACE_OUTER_BOUND('',#670,.T.);
#188=FACE_OUTER_BOUND('',#671,.T.);
#189=FACE_OUTER_BOUND('',#672,.T.);
#190=FACE_OUTER_BOUND('',#673,.T.);
#191=FACE_OUTER_BOUND('',#674,.T.);
#192=FACE_OUTER_BOUND('',#675,.T.);
#193=FACE_OUTER_BOUND('',#676,.T.);
#194=FACE_OUTER_BOUND('',#677,.T.);
#195=FACE_OUTER_BOUND('',#678,.T.);
#196=FACE_OUTER_BOUND('',#679,.T.);
#197=FACE_OUTER_BOUND('',#680,.T.);
#198=FACE_OUTER_BOUND('',#681,.T.);
#199=FACE_OUTER_BOUND('',#682,.T.);
#200=FACE_OUTER_BOUND('',#683,.T.);
#201=FACE_OUTER_BOUND('',#684,.T.);
#202=FACE_OUTER_BOUND('',#685,.T.);
#203=FACE_OUTER_BOUND('',#686,.T.);
#204=FACE_OUTER_BOUND('',#687,.T.);
#205=FACE_OUTER_BOUND('',#688,.T.);
#206=FACE_OUTER_BOUND('',#689,.T.);
#207=FACE_OUTER_BOUND('',#690,.T.);
#208=FACE_OUTER_BOUND('',#691,.T.);
#209=FACE_OUTER_BOUND('',#692,.T.);
#210=FACE_OUTER_BOUND('',#693,.T.);
#211=FACE_OUTER_BOUND('',#694,.T.);
#212=FACE_OUTER_BOUND('',#695,.T.);
#213=FACE_OUTER_BOUND('',#696,.T.);
#214=FACE_OUTER_BOUND('',#698,.T.);
#215=FACE_OUTER_BOUND('',#699,.T.);
#216=FACE_OUTER_BOUND('',#700,.T.);
#217=FACE_OUTER_BOUND('',#701,.T.);
#218=FACE_OUTER_BOUND('',#702,.T.);
#219=FACE_OUTER_BOUND('',#703,.T.);
#220=FACE_OUTER_BOUND('',#704,.T.);
#221=FACE_OUTER_BOUND('',#705,.T.);
#222=FACE_OUTER_BOUND('',#706,.T.);
#223=FACE_OUTER_BOUND('',#707,.T.);
#224=FACE_OUTER_BOUND('',#708,.T.);
#225=FACE_OUTER_BOUND('',#709,.T.);
#226=FACE_OUTER_BOUND('',#710,.T.);
#227=FACE_OUTER_BOUND('',#711,.T.);
#228=FACE_OUTER_BOUND('',#712,.T.);
#229=FACE_OUTER_BOUND('',#713,.T.);
#230=FACE_OUTER_BOUND('',#714,.T.);
#231=FACE_OUTER_BOUND('',#715,.T.);
#232=FACE_OUTER_BOUND('',#716,.T.);
#233=FACE_OUTER_BOUND('',#717,.T.);
#234=FACE_OUTER_BOUND('',#718,.T.);
#235=FACE_OUTER_BOUND('',#719,.T.);
#236=FACE_OUTER_BOUND('',#720,.T.);
#237=FACE_OUTER_BOUND('',#721,.T.);
#238=FACE_OUTER_BOUND('',#722,.T.);
#239=FACE_OUTER_BOUND('',#723,.T.);
#240=FACE_OUTER_BOUND('',#724,.T.);
#241=FACE_OUTER_BOUND('',#725,.T.);
#242=FACE_OUTER_BOUND('',#726,.T.);
#243=FACE_OUTER_BOUND('',#727,.T.);
#244=FACE_OUTER_BOUND('',#728,.T.);
#245=FACE_OUTER_BOUND('',#729,.T.);
#246=FACE_OUTER_BOUND('',#730,.T.);
#247=FACE_OUTER_BOUND('',#731,.T.);
#248=FACE_OUTER_BOUND('',#732,.T.);
#249=FACE_OUTER_BOUND('',#733,.T.);
#250=FACE_OUTER_BOUND('',#734,.T.);
#251=FACE_OUTER_BOUND('',#735,.T.);
#252=FACE_OUTER_BOUND('',#736,.T.);
#253=FACE_OUTER_BOUND('',#737,.T.);
#254=FACE_OUTER_BOUND('',#738,.T.);
#255=FACE_OUTER_BOUND('',#739,.T.);
#256=FACE_OUTER_BOUND('',#740,.T.);
#257=FACE_OUTER_BOUND('',#741,.T.);
#258=FACE_OUTER_BOUND('',#742,.T.);
#259=FACE_OUTER_BOUND('',#743,.T.);
#260=FACE_OUTER_BOUND('',#744,.T.);
#261=FACE_OUTER_BOUND('',#745,.T.);
#262=FACE_OUTER_BOUND('',#746,.T.);
#263=FACE_OUTER_BOUND('',#747,.T.);
#264=FACE_OUTER_BOUND('',#748,.T.);
#265=FACE_OUTER_BOUND('',#749,.T.);
#266=FACE_OUTER_BOUND('',#750,.T.);
#267=FACE_OUTER_BOUND('',#751,.T.);
#268=FACE_OUTER_BOUND('',#752,.T.);
#269=FACE_OUTER_BOUND('',#753,.T.);
#270=FACE_OUTER_BOUND('',#754,.T.);
#271=FACE_OUTER_BOUND('',#755,.T.);
#272=FACE_OUTER_BOUND('',#756,.T.);
#273=FACE_OUTER_BOUND('',#757,.T.);
#274=FACE_OUTER_BOUND('',#758,.T.);
#275=FACE_OUTER_BOUND('',#759,.T.);
#276=FACE_OUTER_BOUND('',#760,.T.);
#277=FACE_OUTER_BOUND('',#761,.T.);
#278=FACE_OUTER_BOUND('',#762,.T.);
#279=FACE_OUTER_BOUND('',#763,.T.);
#280=FACE_OUTER_BOUND('',#764,.T.);
#281=FACE_OUTER_BOUND('',#765,.T.);
#282=FACE_OUTER_BOUND('',#766,.T.);
#283=FACE_OUTER_BOUND('',#767,.T.);
#284=FACE_OUTER_BOUND('',#768,.T.);
#285=FACE_OUTER_BOUND('',#769,.T.);
#286=FACE_OUTER_BOUND('',#770,.T.);
#287=FACE_OUTER_BOUND('',#771,.T.);
#288=FACE_OUTER_BOUND('',#772,.T.);
#289=FACE_OUTER_BOUND('',#773,.T.);
#290=FACE_OUTER_BOUND('',#774,.T.);
#291=FACE_OUTER_BOUND('',#775,.T.);
#292=FACE_OUTER_BOUND('',#776,.T.);
#293=FACE_OUTER_BOUND('',#778,.T.);
#294=FACE_OUTER_BOUND('',#779,.T.);
#295=FACE_OUTER_BOUND('',#781,.T.);
#296=FACE_OUTER_BOUND('',#783,.T.);
#297=FACE_OUTER_BOUND('',#784,.T.);
#298=FACE_OUTER_BOUND('',#786,.T.);
#299=FACE_OUTER_BOUND('',#788,.T.);
#300=FACE_OUTER_BOUND('',#789,.T.);
#301=FACE_OUTER_BOUND('',#791,.T.);
#302=FACE_OUTER_BOUND('',#793,.T.);
#303=FACE_OUTER_BOUND('',#794,.T.);
#304=FACE_OUTER_BOUND('',#796,.T.);
#305=FACE_OUTER_BOUND('',#798,.T.);
#306=FACE_OUTER_BOUND('',#799,.T.);
#307=FACE_OUTER_BOUND('',#801,.T.);
#308=FACE_OUTER_BOUND('',#802,.T.);
#309=FACE_OUTER_BOUND('',#804,.T.);
#310=FACE_OUTER_BOUND('',#805,.T.);
#311=FACE_OUTER_BOUND('',#806,.T.);
#312=FACE_OUTER_BOUND('',#807,.T.);
#313=FACE_OUTER_BOUND('',#808,.T.);
#314=FACE_OUTER_BOUND('',#809,.T.);
#315=FACE_OUTER_BOUND('',#810,.T.);
#316=FACE_OUTER_BOUND('',#811,.T.);
#317=FACE_OUTER_BOUND('',#812,.T.);
#318=FACE_OUTER_BOUND('',#813,.T.);
#319=FACE_OUTER_BOUND('',#814,.T.);
#320=FACE_OUTER_BOUND('',#815,.T.);
#321=FACE_OUTER_BOUND('',#816,.T.);
#322=FACE_OUTER_BOUND('',#817,.T.);
#323=FACE_OUTER_BOUND('',#818,.T.);
#324=FACE_OUTER_BOUND('',#819,.T.);
#325=FACE_OUTER_BOUND('',#820,.T.);
#326=FACE_OUTER_BOUND('',#821,.T.);
#327=FACE_OUTER_BOUND('',#822,.T.);
#328=FACE_OUTER_BOUND('',#823,.T.);
#329=FACE_OUTER_BOUND('',#824,.T.);
#330=FACE_OUTER_BOUND('',#825,.T.);
#331=FACE_OUTER_BOUND('',#826,.T.);
#332=FACE_OUTER_BOUND('',#827,.T.);
#333=FACE_OUTER_BOUND('',#828,.T.);
#334=FACE_OUTER_BOUND('',#829,.T.);
#335=FACE_OUTER_BOUND('',#830,.T.);
#336=FACE_OUTER_BOUND('',#831,.T.);
#337=FACE_OUTER_BOUND('',#832,.T.);
#338=FACE_OUTER_BOUND('',#833,.T.);
#339=FACE_OUTER_BOUND('',#834,.T.);
#340=FACE_OUTER_BOUND('',#835,.T.);
#341=FACE_OUTER_BOUND('',#836,.T.);
#342=FACE_OUTER_BOUND('',#837,.T.);
#343=FACE_OUTER_BOUND('',#838,.T.);
#344=FACE_OUTER_BOUND('',#839,.T.);
#345=FACE_OUTER_BOUND('',#840,.T.);
#346=FACE_OUTER_BOUND('',#841,.T.);
#347=FACE_OUTER_BOUND('',#842,.T.);
#348=FACE_OUTER_BOUND('',#843,.T.);
#349=FACE_OUTER_BOUND('',#844,.T.);
#350=FACE_OUTER_BOUND('',#845,.T.);
#351=FACE_OUTER_BOUND('',#847,.T.);
#352=FACE_OUTER_BOUND('',#848,.T.);
#353=FACE_OUTER_BOUND('',#849,.T.);
#354=FACE_OUTER_BOUND('',#850,.T.);
#355=FACE_OUTER_BOUND('',#851,.T.);
#356=FACE_OUTER_BOUND('',#852,.T.);
#357=FACE_OUTER_BOUND('',#853,.T.);
#358=FACE_OUTER_BOUND('',#854,.T.);
#359=FACE_OUTER_BOUND('',#855,.T.);
#360=FACE_OUTER_BOUND('',#856,.T.);
#361=FACE_OUTER_BOUND('',#857,.T.);
#362=FACE_OUTER_BOUND('',#858,.T.);
#363=FACE_OUTER_BOUND('',#859,.T.);
#364=FACE_OUTER_BOUND('',#860,.T.);
#365=FACE_OUTER_BOUND('',#861,.T.);
#366=FACE_OUTER_BOUND('',#862,.T.);
#367=FACE_OUTER_BOUND('',#863,.T.);
#368=FACE_OUTER_BOUND('',#864,.T.);
#369=FACE_OUTER_BOUND('',#865,.T.);
#370=FACE_OUTER_BOUND('',#867,.T.);
#371=FACE_OUTER_BOUND('',#869,.T.);
#372=FACE_OUTER_BOUND('',#870,.T.);
#373=FACE_OUTER_BOUND('',#871,.T.);
#374=FACE_OUTER_BOUND('',#872,.T.);
#375=FACE_OUTER_BOUND('',#873,.T.);
#376=FACE_OUTER_BOUND('',#874,.T.);
#377=FACE_OUTER_BOUND('',#875,.T.);
#378=FACE_OUTER_BOUND('',#876,.T.);
#379=FACE_OUTER_BOUND('',#877,.T.);
#380=FACE_OUTER_BOUND('',#878,.T.);
#381=FACE_OUTER_BOUND('',#879,.T.);
#382=FACE_OUTER_BOUND('',#880,.T.);
#383=FACE_OUTER_BOUND('',#881,.T.);
#384=FACE_OUTER_BOUND('',#882,.T.);
#385=FACE_OUTER_BOUND('',#883,.T.);
#386=FACE_OUTER_BOUND('',#884,.T.);
#387=FACE_OUTER_BOUND('',#885,.T.);
#388=FACE_OUTER_BOUND('',#886,.T.);
#389=FACE_OUTER_BOUND('',#887,.T.);
#390=FACE_OUTER_BOUND('',#888,.T.);
#391=FACE_OUTER_BOUND('',#889,.T.);
#392=FACE_OUTER_BOUND('',#890,.T.);
#393=FACE_OUTER_BOUND('',#891,.T.);
#394=FACE_OUTER_BOUND('',#892,.T.);
#395=FACE_OUTER_BOUND('',#893,.T.);
#396=FACE_OUTER_BOUND('',#894,.T.);
#397=FACE_OUTER_BOUND('',#895,.T.);
#398=FACE_OUTER_BOUND('',#896,.T.);
#399=FACE_OUTER_BOUND('',#897,.T.);
#400=FACE_OUTER_BOUND('',#900,.T.);
#401=FACE_OUTER_BOUND('',#901,.T.);
#402=FACE_OUTER_BOUND('',#902,.T.);
#403=FACE_OUTER_BOUND('',#903,.T.);
#404=FACE_OUTER_BOUND('',#904,.T.);
#405=FACE_OUTER_BOUND('',#905,.T.);
#406=FACE_OUTER_BOUND('',#906,.T.);
#407=FACE_OUTER_BOUND('',#907,.T.);
#408=FACE_OUTER_BOUND('',#908,.T.);
#409=FACE_OUTER_BOUND('',#909,.T.);
#410=FACE_OUTER_BOUND('',#910,.T.);
#411=FACE_OUTER_BOUND('',#911,.T.);
#412=FACE_OUTER_BOUND('',#912,.T.);
#413=FACE_OUTER_BOUND('',#913,.T.);
#414=FACE_OUTER_BOUND('',#914,.T.);
#415=FACE_OUTER_BOUND('',#915,.T.);
#416=FACE_OUTER_BOUND('',#916,.T.);
#417=FACE_OUTER_BOUND('',#917,.T.);
#418=FACE_OUTER_BOUND('',#918,.T.);
#419=FACE_OUTER_BOUND('',#919,.T.);
#420=FACE_OUTER_BOUND('',#920,.T.);
#421=FACE_OUTER_BOUND('',#921,.T.);
#422=FACE_OUTER_BOUND('',#922,.T.);
#423=FACE_OUTER_BOUND('',#923,.T.);
#424=FACE_OUTER_BOUND('',#924,.T.);
#425=FACE_OUTER_BOUND('',#925,.T.);
#426=FACE_OUTER_BOUND('',#926,.T.);
#427=FACE_OUTER_BOUND('',#927,.T.);
#428=FACE_OUTER_BOUND('',#928,.T.);
#429=FACE_OUTER_BOUND('',#929,.T.);
#430=FACE_OUTER_BOUND('',#930,.T.);
#431=FACE_OUTER_BOUND('',#931,.T.);
#432=FACE_OUTER_BOUND('',#933,.T.);
#433=FACE_OUTER_BOUND('',#934,.T.);
#434=FACE_OUTER_BOUND('',#936,.T.);
#435=FACE_OUTER_BOUND('',#937,.T.);
#436=FACE_OUTER_BOUND('',#938,.T.);
#437=FACE_OUTER_BOUND('',#939,.T.);
#438=FACE_OUTER_BOUND('',#940,.T.);
#439=FACE_OUTER_BOUND('',#941,.T.);
#440=FACE_OUTER_BOUND('',#942,.T.);
#441=FACE_OUTER_BOUND('',#943,.T.);
#442=FACE_OUTER_BOUND('',#944,.T.);
#443=FACE_OUTER_BOUND('',#945,.T.);
#444=FACE_OUTER_BOUND('',#946,.T.);
#445=FACE_OUTER_BOUND('',#947,.T.);
#446=FACE_OUTER_BOUND('',#948,.T.);
#447=FACE_OUTER_BOUND('',#949,.T.);
#448=FACE_OUTER_BOUND('',#950,.T.);
#449=FACE_OUTER_BOUND('',#951,.T.);
#450=FACE_OUTER_BOUND('',#952,.T.);
#451=FACE_OUTER_BOUND('',#953,.T.);
#452=FACE_OUTER_BOUND('',#955,.T.);
#453=FACE_OUTER_BOUND('',#956,.T.);
#454=FACE_OUTER_BOUND('',#957,.T.);
#455=FACE_OUTER_BOUND('',#958,.T.);
#456=FACE_OUTER_BOUND('',#959,.T.);
#457=FACE_OUTER_BOUND('',#960,.T.);
#458=FACE_OUTER_BOUND('',#961,.T.);
#459=FACE_OUTER_BOUND('',#962,.T.);
#460=FACE_OUTER_BOUND('',#963,.T.);
#461=FACE_OUTER_BOUND('',#965,.T.);
#462=FACE_OUTER_BOUND('',#966,.T.);
#463=FACE_OUTER_BOUND('',#967,.T.);
#464=FACE_OUTER_BOUND('',#968,.T.);
#465=FACE_OUTER_BOUND('',#969,.T.);
#466=FACE_OUTER_BOUND('',#970,.T.);
#467=FACE_OUTER_BOUND('',#971,.T.);
#468=FACE_OUTER_BOUND('',#972,.T.);
#469=FACE_OUTER_BOUND('',#973,.T.);
#470=FACE_OUTER_BOUND('',#974,.T.);
#471=FACE_OUTER_BOUND('',#977,.T.);
#472=FACE_OUTER_BOUND('',#978,.T.);
#473=FACE_OUTER_BOUND('',#980,.T.);
#474=FACE_OUTER_BOUND('',#981,.T.);
#475=FACE_OUTER_BOUND('',#982,.T.);
#476=FACE_OUTER_BOUND('',#983,.T.);
#477=FACE_OUTER_BOUND('',#984,.T.);
#478=FACE_OUTER_BOUND('',#985,.T.);
#479=FACE_OUTER_BOUND('',#986,.T.);
#480=FACE_OUTER_BOUND('',#987,.T.);
#481=FACE_OUTER_BOUND('',#988,.T.);
#482=FACE_OUTER_BOUND('',#989,.T.);
#483=FACE_OUTER_BOUND('',#990,.T.);
#484=FACE_OUTER_BOUND('',#991,.T.);
#485=FACE_OUTER_BOUND('',#992,.T.);
#486=FACE_OUTER_BOUND('',#993,.T.);
#487=FACE_OUTER_BOUND('',#996,.T.);
#488=FACE_OUTER_BOUND('',#997,.T.);
#489=FACE_OUTER_BOUND('',#998,.T.);
#490=FACE_OUTER_BOUND('',#999,.T.);
#491=FACE_OUTER_BOUND('',#1000,.T.);
#492=FACE_OUTER_BOUND('',#1001,.T.);
#493=FACE_OUTER_BOUND('',#1002,.T.);
#494=FACE_OUTER_BOUND('',#1003,.T.);
#495=FACE_OUTER_BOUND('',#1004,.T.);
#496=FACE_OUTER_BOUND('',#1005,.T.);
#497=FACE_OUTER_BOUND('',#1006,.T.);
#498=FACE_OUTER_BOUND('',#1007,.T.);
#499=FACE_OUTER_BOUND('',#1008,.T.);
#500=FACE_OUTER_BOUND('',#1009,.T.);
#501=FACE_OUTER_BOUND('',#1010,.T.);
#502=FACE_OUTER_BOUND('',#1011,.T.);
#503=FACE_OUTER_BOUND('',#1012,.T.);
#504=FACE_OUTER_BOUND('',#1013,.T.);
#505=FACE_OUTER_BOUND('',#1014,.T.);
#506=FACE_OUTER_BOUND('',#1015,.T.);
#507=FACE_OUTER_BOUND('',#1016,.T.);
#508=FACE_OUTER_BOUND('',#1017,.T.);
#509=FACE_OUTER_BOUND('',#1018,.T.);
#510=FACE_OUTER_BOUND('',#1021,.T.);
#511=FACE_OUTER_BOUND('',#1022,.T.);
#512=FACE_OUTER_BOUND('',#1023,.T.);
#513=FACE_OUTER_BOUND('',#1024,.T.);
#514=FACE_OUTER_BOUND('',#1025,.T.);
#515=FACE_OUTER_BOUND('',#1026,.T.);
#516=FACE_OUTER_BOUND('',#1027,.T.);
#517=FACE_OUTER_BOUND('',#1028,.T.);
#518=FACE_OUTER_BOUND('',#1029,.T.);
#519=FACE_OUTER_BOUND('',#1030,.T.);
#520=FACE_OUTER_BOUND('',#1031,.T.);
#521=FACE_OUTER_BOUND('',#1032,.T.);
#522=FACE_OUTER_BOUND('',#1033,.T.);
#523=FACE_OUTER_BOUND('',#1034,.T.);
#524=FACE_OUTER_BOUND('',#1035,.T.);
#525=FACE_OUTER_BOUND('',#1036,.T.);
#526=FACE_OUTER_BOUND('',#1037,.T.);
#527=FACE_OUTER_BOUND('',#1038,.T.);
#528=FACE_OUTER_BOUND('',#1039,.T.);
#529=FACE_OUTER_BOUND('',#1040,.T.);
#530=FACE_OUTER_BOUND('',#1041,.T.);
#531=FACE_OUTER_BOUND('',#1042,.T.);
#532=FACE_OUTER_BOUND('',#1043,.T.);
#533=FACE_OUTER_BOUND('',#1044,.T.);
#534=FACE_OUTER_BOUND('',#1045,.T.);
#535=FACE_OUTER_BOUND('',#1046,.T.);
#536=FACE_OUTER_BOUND('',#1047,.T.);
#537=FACE_OUTER_BOUND('',#1048,.T.);
#538=FACE_OUTER_BOUND('',#1049,.T.);
#539=FACE_OUTER_BOUND('',#1050,.T.);
#540=FACE_OUTER_BOUND('',#1051,.T.);
#541=FACE_OUTER_BOUND('',#1052,.T.);
#542=FACE_OUTER_BOUND('',#1054,.T.);
#543=FACE_OUTER_BOUND('',#1055,.T.);
#544=FACE_OUTER_BOUND('',#1057,.T.);
#545=FACE_OUTER_BOUND('',#1058,.T.);
#546=FACE_OUTER_BOUND('',#1059,.T.);
#547=FACE_OUTER_BOUND('',#1060,.T.);
#548=FACE_OUTER_BOUND('',#1061,.T.);
#549=FACE_OUTER_BOUND('',#1062,.T.);
#550=FACE_OUTER_BOUND('',#1063,.T.);
#551=FACE_OUTER_BOUND('',#1064,.T.);
#552=FACE_OUTER_BOUND('',#1065,.T.);
#553=FACE_OUTER_BOUND('',#1066,.T.);
#554=FACE_OUTER_BOUND('',#1067,.T.);
#555=FACE_OUTER_BOUND('',#1068,.T.);
#556=FACE_OUTER_BOUND('',#1069,.T.);
#557=FACE_OUTER_BOUND('',#1070,.T.);
#558=FACE_OUTER_BOUND('',#1071,.T.);
#559=FACE_OUTER_BOUND('',#1072,.T.);
#560=FACE_OUTER_BOUND('',#1073,.T.);
#561=FACE_OUTER_BOUND('',#1074,.T.);
#562=FACE_OUTER_BOUND('',#1076,.T.);
#563=FACE_OUTER_BOUND('',#1077,.T.);
#564=FACE_OUTER_BOUND('',#1078,.T.);
#565=FACE_OUTER_BOUND('',#1079,.T.);
#566=FACE_OUTER_BOUND('',#1080,.T.);
#567=FACE_OUTER_BOUND('',#1081,.T.);
#568=FACE_OUTER_BOUND('',#1082,.T.);
#569=FACE_OUTER_BOUND('',#1083,.T.);
#570=FACE_OUTER_BOUND('',#1084,.T.);
#571=FACE_OUTER_BOUND('',#1086,.T.);
#572=FACE_OUTER_BOUND('',#1087,.T.);
#573=FACE_OUTER_BOUND('',#1088,.T.);
#574=FACE_OUTER_BOUND('',#1089,.T.);
#575=FACE_OUTER_BOUND('',#1090,.T.);
#576=FACE_OUTER_BOUND('',#1091,.T.);
#577=FACE_OUTER_BOUND('',#1092,.T.);
#578=FACE_OUTER_BOUND('',#1093,.T.);
#579=FACE_OUTER_BOUND('',#1094,.T.);
#580=FACE_OUTER_BOUND('',#1095,.T.);
#581=FACE_OUTER_BOUND('',#1098,.T.);
#582=FACE_OUTER_BOUND('',#1099,.T.);
#583=FACE_OUTER_BOUND('',#1101,.T.);
#584=FACE_OUTER_BOUND('',#1102,.T.);
#585=FACE_OUTER_BOUND('',#1103,.T.);
#586=FACE_OUTER_BOUND('',#1104,.T.);
#587=FACE_OUTER_BOUND('',#1105,.T.);
#588=FACE_OUTER_BOUND('',#1106,.T.);
#589=FACE_OUTER_BOUND('',#1107,.T.);
#590=FACE_OUTER_BOUND('',#1108,.T.);
#591=FACE_OUTER_BOUND('',#1109,.T.);
#592=FACE_OUTER_BOUND('',#1110,.T.);
#593=FACE_OUTER_BOUND('',#1111,.T.);
#594=FACE_OUTER_BOUND('',#1112,.T.);
#595=FACE_OUTER_BOUND('',#1113,.T.);
#596=FACE_OUTER_BOUND('',#1114,.T.);
#597=FACE_OUTER_BOUND('',#1117,.T.);
#598=FACE_OUTER_BOUND('',#1118,.T.);
#599=FACE_OUTER_BOUND('',#1119,.T.);
#600=FACE_OUTER_BOUND('',#1120,.T.);
#601=FACE_OUTER_BOUND('',#1121,.T.);
#602=FACE_OUTER_BOUND('',#1122,.T.);
#603=FACE_OUTER_BOUND('',#1123,.T.);
#604=FACE_OUTER_BOUND('',#1124,.T.);
#605=FACE_OUTER_BOUND('',#1125,.T.);
#606=FACE_OUTER_BOUND('',#1126,.T.);
#607=FACE_OUTER_BOUND('',#1127,.T.);
#608=FACE_OUTER_BOUND('',#1128,.T.);
#609=FACE_OUTER_BOUND('',#1129,.T.);
#610=FACE_OUTER_BOUND('',#1130,.T.);
#611=FACE_OUTER_BOUND('',#1131,.T.);
#612=FACE_OUTER_BOUND('',#1132,.T.);
#613=FACE_OUTER_BOUND('',#1133,.T.);
#614=FACE_OUTER_BOUND('',#1134,.T.);
#615=FACE_OUTER_BOUND('',#1135,.T.);
#616=FACE_OUTER_BOUND('',#1136,.T.);
#617=FACE_OUTER_BOUND('',#1138,.T.);
#618=FACE_OUTER_BOUND('',#1139,.T.);
#619=FACE_OUTER_BOUND('',#1141,.T.);
#620=FACE_OUTER_BOUND('',#1143,.T.);
#621=FACE_OUTER_BOUND('',#1145,.T.);
#622=FACE_OUTER_BOUND('',#1146,.T.);
#623=FACE_OUTER_BOUND('',#1147,.T.);
#624=FACE_OUTER_BOUND('',#1148,.T.);
#625=FACE_OUTER_BOUND('',#1149,.T.);
#626=FACE_OUTER_BOUND('',#1150,.T.);
#627=FACE_OUTER_BOUND('',#1151,.T.);
#628=FACE_OUTER_BOUND('',#1152,.T.);
#629=FACE_OUTER_BOUND('',#1153,.T.);
#630=FACE_OUTER_BOUND('',#1154,.T.);
#631=FACE_OUTER_BOUND('',#1155,.T.);
#632=FACE_OUTER_BOUND('',#1156,.T.);
#633=EDGE_LOOP('',(#5657,#5658,#5659,#5660));
#634=EDGE_LOOP('',(#5661,#5662,#5663,#5664));
#635=EDGE_LOOP('',(#5665,#5666,#5667,#5668));
#636=EDGE_LOOP('',(#5669,#5670,#5671,#5672));
#637=EDGE_LOOP('',(#5673,#5674,#5675,#5676));
#638=EDGE_LOOP('',(#5677,#5678,#5679,#5680,#5681,#5682,#5683,#5684,#5685,
#5686,#5687,#5688,#5689,#5690,#5691,#5692,#5693,#5694,#5695,#5696,#5697,
#5698,#5699,#5700,#5701,#5702,#5703,#5704,#5705,#5706,#5707,#5708,#5709));
#639=EDGE_LOOP('',(#5710,#5711,#5712,#5713));
#640=EDGE_LOOP('',(#5714,#5715,#5716,#5717));
#641=EDGE_LOOP('',(#5718,#5719,#5720,#5721));
#642=EDGE_LOOP('',(#5722,#5723,#5724,#5725));
#643=EDGE_LOOP('',(#5726,#5727,#5728,#5729));
#644=EDGE_LOOP('',(#5730,#5731,#5732,#5733));
#645=EDGE_LOOP('',(#5734,#5735,#5736,#5737));
#646=EDGE_LOOP('',(#5738,#5739,#5740,#5741));
#647=EDGE_LOOP('',(#5742,#5743,#5744,#5745));
#648=EDGE_LOOP('',(#5746,#5747,#5748,#5749));
#649=EDGE_LOOP('',(#5750,#5751,#5752,#5753));
#650=EDGE_LOOP('',(#5754,#5755,#5756,#5757));
#651=EDGE_LOOP('',(#5758,#5759,#5760,#5761));
#652=EDGE_LOOP('',(#5762,#5763,#5764,#5765));
#653=EDGE_LOOP('',(#5766,#5767,#5768,#5769));
#654=EDGE_LOOP('',(#5770,#5771,#5772,#5773));
#655=EDGE_LOOP('',(#5774,#5775,#5776,#5777));
#656=EDGE_LOOP('',(#5778,#5779,#5780,#5781));
#657=EDGE_LOOP('',(#5782,#5783,#5784,#5785));
#658=EDGE_LOOP('',(#5786,#5787,#5788,#5789));
#659=EDGE_LOOP('',(#5790,#5791,#5792,#5793));
#660=EDGE_LOOP('',(#5794,#5795,#5796,#5797,#5798,#5799,#5800,#5801,#5802,
#5803,#5804,#5805,#5806,#5807,#5808,#5809,#5810,#5811,#5812,#5813,#5814,
#5815,#5816,#5817,#5818,#5819,#5820,#5821,#5822,#5823,#5824,#5825,#5826));
#661=EDGE_LOOP('',(#5827,#5828,#5829,#5830));
#662=EDGE_LOOP('',(#5831,#5832));
#663=EDGE_LOOP('',(#5833,#5834,#5835,#5836,#5837,#5838,#5839,#5840));
#664=EDGE_LOOP('',(#5841,#5842,#5843,#5844,#5845,#5846,#5847,#5848));
#665=EDGE_LOOP('',(#5849,#5850,#5851,#5852));
#666=EDGE_LOOP('',(#5853,#5854,#5855,#5856,#5857,#5858,#5859,#5860));
#667=EDGE_LOOP('',(#5861,#5862,#5863,#5864,#5865,#5866,#5867,#5868));
#668=EDGE_LOOP('',(#5869,#5870,#5871,#5872));
#669=EDGE_LOOP('',(#5873,#5874,#5875,#5876));
#670=EDGE_LOOP('',(#5877,#5878,#5879,#5880));
#671=EDGE_LOOP('',(#5881,#5882,#5883,#5884,#5885,#5886));
#672=EDGE_LOOP('',(#5887,#5888,#5889,#5890));
#673=EDGE_LOOP('',(#5891,#5892,#5893,#5894));
#674=EDGE_LOOP('',(#5895,#5896,#5897,#5898));
#675=EDGE_LOOP('',(#5899,#5900,#5901,#5902,#5903,#5904,#5905,#5906));
#676=EDGE_LOOP('',(#5907,#5908,#5909,#5910));
#677=EDGE_LOOP('',(#5911,#5912,#5913,#5914));
#678=EDGE_LOOP('',(#5915,#5916,#5917,#5918));
#679=EDGE_LOOP('',(#5919,#5920,#5921,#5922));
#680=EDGE_LOOP('',(#5923,#5924,#5925,#5926));
#681=EDGE_LOOP('',(#5927,#5928,#5929,#5930,#5931,#5932,#5933,#5934));
#682=EDGE_LOOP('',(#5935,#5936,#5937,#5938));
#683=EDGE_LOOP('',(#5939,#5940,#5941,#5942));
#684=EDGE_LOOP('',(#5943,#5944,#5945,#5946,#5947,#5948));
#685=EDGE_LOOP('',(#5949,#5950,#5951,#5952));
#686=EDGE_LOOP('',(#5953,#5954,#5955,#5956));
#687=EDGE_LOOP('',(#5957,#5958,#5959,#5960,#5961,#5962));
#688=EDGE_LOOP('',(#5963,#5964,#5965,#5966));
#689=EDGE_LOOP('',(#5967,#5968,#5969,#5970,#5971,#5972));
#690=EDGE_LOOP('',(#5973,#5974,#5975,#5976));
#691=EDGE_LOOP('',(#5977,#5978,#5979,#5980));
#692=EDGE_LOOP('',(#5981,#5982,#5983,#5984));
#693=EDGE_LOOP('',(#5985));
#694=EDGE_LOOP('',(#5986,#5987,#5988,#5989));
#695=EDGE_LOOP('',(#5990,#5991,#5992,#5993));
#696=EDGE_LOOP('',(#5994,#5995));
#697=EDGE_LOOP('',(#5996));
#698=EDGE_LOOP('',(#5997,#5998,#5999));
#699=EDGE_LOOP('',(#6000,#6001,#6002,#6003));
#700=EDGE_LOOP('',(#6004,#6005,#6006,#6007));
#701=EDGE_LOOP('',(#6008,#6009,#6010,#6011));
#702=EDGE_LOOP('',(#6012,#6013,#6014,#6015));
#703=EDGE_LOOP('',(#6016,#6017,#6018,#6019));
#704=EDGE_LOOP('',(#6020,#6021,#6022,#6023));
#705=EDGE_LOOP('',(#6024,#6025,#6026));
#706=EDGE_LOOP('',(#6027,#6028,#6029,#6030));
#707=EDGE_LOOP('',(#6031,#6032,#6033,#6034));
#708=EDGE_LOOP('',(#6035,#6036,#6037,#6038));
#709=EDGE_LOOP('',(#6039,#6040,#6041,#6042));
#710=EDGE_LOOP('',(#6043,#6044,#6045,#6046));
#711=EDGE_LOOP('',(#6047,#6048,#6049));
#712=EDGE_LOOP('',(#6050,#6051,#6052));
#713=EDGE_LOOP('',(#6053,#6054,#6055,#6056));
#714=EDGE_LOOP('',(#6057,#6058,#6059,#6060));
#715=EDGE_LOOP('',(#6061,#6062,#6063,#6064,#6065,#6066,#6067,#6068,#6069,
#6070,#6071,#6072,#6073,#6074,#6075,#6076,#6077,#6078));
#716=EDGE_LOOP('',(#6079,#6080,#6081));
#717=EDGE_LOOP('',(#6082,#6083,#6084));
#718=EDGE_LOOP('',(#6085,#6086,#6087,#6088));
#719=EDGE_LOOP('',(#6089,#6090,#6091,#6092));
#720=EDGE_LOOP('',(#6093,#6094,#6095));
#721=EDGE_LOOP('',(#6096,#6097,#6098));
#722=EDGE_LOOP('',(#6099,#6100,#6101,#6102));
#723=EDGE_LOOP('',(#6103,#6104,#6105,#6106));
#724=EDGE_LOOP('',(#6107,#6108,#6109));
#725=EDGE_LOOP('',(#6110,#6111,#6112));
#726=EDGE_LOOP('',(#6113,#6114,#6115,#6116));
#727=EDGE_LOOP('',(#6117,#6118,#6119,#6120));
#728=EDGE_LOOP('',(#6121,#6122,#6123));
#729=EDGE_LOOP('',(#6124,#6125,#6126));
#730=EDGE_LOOP('',(#6127,#6128,#6129,#6130));
#731=EDGE_LOOP('',(#6131,#6132,#6133,#6134));
#732=EDGE_LOOP('',(#6135,#6136,#6137));
#733=EDGE_LOOP('',(#6138,#6139,#6140));
#734=EDGE_LOOP('',(#6141,#6142,#6143,#6144));
#735=EDGE_LOOP('',(#6145,#6146,#6147,#6148));
#736=EDGE_LOOP('',(#6149,#6150,#6151));
#737=EDGE_LOOP('',(#6152,#6153,#6154));
#738=EDGE_LOOP('',(#6155,#6156,#6157,#6158));
#739=EDGE_LOOP('',(#6159,#6160,#6161,#6162));
#740=EDGE_LOOP('',(#6163,#6164,#6165));
#741=EDGE_LOOP('',(#6166,#6167,#6168,#6169));
#742=EDGE_LOOP('',(#6170,#6171,#6172));
#743=EDGE_LOOP('',(#6173,#6174,#6175,#6176));
#744=EDGE_LOOP('',(#6177,#6178,#6179,#6180,#6181,#6182,#6183,#6184,#6185,
#6186,#6187,#6188,#6189,#6190,#6191,#6192,#6193,#6194));
#745=EDGE_LOOP('',(#6195,#6196,#6197));
#746=EDGE_LOOP('',(#6198,#6199,#6200,#6201));
#747=EDGE_LOOP('',(#6202,#6203,#6204));
#748=EDGE_LOOP('',(#6205,#6206,#6207,#6208));
#749=EDGE_LOOP('',(#6209,#6210,#6211));
#750=EDGE_LOOP('',(#6212,#6213,#6214,#6215));
#751=EDGE_LOOP('',(#6216,#6217,#6218));
#752=EDGE_LOOP('',(#6219,#6220,#6221,#6222));
#753=EDGE_LOOP('',(#6223,#6224,#6225));
#754=EDGE_LOOP('',(#6226,#6227,#6228,#6229));
#755=EDGE_LOOP('',(#6230,#6231,#6232));
#756=EDGE_LOOP('',(#6233,#6234,#6235,#6236));
#757=EDGE_LOOP('',(#6237,#6238,#6239));
#758=EDGE_LOOP('',(#6240,#6241,#6242,#6243));
#759=EDGE_LOOP('',(#6244,#6245,#6246));
#760=EDGE_LOOP('',(#6247,#6248,#6249,#6250));
#761=EDGE_LOOP('',(#6251,#6252,#6253));
#762=EDGE_LOOP('',(#6254,#6255,#6256,#6257));
#763=EDGE_LOOP('',(#6258,#6259,#6260));
#764=EDGE_LOOP('',(#6261,#6262,#6263,#6264));
#765=EDGE_LOOP('',(#6265,#6266,#6267));
#766=EDGE_LOOP('',(#6268,#6269,#6270,#6271));
#767=EDGE_LOOP('',(#6272,#6273,#6274));
#768=EDGE_LOOP('',(#6275,#6276,#6277,#6278));
#769=EDGE_LOOP('',(#6279,#6280,#6281,#6282));
#770=EDGE_LOOP('',(#6283,#6284,#6285,#6286));
#771=EDGE_LOOP('',(#6287,#6288,#6289,#6290));
#772=EDGE_LOOP('',(#6291,#6292,#6293,#6294));
#773=EDGE_LOOP('',(#6295,#6296,#6297,#6298));
#774=EDGE_LOOP('',(#6299,#6300,#6301,#6302));
#775=EDGE_LOOP('',(#6303,#6304,#6305,#6306));
#776=EDGE_LOOP('',(#6307,#6308,#6309,#6310,#6311,#6312,#6313,#6314,#6315,
#6316));
#777=EDGE_LOOP('',(#6317,#6318,#6319,#6320));
#778=EDGE_LOOP('',(#6321,#6322,#6323,#6324));
#779=EDGE_LOOP('',(#6325,#6326,#6327,#6328,#6329,#6330,#6331,#6332,#6333,
#6334));
#780=EDGE_LOOP('',(#6335,#6336,#6337,#6338));
#781=EDGE_LOOP('',(#6339,#6340,#6341,#6342,#6343,#6344,#6345,#6346,#6347,
#6348));
#782=EDGE_LOOP('',(#6349,#6350,#6351,#6352));
#783=EDGE_LOOP('',(#6353,#6354,#6355,#6356));
#784=EDGE_LOOP('',(#6357,#6358,#6359,#6360,#6361,#6362,#6363,#6364,#6365,
#6366));
#785=EDGE_LOOP('',(#6367,#6368,#6369,#6370));
#786=EDGE_LOOP('',(#6371,#6372,#6373,#6374,#6375,#6376,#6377,#6378,#6379,
#6380));
#787=EDGE_LOOP('',(#6381,#6382,#6383,#6384));
#788=EDGE_LOOP('',(#6385,#6386,#6387,#6388));
#789=EDGE_LOOP('',(#6389,#6390,#6391,#6392,#6393,#6394,#6395,#6396,#6397,
#6398));
#790=EDGE_LOOP('',(#6399,#6400,#6401,#6402));
#791=EDGE_LOOP('',(#6403,#6404,#6405,#6406,#6407,#6408,#6409,#6410,#6411,
#6412));
#792=EDGE_LOOP('',(#6413,#6414,#6415,#6416));
#793=EDGE_LOOP('',(#6417,#6418,#6419,#6420));
#794=EDGE_LOOP('',(#6421,#6422,#6423,#6424,#6425,#6426,#6427,#6428,#6429,
#6430));
#795=EDGE_LOOP('',(#6431,#6432,#6433,#6434));
#796=EDGE_LOOP('',(#6435,#6436,#6437,#6438,#6439,#6440,#6441,#6442,#6443,
#6444));
#797=EDGE_LOOP('',(#6445,#6446,#6447,#6448));
#798=EDGE_LOOP('',(#6449,#6450,#6451,#6452));
#799=EDGE_LOOP('',(#6453,#6454,#6455,#6456,#6457,#6458,#6459,#6460,#6461,
#6462));
#800=EDGE_LOOP('',(#6463,#6464,#6465,#6466));
#801=EDGE_LOOP('',(#6467,#6468,#6469,#6470));
#802=EDGE_LOOP('',(#6471,#6472,#6473,#6474,#6475,#6476,#6477,#6478,#6479,
#6480));
#803=EDGE_LOOP('',(#6481,#6482,#6483,#6484));
#804=EDGE_LOOP('',(#6485,#6486,#6487,#6488));
#805=EDGE_LOOP('',(#6489,#6490,#6491,#6492));
#806=EDGE_LOOP('',(#6493,#6494,#6495,#6496));
#807=EDGE_LOOP('',(#6497,#6498,#6499,#6500));
#808=EDGE_LOOP('',(#6501,#6502,#6503,#6504));
#809=EDGE_LOOP('',(#6505,#6506,#6507,#6508));
#810=EDGE_LOOP('',(#6509,#6510,#6511,#6512));
#811=EDGE_LOOP('',(#6513,#6514,#6515,#6516));
#812=EDGE_LOOP('',(#6517,#6518,#6519,#6520));
#813=EDGE_LOOP('',(#6521,#6522,#6523,#6524));
#814=EDGE_LOOP('',(#6525,#6526,#6527,#6528));
#815=EDGE_LOOP('',(#6529,#6530,#6531,#6532));
#816=EDGE_LOOP('',(#6533,#6534,#6535,#6536));
#817=EDGE_LOOP('',(#6537,#6538,#6539,#6540));
#818=EDGE_LOOP('',(#6541,#6542,#6543,#6544));
#819=EDGE_LOOP('',(#6545,#6546,#6547,#6548));
#820=EDGE_LOOP('',(#6549,#6550,#6551,#6552));
#821=EDGE_LOOP('',(#6553,#6554,#6555,#6556));
#822=EDGE_LOOP('',(#6557,#6558,#6559,#6560));
#823=EDGE_LOOP('',(#6561,#6562,#6563,#6564));
#824=EDGE_LOOP('',(#6565,#6566,#6567,#6568));
#825=EDGE_LOOP('',(#6569,#6570,#6571,#6572));
#826=EDGE_LOOP('',(#6573,#6574,#6575,#6576));
#827=EDGE_LOOP('',(#6577,#6578,#6579,#6580));
#828=EDGE_LOOP('',(#6581,#6582,#6583,#6584));
#829=EDGE_LOOP('',(#6585,#6586,#6587,#6588));
#830=EDGE_LOOP('',(#6589,#6590,#6591,#6592));
#831=EDGE_LOOP('',(#6593,#6594,#6595,#6596));
#832=EDGE_LOOP('',(#6597,#6598,#6599,#6600));
#833=EDGE_LOOP('',(#6601,#6602,#6603,#6604));
#834=EDGE_LOOP('',(#6605,#6606,#6607,#6608));
#835=EDGE_LOOP('',(#6609,#6610,#6611,#6612));
#836=EDGE_LOOP('',(#6613,#6614,#6615,#6616));
#837=EDGE_LOOP('',(#6617,#6618,#6619,#6620));
#838=EDGE_LOOP('',(#6621,#6622,#6623,#6624));
#839=EDGE_LOOP('',(#6625,#6626,#6627,#6628));
#840=EDGE_LOOP('',(#6629,#6630,#6631,#6632));
#841=EDGE_LOOP('',(#6633,#6634,#6635,#6636));
#842=EDGE_LOOP('',(#6637,#6638,#6639,#6640));
#843=EDGE_LOOP('',(#6641,#6642,#6643,#6644));
#844=EDGE_LOOP('',(#6645,#6646,#6647,#6648));
#845=EDGE_LOOP('',(#6649,#6650,#6651,#6652,#6653,#6654,#6655,#6656,#6657,
#6658));
#846=EDGE_LOOP('',(#6659,#6660,#6661,#6662));
#847=EDGE_LOOP('',(#6663,#6664,#6665,#6666));
#848=EDGE_LOOP('',(#6667,#6668,#6669,#6670));
#849=EDGE_LOOP('',(#6671,#6672,#6673,#6674,#6675,#6676,#6677,#6678,#6679,
#6680,#6681,#6682,#6683,#6684,#6685,#6686,#6687,#6688));
#850=EDGE_LOOP('',(#6689,#6690,#6691,#6692));
#851=EDGE_LOOP('',(#6693,#6694,#6695,#6696));
#852=EDGE_LOOP('',(#6697,#6698,#6699,#6700));
#853=EDGE_LOOP('',(#6701,#6702,#6703,#6704));
#854=EDGE_LOOP('',(#6705,#6706,#6707,#6708));
#855=EDGE_LOOP('',(#6709,#6710,#6711,#6712));
#856=EDGE_LOOP('',(#6713,#6714,#6715,#6716));
#857=EDGE_LOOP('',(#6717,#6718,#6719,#6720));
#858=EDGE_LOOP('',(#6721,#6722,#6723,#6724));
#859=EDGE_LOOP('',(#6725,#6726,#6727,#6728));
#860=EDGE_LOOP('',(#6729,#6730,#6731,#6732));
#861=EDGE_LOOP('',(#6733,#6734,#6735,#6736));
#862=EDGE_LOOP('',(#6737,#6738,#6739,#6740));
#863=EDGE_LOOP('',(#6741,#6742,#6743,#6744));
#864=EDGE_LOOP('',(#6745,#6746,#6747,#6748));
#865=EDGE_LOOP('',(#6749,#6750,#6751,#6752,#6753,#6754,#6755,#6756,#6757,
#6758));
#866=EDGE_LOOP('',(#6759,#6760,#6761,#6762));
#867=EDGE_LOOP('',(#6763,#6764,#6765,#6766,#6767,#6768,#6769,#6770,#6771,
#6772));
#868=EDGE_LOOP('',(#6773,#6774,#6775,#6776));
#869=EDGE_LOOP('',(#6777,#6778,#6779,#6780));
#870=EDGE_LOOP('',(#6781,#6782,#6783,#6784));
#871=EDGE_LOOP('',(#6785,#6786,#6787,#6788));
#872=EDGE_LOOP('',(#6789,#6790,#6791,#6792));
#873=EDGE_LOOP('',(#6793,#6794,#6795,#6796));
#874=EDGE_LOOP('',(#6797,#6798,#6799,#6800));
#875=EDGE_LOOP('',(#6801,#6802,#6803,#6804));
#876=EDGE_LOOP('',(#6805,#6806,#6807,#6808));
#877=EDGE_LOOP('',(#6809,#6810,#6811,#6812));
#878=EDGE_LOOP('',(#6813,#6814,#6815,#6816));
#879=EDGE_LOOP('',(#6817,#6818,#6819,#6820));
#880=EDGE_LOOP('',(#6821,#6822,#6823,#6824));
#881=EDGE_LOOP('',(#6825,#6826,#6827,#6828));
#882=EDGE_LOOP('',(#6829,#6830,#6831,#6832));
#883=EDGE_LOOP('',(#6833,#6834,#6835,#6836));
#884=EDGE_LOOP('',(#6837,#6838,#6839,#6840));
#885=EDGE_LOOP('',(#6841,#6842,#6843,#6844));
#886=EDGE_LOOP('',(#6845,#6846,#6847,#6848));
#887=EDGE_LOOP('',(#6849,#6850,#6851,#6852));
#888=EDGE_LOOP('',(#6853,#6854,#6855,#6856));
#889=EDGE_LOOP('',(#6857,#6858,#6859,#6860));
#890=EDGE_LOOP('',(#6861,#6862,#6863,#6864));
#891=EDGE_LOOP('',(#6865,#6866,#6867,#6868));
#892=EDGE_LOOP('',(#6869,#6870,#6871,#6872));
#893=EDGE_LOOP('',(#6873,#6874,#6875,#6876,#6877,#6878,#6879,#6880,#6881,
#6882,#6883,#6884,#6885,#6886,#6887,#6888,#6889,#6890));
#894=EDGE_LOOP('',(#6891,#6892,#6893,#6894));
#895=EDGE_LOOP('',(#6895,#6896,#6897,#6898));
#896=EDGE_LOOP('',(#6899,#6900,#6901,#6902,#6903,#6904,#6905,#6906,#6907,
#6908,#6909,#6910,#6911,#6912,#6913,#6914,#6915,#6916));
#897=EDGE_LOOP('',(#6917,#6918,#6919,#6920,#6921,#6922,#6923,#6924,#6925));
#898=EDGE_LOOP('',(#6926,#6927,#6928,#6929));
#899=EDGE_LOOP('',(#6930,#6931,#6932,#6933));
#900=EDGE_LOOP('',(#6934,#6935,#6936,#6937));
#901=EDGE_LOOP('',(#6938,#6939,#6940,#6941));
#902=EDGE_LOOP('',(#6942,#6943,#6944,#6945));
#903=EDGE_LOOP('',(#6946,#6947,#6948,#6949));
#904=EDGE_LOOP('',(#6950,#6951,#6952,#6953));
#905=EDGE_LOOP('',(#6954,#6955,#6956,#6957));
#906=EDGE_LOOP('',(#6958,#6959,#6960,#6961));
#907=EDGE_LOOP('',(#6962,#6963,#6964,#6965));
#908=EDGE_LOOP('',(#6966,#6967,#6968,#6969));
#909=EDGE_LOOP('',(#6970,#6971,#6972,#6973));
#910=EDGE_LOOP('',(#6974,#6975,#6976,#6977));
#911=EDGE_LOOP('',(#6978,#6979,#6980,#6981));
#912=EDGE_LOOP('',(#6982,#6983,#6984,#6985));
#913=EDGE_LOOP('',(#6986,#6987,#6988,#6989));
#914=EDGE_LOOP('',(#6990,#6991,#6992));
#915=EDGE_LOOP('',(#6993,#6994,#6995,#6996));
#916=EDGE_LOOP('',(#6997,#6998,#6999,#7000));
#917=EDGE_LOOP('',(#7001,#7002,#7003,#7004));
#918=EDGE_LOOP('',(#7005,#7006,#7007,#7008));
#919=EDGE_LOOP('',(#7009,#7010,#7011,#7012));
#920=EDGE_LOOP('',(#7013,#7014,#7015,#7016));
#921=EDGE_LOOP('',(#7017,#7018,#7019,#7020,#7021,#7022,#7023,#7024,#7025,
#7026,#7027,#7028,#7029,#7030,#7031,#7032,#7033));
#922=EDGE_LOOP('',(#7034,#7035,#7036,#7037,#7038,#7039,#7040,#7041));
#923=EDGE_LOOP('',(#7042,#7043,#7044,#7045,#7046,#7047,#7048));
#924=EDGE_LOOP('',(#7049,#7050,#7051,#7052));
#925=EDGE_LOOP('',(#7053,#7054,#7055,#7056));
#926=EDGE_LOOP('',(#7057,#7058,#7059,#7060,#7061,#7062));
#927=EDGE_LOOP('',(#7063,#7064,#7065,#7066,#7067,#7068,#7069,#7070));
#928=EDGE_LOOP('',(#7071,#7072,#7073,#7074));
#929=EDGE_LOOP('',(#7075,#7076,#7077,#7078,#7079,#7080,#7081,#7082,#7083,
#7084,#7085,#7086,#7087));
#930=EDGE_LOOP('',(#7088,#7089,#7090,#7091));
#931=EDGE_LOOP('',(#7092,#7093,#7094,#7095,#7096,#7097,#7098,#7099));
#932=EDGE_LOOP('',(#7100,#7101,#7102,#7103));
#933=EDGE_LOOP('',(#7104,#7105,#7106,#7107));
#934=EDGE_LOOP('',(#7108,#7109,#7110,#7111,#7112,#7113,#7114,#7115));
#935=EDGE_LOOP('',(#7116,#7117,#7118,#7119));
#936=EDGE_LOOP('',(#7120,#7121,#7122,#7123));
#937=EDGE_LOOP('',(#7124,#7125,#7126,#7127));
#938=EDGE_LOOP('',(#7128,#7129,#7130,#7131));
#939=EDGE_LOOP('',(#7132,#7133,#7134));
#940=EDGE_LOOP('',(#7135,#7136,#7137,#7138));
#941=EDGE_LOOP('',(#7139,#7140,#7141,#7142,#7143,#7144,#7145,#7146));
#942=EDGE_LOOP('',(#7147,#7148,#7149,#7150));
#943=EDGE_LOOP('',(#7151,#7152,#7153,#7154));
#944=EDGE_LOOP('',(#7155,#7156,#7157,#7158));
#945=EDGE_LOOP('',(#7159,#7160,#7161,#7162,#7163,#7164,#7165,#7166,#7167,
#7168,#7169));
#946=EDGE_LOOP('',(#7170,#7171,#7172,#7173));
#947=EDGE_LOOP('',(#7174,#7175,#7176,#7177,#7178));
#948=EDGE_LOOP('',(#7179,#7180,#7181,#7182));
#949=EDGE_LOOP('',(#7183,#7184,#7185,#7186));
#950=EDGE_LOOP('',(#7187,#7188,#7189,#7190,#7191,#7192,#7193,#7194,#7195,
#7196));
#951=EDGE_LOOP('',(#7197,#7198,#7199));
#952=EDGE_LOOP('',(#7200,#7201,#7202));
#953=EDGE_LOOP('',(#7203,#7204,#7205,#7206,#7207,#7208,#7209,#7210));
#954=EDGE_LOOP('',(#7211,#7212,#7213,#7214));
#955=EDGE_LOOP('',(#7215,#7216,#7217,#7218));
#956=EDGE_LOOP('',(#7219,#7220,#7221,#7222));
#957=EDGE_LOOP('',(#7223,#7224,#7225,#7226));
#958=EDGE_LOOP('',(#7227,#7228,#7229,#7230));
#959=EDGE_LOOP('',(#7231,#7232,#7233,#7234));
#960=EDGE_LOOP('',(#7235,#7236,#7237,#7238));
#961=EDGE_LOOP('',(#7239,#7240,#7241,#7242));
#962=EDGE_LOOP('',(#7243,#7244,#7245,#7246,#7247));
#963=EDGE_LOOP('',(#7248,#7249,#7250,#7251,#7252,#7253,#7254,#7255,#7256,
#7257,#7258));
#964=EDGE_LOOP('',(#7259,#7260,#7261,#7262));
#965=EDGE_LOOP('',(#7263,#7264,#7265,#7266));
#966=EDGE_LOOP('',(#7267,#7268,#7269,#7270,#7271,#7272,#7273,#7274,#7275,
#7276,#7277,#7278,#7279,#7280));
#967=EDGE_LOOP('',(#7281,#7282,#7283,#7284));
#968=EDGE_LOOP('',(#7285,#7286,#7287,#7288));
#969=EDGE_LOOP('',(#7289,#7290,#7291,#7292));
#970=EDGE_LOOP('',(#7293,#7294,#7295,#7296));
#971=EDGE_LOOP('',(#7297,#7298,#7299,#7300));
#972=EDGE_LOOP('',(#7301,#7302,#7303,#7304));
#973=EDGE_LOOP('',(#7305,#7306,#7307,#7308));
#974=EDGE_LOOP('',(#7309,#7310,#7311,#7312,#7313,#7314,#7315,#7316));
#975=EDGE_LOOP('',(#7317,#7318,#7319,#7320));
#976=EDGE_LOOP('',(#7321,#7322,#7323,#7324));
#977=EDGE_LOOP('',(#7325,#7326,#7327,#7328));
#978=EDGE_LOOP('',(#7329,#7330,#7331,#7332,#7333,#7334,#7335,#7336,#7337,
#7338,#7339,#7340,#7341));
#979=EDGE_LOOP('',(#7342,#7343,#7344,#7345));
#980=EDGE_LOOP('',(#7346,#7347,#7348));
#981=EDGE_LOOP('',(#7349,#7350,#7351,#7352,#7353));
#982=EDGE_LOOP('',(#7354,#7355,#7356,#7357));
#983=EDGE_LOOP('',(#7358,#7359,#7360,#7361,#7362));
#984=EDGE_LOOP('',(#7363,#7364,#7365,#7366));
#985=EDGE_LOOP('',(#7367,#7368,#7369));
#986=EDGE_LOOP('',(#7370,#7371,#7372,#7373));
#987=EDGE_LOOP('',(#7374,#7375,#7376,#7377));
#988=EDGE_LOOP('',(#7378,#7379,#7380,#7381));
#989=EDGE_LOOP('',(#7382,#7383,#7384,#7385));
#990=EDGE_LOOP('',(#7386,#7387,#7388,#7389));
#991=EDGE_LOOP('',(#7390,#7391,#7392,#7393));
#992=EDGE_LOOP('',(#7394,#7395,#7396,#7397));
#993=EDGE_LOOP('',(#7398,#7399,#7400,#7401,#7402,#7403,#7404,#7405,#7406));
#994=EDGE_LOOP('',(#7407,#7408,#7409,#7410));
#995=EDGE_LOOP('',(#7411,#7412,#7413,#7414));
#996=EDGE_LOOP('',(#7415,#7416,#7417,#7418));
#997=EDGE_LOOP('',(#7419,#7420,#7421,#7422));
#998=EDGE_LOOP('',(#7423,#7424,#7425,#7426));
#999=EDGE_LOOP('',(#7427,#7428,#7429,#7430));
#1000=EDGE_LOOP('',(#7431,#7432,#7433,#7434));
#1001=EDGE_LOOP('',(#7435,#7436,#7437,#7438));
#1002=EDGE_LOOP('',(#7439,#7440,#7441,#7442));
#1003=EDGE_LOOP('',(#7443,#7444,#7445,#7446));
#1004=EDGE_LOOP('',(#7447,#7448,#7449,#7450));
#1005=EDGE_LOOP('',(#7451,#7452,#7453,#7454));
#1006=EDGE_LOOP('',(#7455,#7456,#7457,#7458));
#1007=EDGE_LOOP('',(#7459,#7460,#7461,#7462));
#1008=EDGE_LOOP('',(#7463,#7464,#7465,#7466));
#1009=EDGE_LOOP('',(#7467,#7468,#7469,#7470));
#1010=EDGE_LOOP('',(#7471,#7472,#7473,#7474));
#1011=EDGE_LOOP('',(#7475,#7476,#7477,#7478));
#1012=EDGE_LOOP('',(#7479,#7480,#7481,#7482));
#1013=EDGE_LOOP('',(#7483,#7484,#7485,#7486));
#1014=EDGE_LOOP('',(#7487,#7488,#7489,#7490));
#1015=EDGE_LOOP('',(#7491,#7492,#7493,#7494));
#1016=EDGE_LOOP('',(#7495,#7496,#7497,#7498));
#1017=EDGE_LOOP('',(#7499,#7500,#7501,#7502,#7503,#7504,#7505,#7506,#7507,
#7508,#7509,#7510,#7511,#7512,#7513,#7514,#7515,#7516));
#1018=EDGE_LOOP('',(#7517,#7518,#7519,#7520,#7521,#7522,#7523,#7524,#7525));
#1019=EDGE_LOOP('',(#7526,#7527,#7528,#7529));
#1020=EDGE_LOOP('',(#7530,#7531,#7532,#7533));
#1021=EDGE_LOOP('',(#7534,#7535,#7536,#7537));
#1022=EDGE_LOOP('',(#7538,#7539,#7540,#7541));
#1023=EDGE_LOOP('',(#7542,#7543,#7544,#7545));
#1024=EDGE_LOOP('',(#7546,#7547,#7548,#7549));
#1025=EDGE_LOOP('',(#7550,#7551,#7552,#7553));
#1026=EDGE_LOOP('',(#7554,#7555,#7556,#7557));
#1027=EDGE_LOOP('',(#7558,#7559,#7560,#7561));
#1028=EDGE_LOOP('',(#7562,#7563,#7564,#7565));
#1029=EDGE_LOOP('',(#7566,#7567,#7568,#7569));
#1030=EDGE_LOOP('',(#7570,#7571,#7572,#7573));
#1031=EDGE_LOOP('',(#7574,#7575,#7576,#7577));
#1032=EDGE_LOOP('',(#7578,#7579,#7580,#7581));
#1033=EDGE_LOOP('',(#7582,#7583,#7584,#7585));
#1034=EDGE_LOOP('',(#7586,#7587,#7588,#7589));
#1035=EDGE_LOOP('',(#7590,#7591,#7592));
#1036=EDGE_LOOP('',(#7593,#7594,#7595,#7596));
#1037=EDGE_LOOP('',(#7597,#7598,#7599,#7600));
#1038=EDGE_LOOP('',(#7601,#7602,#7603,#7604));
#1039=EDGE_LOOP('',(#7605,#7606,#7607,#7608));
#1040=EDGE_LOOP('',(#7609,#7610,#7611,#7612));
#1041=EDGE_LOOP('',(#7613,#7614,#7615,#7616));
#1042=EDGE_LOOP('',(#7617,#7618,#7619,#7620,#7621,#7622,#7623,#7624,#7625,
#7626,#7627,#7628,#7629,#7630,#7631,#7632,#7633));
#1043=EDGE_LOOP('',(#7634,#7635,#7636,#7637,#7638,#7639,#7640,#7641));
#1044=EDGE_LOOP('',(#7642,#7643,#7644,#7645,#7646,#7647,#7648));
#1045=EDGE_LOOP('',(#7649,#7650,#7651,#7652));
#1046=EDGE_LOOP('',(#7653,#7654,#7655,#7656));
#1047=EDGE_LOOP('',(#7657,#7658,#7659,#7660,#7661,#7662));
#1048=EDGE_LOOP('',(#7663,#7664,#7665,#7666,#7667,#7668,#7669,#7670));
#1049=EDGE_LOOP('',(#7671,#7672,#7673,#7674));
#1050=EDGE_LOOP('',(#7675,#7676,#7677,#7678,#7679,#7680,#7681,#7682,#7683,
#7684,#7685,#7686,#7687));
#1051=EDGE_LOOP('',(#7688,#7689,#7690,#7691));
#1052=EDGE_LOOP('',(#7692,#7693,#7694,#7695,#7696,#7697,#7698,#7699));
#1053=EDGE_LOOP('',(#7700,#7701,#7702,#7703));
#1054=EDGE_LOOP('',(#7704,#7705,#7706,#7707));
#1055=EDGE_LOOP('',(#7708,#7709,#7710,#7711,#7712,#7713,#7714,#7715));
#1056=EDGE_LOOP('',(#7716,#7717,#7718,#7719));
#1057=EDGE_LOOP('',(#7720,#7721,#7722,#7723));
#1058=EDGE_LOOP('',(#7724,#7725,#7726,#7727));
#1059=EDGE_LOOP('',(#7728,#7729,#7730,#7731));
#1060=EDGE_LOOP('',(#7732,#7733,#7734));
#1061=EDGE_LOOP('',(#7735,#7736,#7737,#7738));
#1062=EDGE_LOOP('',(#7739,#7740,#7741,#7742,#7743,#7744,#7745,#7746));
#1063=EDGE_LOOP('',(#7747,#7748,#7749,#7750));
#1064=EDGE_LOOP('',(#7751,#7752,#7753,#7754));
#1065=EDGE_LOOP('',(#7755,#7756,#7757,#7758));
#1066=EDGE_LOOP('',(#7759,#7760,#7761,#7762,#7763,#7764,#7765,#7766,#7767,
#7768,#7769));
#1067=EDGE_LOOP('',(#7770,#7771,#7772,#7773));
#1068=EDGE_LOOP('',(#7774,#7775,#7776,#7777,#7778));
#1069=EDGE_LOOP('',(#7779,#7780,#7781,#7782));
#1070=EDGE_LOOP('',(#7783,#7784,#7785,#7786));
#1071=EDGE_LOOP('',(#7787,#7788,#7789,#7790,#7791,#7792,#7793,#7794,#7795,
#7796));
#1072=EDGE_LOOP('',(#7797,#7798,#7799));
#1073=EDGE_LOOP('',(#7800,#7801,#7802));
#1074=EDGE_LOOP('',(#7803,#7804,#7805,#7806,#7807,#7808,#7809,#7810));
#1075=EDGE_LOOP('',(#7811,#7812,#7813,#7814));
#1076=EDGE_LOOP('',(#7815,#7816,#7817,#7818));
#1077=EDGE_LOOP('',(#7819,#7820,#7821,#7822));
#1078=EDGE_LOOP('',(#7823,#7824,#7825,#7826));
#1079=EDGE_LOOP('',(#7827,#7828,#7829,#7830));
#1080=EDGE_LOOP('',(#7831,#7832,#7833,#7834));
#1081=EDGE_LOOP('',(#7835,#7836,#7837,#7838));
#1082=EDGE_LOOP('',(#7839,#7840,#7841,#7842));
#1083=EDGE_LOOP('',(#7843,#7844,#7845,#7846,#7847));
#1084=EDGE_LOOP('',(#7848,#7849,#7850,#7851,#7852,#7853,#7854,#7855,#7856,
#7857,#7858));
#1085=EDGE_LOOP('',(#7859,#7860,#7861,#7862));
#1086=EDGE_LOOP('',(#7863,#7864,#7865,#7866));
#1087=EDGE_LOOP('',(#7867,#7868,#7869,#7870,#7871,#7872,#7873,#7874,#7875,
#7876,#7877,#7878,#7879,#7880));
#1088=EDGE_LOOP('',(#7881,#7882,#7883,#7884));
#1089=EDGE_LOOP('',(#7885,#7886,#7887,#7888));
#1090=EDGE_LOOP('',(#7889,#7890,#7891,#7892));
#1091=EDGE_LOOP('',(#7893,#7894,#7895,#7896));
#1092=EDGE_LOOP('',(#7897,#7898,#7899,#7900));
#1093=EDGE_LOOP('',(#7901,#7902,#7903,#7904));
#1094=EDGE_LOOP('',(#7905,#7906,#7907,#7908));
#1095=EDGE_LOOP('',(#7909,#7910,#7911,#7912,#7913,#7914,#7915,#7916));
#1096=EDGE_LOOP('',(#7917,#7918,#7919,#7920));
#1097=EDGE_LOOP('',(#7921,#7922,#7923,#7924));
#1098=EDGE_LOOP('',(#7925,#7926,#7927,#7928));
#1099=EDGE_LOOP('',(#7929,#7930,#7931,#7932,#7933,#7934,#7935,#7936,#7937,
#7938,#7939,#7940,#7941));
#1100=EDGE_LOOP('',(#7942,#7943,#7944,#7945));
#1101=EDGE_LOOP('',(#7946,#7947,#7948));
#1102=EDGE_LOOP('',(#7949,#7950,#7951,#7952,#7953));
#1103=EDGE_LOOP('',(#7954,#7955,#7956,#7957));
#1104=EDGE_LOOP('',(#7958,#7959,#7960,#7961,#7962));
#1105=EDGE_LOOP('',(#7963,#7964,#7965,#7966));
#1106=EDGE_LOOP('',(#7967,#7968,#7969));
#1107=EDGE_LOOP('',(#7970,#7971,#7972,#7973));
#1108=EDGE_LOOP('',(#7974,#7975,#7976,#7977));
#1109=EDGE_LOOP('',(#7978,#7979,#7980,#7981));
#1110=EDGE_LOOP('',(#7982,#7983,#7984,#7985));
#1111=EDGE_LOOP('',(#7986,#7987,#7988,#7989));
#1112=EDGE_LOOP('',(#7990,#7991,#7992,#7993));
#1113=EDGE_LOOP('',(#7994,#7995,#7996,#7997));
#1114=EDGE_LOOP('',(#7998,#7999,#8000,#8001,#8002,#8003,#8004,#8005,#8006));
#1115=EDGE_LOOP('',(#8007,#8008,#8009,#8010));
#1116=EDGE_LOOP('',(#8011,#8012,#8013,#8014));
#1117=EDGE_LOOP('',(#8015,#8016,#8017,#8018));
#1118=EDGE_LOOP('',(#8019,#8020,#8021,#8022));
#1119=EDGE_LOOP('',(#8023,#8024,#8025,#8026));
#1120=EDGE_LOOP('',(#8027,#8028,#8029,#8030));
#1121=EDGE_LOOP('',(#8031,#8032,#8033,#8034));
#1122=EDGE_LOOP('',(#8035,#8036,#8037,#8038));
#1123=EDGE_LOOP('',(#8039,#8040,#8041,#8042));
#1124=EDGE_LOOP('',(#8043,#8044,#8045,#8046));
#1125=EDGE_LOOP('',(#8047,#8048,#8049,#8050));
#1126=EDGE_LOOP('',(#8051,#8052,#8053,#8054));
#1127=EDGE_LOOP('',(#8055,#8056,#8057,#8058));
#1128=EDGE_LOOP('',(#8059,#8060,#8061,#8062));
#1129=EDGE_LOOP('',(#8063,#8064,#8065,#8066));
#1130=EDGE_LOOP('',(#8067,#8068,#8069,#8070));
#1131=EDGE_LOOP('',(#8071,#8072,#8073,#8074));
#1132=EDGE_LOOP('',(#8075,#8076,#8077,#8078));
#1133=EDGE_LOOP('',(#8079,#8080,#8081,#8082));
#1134=EDGE_LOOP('',(#8083,#8084,#8085,#8086));
#1135=EDGE_LOOP('',(#8087,#8088,#8089,#8090));
#1136=EDGE_LOOP('',(#8091,#8092,#8093,#8094));
#1137=EDGE_LOOP('',(#8095,#8096,#8097,#8098));
#1138=EDGE_LOOP('',(#8099,#8100,#8101,#8102,#8103,#8104));
#1139=EDGE_LOOP('',(#8105,#8106,#8107,#8108));
#1140=EDGE_LOOP('',(#8109,#8110,#8111,#8112));
#1141=EDGE_LOOP('',(#8113,#8114,#8115,#8116));
#1142=EDGE_LOOP('',(#8117,#8118,#8119,#8120));
#1143=EDGE_LOOP('',(#8121,#8122,#8123,#8124));
#1144=EDGE_LOOP('',(#8125,#8126,#8127,#8128));
#1145=EDGE_LOOP('',(#8129,#8130,#8131,#8132,#8133));
#1146=EDGE_LOOP('',(#8134,#8135,#8136,#8137));
#1147=EDGE_LOOP('',(#8138,#8139,#8140,#8141));
#1148=EDGE_LOOP('',(#8142,#8143,#8144,#8145));
#1149=EDGE_LOOP('',(#8146,#8147,#8148,#8149,#8150,#8151));
#1150=EDGE_LOOP('',(#8152,#8153,#8154,#8155));
#1151=EDGE_LOOP('',(#8156,#8157,#8158,#8159));
#1152=EDGE_LOOP('',(#8160,#8161,#8162,#8163));
#1153=EDGE_LOOP('',(#8164,#8165,#8166,#8167));
#1154=EDGE_LOOP('',(#8168,#8169,#8170,#8171));
#1155=EDGE_LOOP('',(#8172,#8173,#8174,#8175,#8176));
#1156=EDGE_LOOP('',(#8177,#8178,#8179,#8180));
#1157=LINE('',#11895,#2383);
#1158=LINE('',#11897,#2384);
#1159=LINE('',#11899,#2385);
#1160=LINE('',#11900,#2386);
#1161=LINE('',#11903,#2387);
#1162=LINE('',#11905,#2388);
#1163=LINE('',#11906,#2389);
#1164=LINE('',#11910,#2390);
#1165=LINE('',#11912,#2391);
#1166=LINE('',#11914,#2392);
#1167=LINE('',#11915,#2393);
#1168=LINE('',#11918,#2394);
#1169=LINE('',#11920,#2395);
#1170=LINE('',#11921,#2396);
#1171=LINE('',#11924,#2397);
#1172=LINE('',#11926,#2398);
#1173=LINE('',#11927,#2399);
#1174=LINE('',#11930,#2400);
#1175=LINE('',#11932,#2401);
#1176=LINE('',#11934,#2402);
#1177=LINE('',#11936,#2403);
#1178=LINE('',#11938,#2404);
#1179=LINE('',#11940,#2405);
#1180=LINE('',#11942,#2406);
#1181=LINE('',#11944,#2407);
#1182=LINE('',#11946,#2408);
#1183=LINE('',#11948,#2409);
#1184=LINE('',#11950,#2410);
#1185=LINE('',#11952,#2411);
#1186=LINE('',#11954,#2412);
#1187=LINE('',#11956,#2413);
#1188=LINE('',#11958,#2414);
#1189=LINE('',#11960,#2415);
#1190=LINE('',#11962,#2416);
#1191=LINE('',#11964,#2417);
#1192=LINE('',#11966,#2418);
#1193=LINE('',#11968,#2419);
#1194=LINE('',#11970,#2420);
#1195=LINE('',#11972,#2421);
#1196=LINE('',#11974,#2422);
#1197=LINE('',#11975,#2423);
#1198=LINE('',#11977,#2424);
#1199=LINE('',#11979,#2425);
#1200=LINE('',#11981,#2426);
#1201=LINE('',#11982,#2427);
#1202=LINE('',#11986,#2428);
#1203=LINE('',#11987,#2429);
#1204=LINE('',#11988,#2430);
#1205=LINE('',#11991,#2431);
#1206=LINE('',#11992,#2432);
#1207=LINE('',#11995,#2433);
#1208=LINE('',#11996,#2434);
#1209=LINE('',#12000,#2435);
#1210=LINE('',#12001,#2436);
#1211=LINE('',#12002,#2437);
#1212=LINE('',#12005,#2438);
#1213=LINE('',#12006,#2439);
#1214=LINE('',#12009,#2440);
#1215=LINE('',#12010,#2441);
#1216=LINE('',#12013,#2442);
#1217=LINE('',#12014,#2443);
#1218=LINE('',#12018,#2444);
#1219=LINE('',#12019,#2445);
#1220=LINE('',#12020,#2446);
#1221=LINE('',#12024,#2447);
#1222=LINE('',#12025,#2448);
#1223=LINE('',#12026,#2449);
#1224=LINE('',#12028,#2450);
#1225=LINE('',#12032,#2451);
#1226=LINE('',#12033,#2452);
#1227=LINE('',#12034,#2453);
#1228=LINE('',#12037,#2454);
#1229=LINE('',#12038,#2455);
#1230=LINE('',#12041,#2456);
#1231=LINE('',#12042,#2457);
#1232=LINE('',#12046,#2458);
#1233=LINE('',#12047,#2459);
#1234=LINE('',#12048,#2460);
#1235=LINE('',#12051,#2461);
#1236=LINE('',#12052,#2462);
#1237=LINE('',#12054,#2463);
#1238=LINE('',#12056,#2464);
#1239=LINE('',#12059,#2465);
#1240=LINE('',#12060,#2466);
#1241=LINE('',#12062,#2467);
#1242=LINE('',#12065,#2468);
#1243=LINE('',#12066,#2469);
#1244=LINE('',#12068,#2470);
#1245=LINE('',#12070,#2471);
#1246=LINE('',#12071,#2472);
#1247=LINE('',#12073,#2473);
#1248=LINE('',#12075,#2474);
#1249=LINE('',#12077,#2475);
#1250=LINE('',#12079,#2476);
#1251=LINE('',#12080,#2477);
#1252=LINE('',#12083,#2478);
#1253=LINE('',#12085,#2479);
#1254=LINE('',#12087,#2480);
#1255=LINE('',#12088,#2481);
#1256=LINE('',#12091,#2482);
#1257=LINE('',#12095,#2483);
#1258=LINE('',#12097,#2484);
#1259=LINE('',#12099,#2485);
#1260=LINE('',#12101,#2486);
#1261=LINE('',#12103,#2487);
#1262=LINE('',#12105,#2488);
#1263=LINE('',#12107,#2489);
#1264=LINE('',#12108,#2490);
#1265=LINE('',#12111,#2491);
#1266=LINE('',#12113,#2492);
#1267=LINE('',#12115,#2493);
#1268=LINE('',#12117,#2494);
#1269=LINE('',#12119,#2495);
#1270=LINE('',#12121,#2496);
#1271=LINE('',#12123,#2497);
#1272=LINE('',#12124,#2498);
#1273=LINE('',#12129,#2499);
#1274=LINE('',#12131,#2500);
#1275=LINE('',#12133,#2501);
#1276=LINE('',#12135,#2502);
#1277=LINE('',#12137,#2503);
#1278=LINE('',#12139,#2504);
#1279=LINE('',#12141,#2505);
#1280=LINE('',#12142,#2506);
#1281=LINE('',#12146,#2507);
#1282=LINE('',#12148,#2508);
#1283=LINE('',#12150,#2509);
#1284=LINE('',#12152,#2510);
#1285=LINE('',#12154,#2511);
#1286=LINE('',#12156,#2512);
#1287=LINE('',#12158,#2513);
#1288=LINE('',#12159,#2514);
#1289=LINE('',#12161,#2515);
#1290=LINE('',#12162,#2516);
#1291=LINE('',#12164,#2517);
#1292=LINE('',#12166,#2518);
#1293=LINE('',#12167,#2519);
#1294=LINE('',#12170,#2520);
#1295=LINE('',#12172,#2521);
#1296=LINE('',#12173,#2522);
#1297=LINE('',#12176,#2523);
#1298=LINE('',#12178,#2524);
#1299=LINE('',#12179,#2525);
#1300=LINE('',#12182,#2526);
#1301=LINE('',#12183,#2527);
#1302=LINE('',#12185,#2528);
#1303=LINE('',#12188,#2529);
#1304=LINE('',#12190,#2530);
#1305=LINE('',#12192,#2531);
#1306=LINE('',#12193,#2532);
#1307=LINE('',#12195,#2533);
#1308=LINE('',#12197,#2534);
#1309=LINE('',#12200,#2535);
#1310=LINE('',#12202,#2536);
#1311=LINE('',#12203,#2537);
#1312=LINE('',#12206,#2538);
#1313=LINE('',#12207,#2539);
#1314=LINE('',#12210,#2540);
#1315=LINE('',#12211,#2541);
#1316=LINE('',#12215,#2542);
#1317=LINE('',#12216,#2543);
#1318=LINE('',#12218,#2544);
#1319=LINE('',#12220,#2545);
#1320=LINE('',#12221,#2546);
#1321=LINE('',#12223,#2547);
#1322=LINE('',#12225,#2548);
#1323=LINE('',#12227,#2549);
#1324=LINE('',#12230,#2550);
#1325=LINE('',#12231,#2551);
#1326=LINE('',#12233,#2552);
#1327=LINE('',#12236,#2553);
#1328=LINE('',#12238,#2554);
#1329=LINE('',#12244,#2555);
#1330=LINE('',#12249,#2556);
#1331=LINE('',#12251,#2557);
#1332=LINE('',#12252,#2558);
#1333=LINE('',#12258,#2559);
#1334=LINE('',#12259,#2560);
#1335=LINE('',#12262,#2561);
#1336=LINE('',#12263,#2562);
#1337=LINE('',#12265,#2563);
#1338=LINE('',#12266,#2564);
#1339=LINE('',#12268,#2565);
#1340=LINE('',#12272,#2566);
#1341=LINE('',#12275,#2567);
#1342=LINE('',#12280,#2568);
#1343=LINE('',#12282,#2569);
#1344=LINE('',#12284,#2570);
#1345=LINE('',#12285,#2571);
#1346=LINE('',#12289,#2572);
#1347=LINE('',#12291,#2573);
#1348=LINE('',#12293,#2574);
#1349=LINE('',#12294,#2575);
#1350=LINE('',#12298,#2576);
#1351=LINE('',#12300,#2577);
#1352=LINE('',#12302,#2578);
#1353=LINE('',#12303,#2579);
#1354=LINE('',#12307,#2580);
#1355=LINE('',#12310,#2581);
#1356=LINE('',#12314,#2582);
#1357=LINE('',#12316,#2583);
#1358=LINE('',#12319,#2584);
#1359=LINE('',#12320,#2585);
#1360=LINE('',#12322,#2586);
#1361=LINE('',#12324,#2587);
#1362=LINE('',#12326,#2588);
#1363=LINE('',#12328,#2589);
#1364=LINE('',#12330,#2590);
#1365=LINE('',#12332,#2591);
#1366=LINE('',#12334,#2592);
#1367=LINE('',#12336,#2593);
#1368=LINE('',#12338,#2594);
#1369=LINE('',#12340,#2595);
#1370=LINE('',#12342,#2596);
#1371=LINE('',#12344,#2597);
#1372=LINE('',#12346,#2598);
#1373=LINE('',#12348,#2599);
#1374=LINE('',#12350,#2600);
#1375=LINE('',#12352,#2601);
#1376=LINE('',#12353,#2602);
#1377=LINE('',#12356,#2603);
#1378=LINE('',#12359,#2604);
#1379=LINE('',#12362,#2605);
#1380=LINE('',#12364,#2606);
#1381=LINE('',#12367,#2607);
#1382=LINE('',#12368,#2608);
#1383=LINE('',#12372,#2609);
#1384=LINE('',#12375,#2610);
#1385=LINE('',#12378,#2611);
#1386=LINE('',#12380,#2612);
#1387=LINE('',#12383,#2613);
#1388=LINE('',#12384,#2614);
#1389=LINE('',#12388,#2615);
#1390=LINE('',#12391,#2616);
#1391=LINE('',#12394,#2617);
#1392=LINE('',#12396,#2618);
#1393=LINE('',#12399,#2619);
#1394=LINE('',#12400,#2620);
#1395=LINE('',#12404,#2621);
#1396=LINE('',#12407,#2622);
#1397=LINE('',#12410,#2623);
#1398=LINE('',#12412,#2624);
#1399=LINE('',#12415,#2625);
#1400=LINE('',#12416,#2626);
#1401=LINE('',#12420,#2627);
#1402=LINE('',#12423,#2628);
#1403=LINE('',#12426,#2629);
#1404=LINE('',#12428,#2630);
#1405=LINE('',#12431,#2631);
#1406=LINE('',#12432,#2632);
#1407=LINE('',#12436,#2633);
#1408=LINE('',#12439,#2634);
#1409=LINE('',#12442,#2635);
#1410=LINE('',#12444,#2636);
#1411=LINE('',#12447,#2637);
#1412=LINE('',#12448,#2638);
#1413=LINE('',#12453,#2639);
#1414=LINE('',#12455,#2640);
#1415=LINE('',#12459,#2641);
#1416=LINE('',#12461,#2642);
#1417=LINE('',#12465,#2643);
#1418=LINE('',#12466,#2644);
#1419=LINE('',#12468,#2645);
#1420=LINE('',#12471,#2646);
#1421=LINE('',#12473,#2647);
#1422=LINE('',#12475,#2648);
#1423=LINE('',#12477,#2649);
#1424=LINE('',#12479,#2650);
#1425=LINE('',#12481,#2651);
#1426=LINE('',#12483,#2652);
#1427=LINE('',#12485,#2653);
#1428=LINE('',#12487,#2654);
#1429=LINE('',#12489,#2655);
#1430=LINE('',#12491,#2656);
#1431=LINE('',#12493,#2657);
#1432=LINE('',#12495,#2658);
#1433=LINE('',#12497,#2659);
#1434=LINE('',#12498,#2660);
#1435=LINE('',#12499,#2661);
#1436=LINE('',#12502,#2662);
#1437=LINE('',#12504,#2663);
#1438=LINE('',#12508,#2664);
#1439=LINE('',#12510,#2665);
#1440=LINE('',#12513,#2666);
#1441=LINE('',#12514,#2667);
#1442=LINE('',#12518,#2668);
#1443=LINE('',#12520,#2669);
#1444=LINE('',#12524,#2670);
#1445=LINE('',#12526,#2671);
#1446=LINE('',#12529,#2672);
#1447=LINE('',#12530,#2673);
#1448=LINE('',#12534,#2674);
#1449=LINE('',#12536,#2675);
#1450=LINE('',#12540,#2676);
#1451=LINE('',#12542,#2677);
#1452=LINE('',#12545,#2678);
#1453=LINE('',#12546,#2679);
#1454=LINE('',#12550,#2680);
#1455=LINE('',#12552,#2681);
#1456=LINE('',#12556,#2682);
#1457=LINE('',#12558,#2683);
#1458=LINE('',#12561,#2684);
#1459=LINE('',#12562,#2685);
#1460=LINE('',#12566,#2686);
#1461=LINE('',#12568,#2687);
#1462=LINE('',#12572,#2688);
#1463=LINE('',#12574,#2689);
#1464=LINE('',#12577,#2690);
#1465=LINE('',#12578,#2691);
#1466=LINE('',#12582,#2692);
#1467=LINE('',#12584,#2693);
#1468=LINE('',#12588,#2694);
#1469=LINE('',#12590,#2695);
#1470=LINE('',#12593,#2696);
#1471=LINE('',#12594,#2697);
#1472=LINE('',#12599,#2698);
#1473=LINE('',#12601,#2699);
#1474=LINE('',#12603,#2700);
#1475=LINE('',#12604,#2701);
#1476=LINE('',#12608,#2702);
#1477=LINE('',#12610,#2703);
#1478=LINE('',#12612,#2704);
#1479=LINE('',#12613,#2705);
#1480=LINE('',#12617,#2706);
#1481=LINE('',#12619,#2707);
#1482=LINE('',#12621,#2708);
#1483=LINE('',#12622,#2709);
#1484=LINE('',#12626,#2710);
#1485=LINE('',#12628,#2711);
#1486=LINE('',#12630,#2712);
#1487=LINE('',#12631,#2713);
#1488=LINE('',#12635,#2714);
#1489=LINE('',#12637,#2715);
#1490=LINE('',#12639,#2716);
#1491=LINE('',#12640,#2717);
#1492=LINE('',#12644,#2718);
#1493=LINE('',#12646,#2719);
#1494=LINE('',#12648,#2720);
#1495=LINE('',#12649,#2721);
#1496=LINE('',#12653,#2722);
#1497=LINE('',#12655,#2723);
#1498=LINE('',#12657,#2724);
#1499=LINE('',#12658,#2725);
#1500=LINE('',#12661,#2726);
#1501=LINE('',#12663,#2727);
#1502=LINE('',#12665,#2728);
#1503=LINE('',#12666,#2729);
#1504=LINE('',#12667,#2730);
#1505=LINE('',#12669,#2731);
#1506=LINE('',#12670,#2732);
#1507=LINE('',#12673,#2733);
#1508=LINE('',#12675,#2734);
#1509=LINE('',#12677,#2735);
#1510=LINE('',#12678,#2736);
#1511=LINE('',#12681,#2737);
#1512=LINE('',#12682,#2738);
#1513=LINE('',#12685,#2739);
#1514=LINE('',#12686,#2740);
#1515=LINE('',#12687,#2741);
#1516=LINE('',#12689,#2742);
#1517=LINE('',#12691,#2743);
#1518=LINE('',#12692,#2744);
#1519=LINE('',#12695,#2745);
#1520=LINE('',#12697,#2746);
#1521=LINE('',#12699,#2747);
#1522=LINE('',#12700,#2748);
#1523=LINE('',#12703,#2749);
#1524=LINE('',#12705,#2750);
#1525=LINE('',#12707,#2751);
#1526=LINE('',#12708,#2752);
#1527=LINE('',#12709,#2753);
#1528=LINE('',#12711,#2754);
#1529=LINE('',#12712,#2755);
#1530=LINE('',#12715,#2756);
#1531=LINE('',#12717,#2757);
#1532=LINE('',#12719,#2758);
#1533=LINE('',#12720,#2759);
#1534=LINE('',#12723,#2760);
#1535=LINE('',#12724,#2761);
#1536=LINE('',#12727,#2762);
#1537=LINE('',#12728,#2763);
#1538=LINE('',#12729,#2764);
#1539=LINE('',#12731,#2765);
#1540=LINE('',#12733,#2766);
#1541=LINE('',#12734,#2767);
#1542=LINE('',#12737,#2768);
#1543=LINE('',#12739,#2769);
#1544=LINE('',#12741,#2770);
#1545=LINE('',#12742,#2771);
#1546=LINE('',#12745,#2772);
#1547=LINE('',#12747,#2773);
#1548=LINE('',#12749,#2774);
#1549=LINE('',#12750,#2775);
#1550=LINE('',#12751,#2776);
#1551=LINE('',#12753,#2777);
#1552=LINE('',#12754,#2778);
#1553=LINE('',#12757,#2779);
#1554=LINE('',#12759,#2780);
#1555=LINE('',#12761,#2781);
#1556=LINE('',#12762,#2782);
#1557=LINE('',#12765,#2783);
#1558=LINE('',#12766,#2784);
#1559=LINE('',#12769,#2785);
#1560=LINE('',#12770,#2786);
#1561=LINE('',#12771,#2787);
#1562=LINE('',#12773,#2788);
#1563=LINE('',#12775,#2789);
#1564=LINE('',#12776,#2790);
#1565=LINE('',#12779,#2791);
#1566=LINE('',#12781,#2792);
#1567=LINE('',#12783,#2793);
#1568=LINE('',#12784,#2794);
#1569=LINE('',#12787,#2795);
#1570=LINE('',#12789,#2796);
#1571=LINE('',#12791,#2797);
#1572=LINE('',#12792,#2798);
#1573=LINE('',#12793,#2799);
#1574=LINE('',#12795,#2800);
#1575=LINE('',#12796,#2801);
#1576=LINE('',#12799,#2802);
#1577=LINE('',#12801,#2803);
#1578=LINE('',#12803,#2804);
#1579=LINE('',#12804,#2805);
#1580=LINE('',#12807,#2806);
#1581=LINE('',#12808,#2807);
#1582=LINE('',#12811,#2808);
#1583=LINE('',#12812,#2809);
#1584=LINE('',#12813,#2810);
#1585=LINE('',#12815,#2811);
#1586=LINE('',#12817,#2812);
#1587=LINE('',#12818,#2813);
#1588=LINE('',#12821,#2814);
#1589=LINE('',#12823,#2815);
#1590=LINE('',#12825,#2816);
#1591=LINE('',#12826,#2817);
#1592=LINE('',#12829,#2818);
#1593=LINE('',#12831,#2819);
#1594=LINE('',#12833,#2820);
#1595=LINE('',#12834,#2821);
#1596=LINE('',#12835,#2822);
#1597=LINE('',#12837,#2823);
#1598=LINE('',#12838,#2824);
#1599=LINE('',#12841,#2825);
#1600=LINE('',#12843,#2826);
#1601=LINE('',#12845,#2827);
#1602=LINE('',#12846,#2828);
#1603=LINE('',#12849,#2829);
#1604=LINE('',#12850,#2830);
#1605=LINE('',#12853,#2831);
#1606=LINE('',#12854,#2832);
#1607=LINE('',#12855,#2833);
#1608=LINE('',#12857,#2834);
#1609=LINE('',#12859,#2835);
#1610=LINE('',#12860,#2836);
#1611=LINE('',#12863,#2837);
#1612=LINE('',#12865,#2838);
#1613=LINE('',#12867,#2839);
#1614=LINE('',#12868,#2840);
#1615=LINE('',#12871,#2841);
#1616=LINE('',#12873,#2842);
#1617=LINE('',#12874,#2843);
#1618=LINE('',#12877,#2844);
#1619=LINE('',#12878,#2845);
#1620=LINE('',#12879,#2846);
#1621=LINE('',#12881,#2847);
#1622=LINE('',#12883,#2848);
#1623=LINE('',#12884,#2849);
#1624=LINE('',#12887,#2850);
#1625=LINE('',#12889,#2851);
#1626=LINE('',#12891,#2852);
#1627=LINE('',#12892,#2853);
#1628=LINE('',#12895,#2854);
#1629=LINE('',#12897,#2855);
#1630=LINE('',#12898,#2856);
#1631=LINE('',#12902,#2857);
#1632=LINE('',#12904,#2858);
#1633=LINE('',#12906,#2859);
#1634=LINE('',#12907,#2860);
#1635=LINE('',#12910,#2861);
#1636=LINE('',#12911,#2862);
#1637=LINE('',#12913,#2863);
#1638=LINE('',#12915,#2864);
#1639=LINE('',#12916,#2865);
#1640=LINE('',#12918,#2866);
#1641=LINE('',#12920,#2867);
#1642=LINE('',#12924,#2868);
#1643=LINE('',#12928,#2869);
#1644=LINE('',#12929,#2870);
#1645=LINE('',#12931,#2871);
#1646=LINE('',#12933,#2872);
#1647=LINE('',#12934,#2873);
#1648=LINE('',#12936,#2874);
#1649=LINE('',#12938,#2875);
#1650=LINE('',#12944,#2876);
#1651=LINE('',#12945,#2877);
#1652=LINE('',#12946,#2878);
#1653=LINE('',#12949,#2879);
#1654=LINE('',#12950,#2880);
#1655=LINE('',#12954,#2881);
#1656=LINE('',#12955,#2882);
#1657=LINE('',#12956,#2883);
#1658=LINE('',#12959,#2884);
#1659=LINE('',#12960,#2885);
#1660=LINE('',#12963,#2886);
#1661=LINE('',#12964,#2887);
#1662=LINE('',#12966,#2888);
#1663=LINE('',#12968,#2889);
#1664=LINE('',#12970,#2890);
#1665=LINE('',#12971,#2891);
#1666=LINE('',#12973,#2892);
#1667=LINE('',#12975,#2893);
#1668=LINE('',#12977,#2894);
#1669=LINE('',#12984,#2895);
#1670=LINE('',#12985,#2896);
#1671=LINE('',#12986,#2897);
#1672=LINE('',#12989,#2898);
#1673=LINE('',#12990,#2899);
#1674=LINE('',#12993,#2900);
#1675=LINE('',#12994,#2901);
#1676=LINE('',#12997,#2902);
#1677=LINE('',#12998,#2903);
#1678=LINE('',#13000,#2904);
#1679=LINE('',#13002,#2905);
#1680=LINE('',#13004,#2906);
#1681=LINE('',#13005,#2907);
#1682=LINE('',#13008,#2908);
#1683=LINE('',#13010,#2909);
#1684=LINE('',#13011,#2910);
#1685=LINE('',#13013,#2911);
#1686=LINE('',#13014,#2912);
#1687=LINE('',#13017,#2913);
#1688=LINE('',#13018,#2914);
#1689=LINE('',#13022,#2915);
#1690=LINE('',#13023,#2916);
#1691=LINE('',#13024,#2917);
#1692=LINE('',#13026,#2918);
#1693=LINE('',#13027,#2919);
#1694=LINE('',#13028,#2920);
#1695=LINE('',#13029,#2921);
#1696=LINE('',#13030,#2922);
#1697=LINE('',#13031,#2923);
#1698=LINE('',#13032,#2924);
#1699=LINE('',#13033,#2925);
#1700=LINE('',#13034,#2926);
#1701=LINE('',#13035,#2927);
#1702=LINE('',#13036,#2928);
#1703=LINE('',#13037,#2929);
#1704=LINE('',#13039,#2930);
#1705=LINE('',#13041,#2931);
#1706=LINE('',#13042,#2932);
#1707=LINE('',#13044,#2933);
#1708=LINE('',#13047,#2934);
#1709=LINE('',#13048,#2935);
#1710=LINE('',#13050,#2936);
#1711=LINE('',#13052,#2937);
#1712=LINE('',#13054,#2938);
#1713=LINE('',#13056,#2939);
#1714=LINE('',#13058,#2940);
#1715=LINE('',#13060,#2941);
#1716=LINE('',#13062,#2942);
#1717=LINE('',#13070,#2943);
#1718=LINE('',#13072,#2944);
#1719=LINE('',#13073,#2945);
#1720=LINE('',#13076,#2946);
#1721=LINE('',#13077,#2947);
#1722=LINE('',#13078,#2948);
#1723=LINE('',#13089,#2949);
#1724=LINE('',#13090,#2950);
#1725=LINE('',#13091,#2951);
#1726=LINE('',#13093,#2952);
#1727=LINE('',#13094,#2953);
#1728=LINE('',#13097,#2954);
#1729=LINE('',#13098,#2955);
#1730=LINE('',#13100,#2956);
#1731=LINE('',#13101,#2957);
#1732=LINE('',#13103,#2958);
#1733=LINE('',#13104,#2959);
#1734=LINE('',#13106,#2960);
#1735=LINE('',#13107,#2961);
#1736=LINE('',#13109,#2962);
#1737=LINE('',#13110,#2963);
#1738=LINE('',#13112,#2964);
#1739=LINE('',#13113,#2965);
#1740=LINE('',#13115,#2966);
#1741=LINE('',#13116,#2967);
#1742=LINE('',#13128,#2968);
#1743=LINE('',#13130,#2969);
#1744=LINE('',#13132,#2970);
#1745=LINE('',#13133,#2971);
#1746=LINE('',#13137,#2972);
#1747=LINE('',#13139,#2973);
#1748=LINE('',#13141,#2974);
#1749=LINE('',#13142,#2975);
#1750=LINE('',#13146,#2976);
#1751=LINE('',#13148,#2977);
#1752=LINE('',#13150,#2978);
#1753=LINE('',#13152,#2979);
#1754=LINE('',#13154,#2980);
#1755=LINE('',#13156,#2981);
#1756=LINE('',#13158,#2982);
#1757=LINE('',#13160,#2983);
#1758=LINE('',#13162,#2984);
#1759=LINE('',#13164,#2985);
#1760=LINE('',#13166,#2986);
#1761=LINE('',#13168,#2987);
#1762=LINE('',#13170,#2988);
#1763=LINE('',#13172,#2989);
#1764=LINE('',#13174,#2990);
#1765=LINE('',#13176,#2991);
#1766=LINE('',#13178,#2992);
#1767=LINE('',#13179,#2993);
#1768=LINE('',#13183,#2994);
#1769=LINE('',#13185,#2995);
#1770=LINE('',#13187,#2996);
#1771=LINE('',#13188,#2997);
#1772=LINE('',#13190,#2998);
#1773=LINE('',#13192,#2999);
#1774=LINE('',#13194,#3000);
#1775=LINE('',#13196,#3001);
#1776=LINE('',#13197,#3002);
#1777=LINE('',#13200,#3003);
#1778=LINE('',#13202,#3004);
#1779=LINE('',#13204,#3005);
#1780=LINE('',#13205,#3006);
#1781=LINE('',#13208,#3007);
#1782=LINE('',#13210,#3008);
#1783=LINE('',#13212,#3009);
#1784=LINE('',#13213,#3010);
#1785=LINE('',#13216,#3011);
#1786=LINE('',#13217,#3012);
#1787=LINE('',#13220,#3013);
#1788=LINE('',#13221,#3014);
#1789=LINE('',#13224,#3015);
#1790=LINE('',#13226,#3016);
#1791=LINE('',#13227,#3017);
#1792=LINE('',#13230,#3018);
#1793=LINE('',#13232,#3019);
#1794=LINE('',#13233,#3020);
#1795=LINE('',#13236,#3021);
#1796=LINE('',#13238,#3022);
#1797=LINE('',#13239,#3023);
#1798=LINE('',#13242,#3024);
#1799=LINE('',#13244,#3025);
#1800=LINE('',#13245,#3026);
#1801=LINE('',#13248,#3027);
#1802=LINE('',#13250,#3028);
#1803=LINE('',#13251,#3029);
#1804=LINE('',#13254,#3030);
#1805=LINE('',#13256,#3031);
#1806=LINE('',#13257,#3032);
#1807=LINE('',#13260,#3033);
#1808=LINE('',#13262,#3034);
#1809=LINE('',#13263,#3035);
#1810=LINE('',#13266,#3036);
#1811=LINE('',#13268,#3037);
#1812=LINE('',#13269,#3038);
#1813=LINE('',#13272,#3039);
#1814=LINE('',#13274,#3040);
#1815=LINE('',#13275,#3041);
#1816=LINE('',#13278,#3042);
#1817=LINE('',#13280,#3043);
#1818=LINE('',#13281,#3044);
#1819=LINE('',#13284,#3045);
#1820=LINE('',#13286,#3046);
#1821=LINE('',#13287,#3047);
#1822=LINE('',#13290,#3048);
#1823=LINE('',#13292,#3049);
#1824=LINE('',#13293,#3050);
#1825=LINE('',#13297,#3051);
#1826=LINE('',#13299,#3052);
#1827=LINE('',#13300,#3053);
#1828=LINE('',#13304,#3054);
#1829=LINE('',#13306,#3055);
#1830=LINE('',#13308,#3056);
#1831=LINE('',#13309,#3057);
#1832=LINE('',#13313,#3058);
#1833=LINE('',#13315,#3059);
#1834=LINE('',#13317,#3060);
#1835=LINE('',#13318,#3061);
#1836=LINE('',#13322,#3062);
#1837=LINE('',#13324,#3063);
#1838=LINE('',#13326,#3064);
#1839=LINE('',#13327,#3065);
#1840=LINE('',#13331,#3066);
#1841=LINE('',#13333,#3067);
#1842=LINE('',#13335,#3068);
#1843=LINE('',#13336,#3069);
#1844=LINE('',#13340,#3070);
#1845=LINE('',#13342,#3071);
#1846=LINE('',#13344,#3072);
#1847=LINE('',#13345,#3073);
#1848=LINE('',#13349,#3074);
#1849=LINE('',#13350,#3075);
#1850=LINE('',#13351,#3076);
#1851=LINE('',#13354,#3077);
#1852=LINE('',#13355,#3078);
#1853=LINE('',#13356,#3079);
#1854=LINE('',#13357,#3080);
#1855=LINE('',#13358,#3081);
#1856=LINE('',#13359,#3082);
#1857=LINE('',#13360,#3083);
#1858=LINE('',#13361,#3084);
#1859=LINE('',#13362,#3085);
#1860=LINE('',#13365,#3086);
#1861=LINE('',#13367,#3087);
#1862=LINE('',#13369,#3088);
#1863=LINE('',#13371,#3089);
#1864=LINE('',#13372,#3090);
#1865=LINE('',#13375,#3091);
#1866=LINE('',#13376,#3092);
#1867=LINE('',#13377,#3093);
#1868=LINE('',#13381,#3094);
#1869=LINE('',#13383,#3095);
#1870=LINE('',#13385,#3096);
#1871=LINE('',#13386,#3097);
#1872=LINE('',#13390,#3098);
#1873=LINE('',#13392,#3099);
#1874=LINE('',#13394,#3100);
#1875=LINE('',#13395,#3101);
#1876=LINE('',#13397,#3102);
#1877=LINE('',#13399,#3103);
#1878=LINE('',#13400,#3104);
#1879=LINE('',#13403,#3105);
#1880=LINE('',#13404,#3106);
#1881=LINE('',#13405,#3107);
#1882=LINE('',#13406,#3108);
#1883=LINE('',#13408,#3109);
#1884=LINE('',#13411,#3110);
#1885=LINE('',#13412,#3111);
#1886=LINE('',#13414,#3112);
#1887=LINE('',#13416,#3113);
#1888=LINE('',#13418,#3114);
#1889=LINE('',#13420,#3115);
#1890=LINE('',#13422,#3116);
#1891=LINE('',#13424,#3117);
#1892=LINE('',#13426,#3118);
#1893=LINE('',#13427,#3119);
#1894=LINE('',#13430,#3120);
#1895=LINE('',#13431,#3121);
#1896=LINE('',#13434,#3122);
#1897=LINE('',#13435,#3123);
#1898=LINE('',#13436,#3124);
#1899=LINE('',#13437,#3125);
#1900=LINE('',#13440,#3126);
#1901=LINE('',#13442,#3127);
#1902=LINE('',#13444,#3128);
#1903=LINE('',#13445,#3129);
#1904=LINE('',#13447,#3130);
#1905=LINE('',#13450,#3131);
#1906=LINE('',#13452,#3132);
#1907=LINE('',#13453,#3133);
#1908=LINE('',#13455,#3134);
#1909=LINE('',#13456,#3135);
#1910=LINE('',#13459,#3136);
#1911=LINE('',#13461,#3137);
#1912=LINE('',#13463,#3138);
#1913=LINE('',#13464,#3139);
#1914=LINE('',#13467,#3140);
#1915=LINE('',#13468,#3141);
#1916=LINE('',#13471,#3142);
#1917=LINE('',#13475,#3143);
#1918=LINE('',#13476,#3144);
#1919=LINE('',#13478,#3145);
#1920=LINE('',#13479,#3146);
#1921=LINE('',#13483,#3147);
#1922=LINE('',#13484,#3148);
#1923=LINE('',#13488,#3149);
#1924=LINE('',#13490,#3150);
#1925=LINE('',#13492,#3151);
#1926=LINE('',#13494,#3152);
#1927=LINE('',#13495,#3153);
#1928=LINE('',#13496,#3154);
#1929=LINE('',#13498,#3155);
#1930=LINE('',#13501,#3156);
#1931=LINE('',#13503,#3157);
#1932=LINE('',#13505,#3158);
#1933=LINE('',#13506,#3159);
#1934=LINE('',#13510,#3160);
#1935=LINE('',#13511,#3161);
#1936=LINE('',#13514,#3162);
#1937=LINE('',#13515,#3163);
#1938=LINE('',#13516,#3164);
#1939=LINE('',#13518,#3165);
#1940=LINE('',#13521,#3166);
#1941=LINE('',#13522,#3167);
#1942=LINE('',#13524,#3168);
#1943=LINE('',#13526,#3169);
#1944=LINE('',#13527,#3170);
#1945=LINE('',#13530,#3171);
#1946=LINE('',#13533,#3172);
#1947=LINE('',#13535,#3173);
#1948=LINE('',#13536,#3174);
#1949=LINE('',#13538,#3175);
#1950=LINE('',#13540,#3176);
#1951=LINE('',#13544,#3177);
#1952=LINE('',#13545,#3178);
#1953=LINE('',#13547,#3179);
#1954=LINE('',#13549,#3180);
#1955=LINE('',#13551,#3181);
#1956=LINE('',#13553,#3182);
#1957=LINE('',#13554,#3183);
#1958=LINE('',#13557,#3184);
#1959=LINE('',#13559,#3185);
#1960=LINE('',#13561,#3186);
#1961=LINE('',#13562,#3187);
#1962=LINE('',#13564,#3188);
#1963=LINE('',#13567,#3189);
#1964=LINE('',#13569,#3190);
#1965=LINE('',#13571,#3191);
#1966=LINE('',#13573,#3192);
#1967=LINE('',#13575,#3193);
#1968=LINE('',#13577,#3194);
#1969=LINE('',#13579,#3195);
#1970=LINE('',#13581,#3196);
#1971=LINE('',#13582,#3197);
#1972=LINE('',#13586,#3198);
#1973=LINE('',#13587,#3199);
#1974=LINE('',#13589,#3200);
#1975=LINE('',#13592,#3201);
#1976=LINE('',#13594,#3202);
#1977=LINE('',#13595,#3203);
#1978=LINE('',#13599,#3204);
#1979=LINE('',#13600,#3205);
#1980=LINE('',#13602,#3206);
#1981=LINE('',#13603,#3207);
#1982=LINE('',#13606,#3208);
#1983=LINE('',#13607,#3209);
#1984=LINE('',#13608,#3210);
#1985=LINE('',#13611,#3211);
#1986=LINE('',#13613,#3212);
#1987=LINE('',#13615,#3213);
#1988=LINE('',#13616,#3214);
#1989=LINE('',#13619,#3215);
#1990=LINE('',#13621,#3216);
#1991=LINE('',#13623,#3217);
#1992=LINE('',#13624,#3218);
#1993=LINE('',#13626,#3219);
#1994=LINE('',#13629,#3220);
#1995=LINE('',#13631,#3221);
#1996=LINE('',#13633,#3222);
#1997=LINE('',#13634,#3223);
#1998=LINE('',#13635,#3224);
#1999=LINE('',#13637,#3225);
#2000=LINE('',#13638,#3226);
#2001=LINE('',#13640,#3227);
#2002=LINE('',#13642,#3228);
#2003=LINE('',#13644,#3229);
#2004=LINE('',#13645,#3230);
#2005=LINE('',#13647,#3231);
#2006=LINE('',#13649,#3232);
#2007=LINE('',#13652,#3233);
#2008=LINE('',#13655,#3234);
#2009=LINE('',#13657,#3235);
#2010=LINE('',#13658,#3236);
#2011=LINE('',#13661,#3237);
#2012=LINE('',#13664,#3238);
#2013=LINE('',#13666,#3239);
#2014=LINE('',#13667,#3240);
#2015=LINE('',#13670,#3241);
#2016=LINE('',#13671,#3242);
#2017=LINE('',#13673,#3243);
#2018=LINE('',#13674,#3244);
#2019=LINE('',#13675,#3245);
#2020=LINE('',#13678,#3246);
#2021=LINE('',#13680,#3247);
#2022=LINE('',#13682,#3248);
#2023=LINE('',#13683,#3249);
#2024=LINE('',#13686,#3250);
#2025=LINE('',#13688,#3251);
#2026=LINE('',#13690,#3252);
#2027=LINE('',#13691,#3253);
#2028=LINE('',#13694,#3254);
#2029=LINE('',#13697,#3255);
#2030=LINE('',#13699,#3256);
#2031=LINE('',#13700,#3257);
#2032=LINE('',#13702,#3258);
#2033=LINE('',#13705,#3259);
#2034=LINE('',#13710,#3260);
#2035=LINE('',#13711,#3261);
#2036=LINE('',#13713,#3262);
#2037=LINE('',#13716,#3263);
#2038=LINE('',#13718,#3264);
#2039=LINE('',#13719,#3265);
#2040=LINE('',#13721,#3266);
#2041=LINE('',#13724,#3267);
#2042=LINE('',#13729,#3268);
#2043=LINE('',#13731,#3269);
#2044=LINE('',#13733,#3270);
#2045=LINE('',#13734,#3271);
#2046=LINE('',#13738,#3272);
#2047=LINE('',#13740,#3273);
#2048=LINE('',#13742,#3274);
#2049=LINE('',#13743,#3275);
#2050=LINE('',#13747,#3276);
#2051=LINE('',#13749,#3277);
#2052=LINE('',#13751,#3278);
#2053=LINE('',#13753,#3279);
#2054=LINE('',#13755,#3280);
#2055=LINE('',#13757,#3281);
#2056=LINE('',#13759,#3282);
#2057=LINE('',#13761,#3283);
#2058=LINE('',#13763,#3284);
#2059=LINE('',#13765,#3285);
#2060=LINE('',#13767,#3286);
#2061=LINE('',#13769,#3287);
#2062=LINE('',#13771,#3288);
#2063=LINE('',#13773,#3289);
#2064=LINE('',#13775,#3290);
#2065=LINE('',#13777,#3291);
#2066=LINE('',#13779,#3292);
#2067=LINE('',#13780,#3293);
#2068=LINE('',#13784,#3294);
#2069=LINE('',#13786,#3295);
#2070=LINE('',#13788,#3296);
#2071=LINE('',#13790,#3297);
#2072=LINE('',#13792,#3298);
#2073=LINE('',#13793,#3299);
#2074=LINE('',#13795,#3300);
#2075=LINE('',#13797,#3301);
#2076=LINE('',#13798,#3302);
#2077=LINE('',#13801,#3303);
#2078=LINE('',#13803,#3304);
#2079=LINE('',#13805,#3305);
#2080=LINE('',#13806,#3306);
#2081=LINE('',#13809,#3307);
#2082=LINE('',#13811,#3308);
#2083=LINE('',#13813,#3309);
#2084=LINE('',#13814,#3310);
#2085=LINE('',#13817,#3311);
#2086=LINE('',#13818,#3312);
#2087=LINE('',#13821,#3313);
#2088=LINE('',#13822,#3314);
#2089=LINE('',#13825,#3315);
#2090=LINE('',#13827,#3316);
#2091=LINE('',#13828,#3317);
#2092=LINE('',#13831,#3318);
#2093=LINE('',#13833,#3319);
#2094=LINE('',#13834,#3320);
#2095=LINE('',#13837,#3321);
#2096=LINE('',#13839,#3322);
#2097=LINE('',#13840,#3323);
#2098=LINE('',#13843,#3324);
#2099=LINE('',#13845,#3325);
#2100=LINE('',#13846,#3326);
#2101=LINE('',#13849,#3327);
#2102=LINE('',#13851,#3328);
#2103=LINE('',#13852,#3329);
#2104=LINE('',#13855,#3330);
#2105=LINE('',#13857,#3331);
#2106=LINE('',#13858,#3332);
#2107=LINE('',#13861,#3333);
#2108=LINE('',#13863,#3334);
#2109=LINE('',#13864,#3335);
#2110=LINE('',#13867,#3336);
#2111=LINE('',#13869,#3337);
#2112=LINE('',#13870,#3338);
#2113=LINE('',#13873,#3339);
#2114=LINE('',#13875,#3340);
#2115=LINE('',#13876,#3341);
#2116=LINE('',#13879,#3342);
#2117=LINE('',#13881,#3343);
#2118=LINE('',#13882,#3344);
#2119=LINE('',#13885,#3345);
#2120=LINE('',#13887,#3346);
#2121=LINE('',#13888,#3347);
#2122=LINE('',#13891,#3348);
#2123=LINE('',#13893,#3349);
#2124=LINE('',#13894,#3350);
#2125=LINE('',#13898,#3351);
#2126=LINE('',#13900,#3352);
#2127=LINE('',#13901,#3353);
#2128=LINE('',#13905,#3354);
#2129=LINE('',#13907,#3355);
#2130=LINE('',#13909,#3356);
#2131=LINE('',#13910,#3357);
#2132=LINE('',#13914,#3358);
#2133=LINE('',#13916,#3359);
#2134=LINE('',#13918,#3360);
#2135=LINE('',#13919,#3361);
#2136=LINE('',#13923,#3362);
#2137=LINE('',#13925,#3363);
#2138=LINE('',#13927,#3364);
#2139=LINE('',#13928,#3365);
#2140=LINE('',#13932,#3366);
#2141=LINE('',#13934,#3367);
#2142=LINE('',#13936,#3368);
#2143=LINE('',#13937,#3369);
#2144=LINE('',#13941,#3370);
#2145=LINE('',#13943,#3371);
#2146=LINE('',#13945,#3372);
#2147=LINE('',#13946,#3373);
#2148=LINE('',#13950,#3374);
#2149=LINE('',#13951,#3375);
#2150=LINE('',#13952,#3376);
#2151=LINE('',#13955,#3377);
#2152=LINE('',#13956,#3378);
#2153=LINE('',#13957,#3379);
#2154=LINE('',#13958,#3380);
#2155=LINE('',#13959,#3381);
#2156=LINE('',#13960,#3382);
#2157=LINE('',#13961,#3383);
#2158=LINE('',#13962,#3384);
#2159=LINE('',#13963,#3385);
#2160=LINE('',#13966,#3386);
#2161=LINE('',#13968,#3387);
#2162=LINE('',#13970,#3388);
#2163=LINE('',#13972,#3389);
#2164=LINE('',#13973,#3390);
#2165=LINE('',#13975,#3391);
#2166=LINE('',#13977,#3392);
#2167=LINE('',#13978,#3393);
#2168=LINE('',#13982,#3394);
#2169=LINE('',#13984,#3395);
#2170=LINE('',#13986,#3396);
#2171=LINE('',#13987,#3397);
#2172=LINE('',#13991,#3398);
#2173=LINE('',#13993,#3399);
#2174=LINE('',#13995,#3400);
#2175=LINE('',#13996,#3401);
#2176=LINE('',#13999,#3402);
#2177=LINE('',#14000,#3403);
#2178=LINE('',#14001,#3404);
#2179=LINE('',#14003,#3405);
#2180=LINE('',#14004,#3406);
#2181=LINE('',#14006,#3407);
#2182=LINE('',#14007,#3408);
#2183=LINE('',#14009,#3409);
#2184=LINE('',#14012,#3410);
#2185=LINE('',#14014,#3411);
#2186=LINE('',#14016,#3412);
#2187=LINE('',#14018,#3413);
#2188=LINE('',#14020,#3414);
#2189=LINE('',#14022,#3415);
#2190=LINE('',#14024,#3416);
#2191=LINE('',#14025,#3417);
#2192=LINE('',#14027,#3418);
#2193=LINE('',#14028,#3419);
#2194=LINE('',#14031,#3420);
#2195=LINE('',#14032,#3421);
#2196=LINE('',#14034,#3422);
#2197=LINE('',#14035,#3423);
#2198=LINE('',#14037,#3424);
#2199=LINE('',#14038,#3425);
#2200=LINE('',#14041,#3426);
#2201=LINE('',#14043,#3427);
#2202=LINE('',#14045,#3428);
#2203=LINE('',#14046,#3429);
#2204=LINE('',#14048,#3430);
#2205=LINE('',#14051,#3431);
#2206=LINE('',#14052,#3432);
#2207=LINE('',#14054,#3433);
#2208=LINE('',#14056,#3434);
#2209=LINE('',#14057,#3435);
#2210=LINE('',#14060,#3436);
#2211=LINE('',#14062,#3437);
#2212=LINE('',#14064,#3438);
#2213=LINE('',#14065,#3439);
#2214=LINE('',#14068,#3440);
#2215=LINE('',#14069,#3441);
#2216=LINE('',#14072,#3442);
#2217=LINE('',#14076,#3443);
#2218=LINE('',#14077,#3444);
#2219=LINE('',#14079,#3445);
#2220=LINE('',#14080,#3446);
#2221=LINE('',#14084,#3447);
#2222=LINE('',#14085,#3448);
#2223=LINE('',#14088,#3449);
#2224=LINE('',#14090,#3450);
#2225=LINE('',#14092,#3451);
#2226=LINE('',#14094,#3452);
#2227=LINE('',#14096,#3453);
#2228=LINE('',#14097,#3454);
#2229=LINE('',#14099,#3455);
#2230=LINE('',#14102,#3456);
#2231=LINE('',#14104,#3457);
#2232=LINE('',#14106,#3458);
#2233=LINE('',#14107,#3459);
#2234=LINE('',#14111,#3460);
#2235=LINE('',#14112,#3461);
#2236=LINE('',#14115,#3462);
#2237=LINE('',#14116,#3463);
#2238=LINE('',#14117,#3464);
#2239=LINE('',#14119,#3465);
#2240=LINE('',#14122,#3466);
#2241=LINE('',#14123,#3467);
#2242=LINE('',#14125,#3468);
#2243=LINE('',#14127,#3469);
#2244=LINE('',#14128,#3470);
#2245=LINE('',#14131,#3471);
#2246=LINE('',#14134,#3472);
#2247=LINE('',#14136,#3473);
#2248=LINE('',#14137,#3474);
#2249=LINE('',#14139,#3475);
#2250=LINE('',#14141,#3476);
#2251=LINE('',#14145,#3477);
#2252=LINE('',#14147,#3478);
#2253=LINE('',#14149,#3479);
#2254=LINE('',#14151,#3480);
#2255=LINE('',#14152,#3481);
#2256=LINE('',#14154,#3482);
#2257=LINE('',#14155,#3483);
#2258=LINE('',#14158,#3484);
#2259=LINE('',#14160,#3485);
#2260=LINE('',#14162,#3486);
#2261=LINE('',#14163,#3487);
#2262=LINE('',#14165,#3488);
#2263=LINE('',#14168,#3489);
#2264=LINE('',#14170,#3490);
#2265=LINE('',#14172,#3491);
#2266=LINE('',#14174,#3492);
#2267=LINE('',#14176,#3493);
#2268=LINE('',#14178,#3494);
#2269=LINE('',#14180,#3495);
#2270=LINE('',#14182,#3496);
#2271=LINE('',#14183,#3497);
#2272=LINE('',#14187,#3498);
#2273=LINE('',#14188,#3499);
#2274=LINE('',#14190,#3500);
#2275=LINE('',#14193,#3501);
#2276=LINE('',#14195,#3502);
#2277=LINE('',#14196,#3503);
#2278=LINE('',#14200,#3504);
#2279=LINE('',#14201,#3505);
#2280=LINE('',#14203,#3506);
#2281=LINE('',#14204,#3507);
#2282=LINE('',#14206,#3508);
#2283=LINE('',#14208,#3509);
#2284=LINE('',#14209,#3510);
#2285=LINE('',#14212,#3511);
#2286=LINE('',#14214,#3512);
#2287=LINE('',#14216,#3513);
#2288=LINE('',#14217,#3514);
#2289=LINE('',#14220,#3515);
#2290=LINE('',#14222,#3516);
#2291=LINE('',#14224,#3517);
#2292=LINE('',#14225,#3518);
#2293=LINE('',#14227,#3519);
#2294=LINE('',#14229,#3520);
#2295=LINE('',#14231,#3521);
#2296=LINE('',#14233,#3522);
#2297=LINE('',#14235,#3523);
#2298=LINE('',#14236,#3524);
#2299=LINE('',#14238,#3525);
#2300=LINE('',#14239,#3526);
#2301=LINE('',#14241,#3527);
#2302=LINE('',#14243,#3528);
#2303=LINE('',#14245,#3529);
#2304=LINE('',#14246,#3530);
#2305=LINE('',#14248,#3531);
#2306=LINE('',#14250,#3532);
#2307=LINE('',#14253,#3533);
#2308=LINE('',#14256,#3534);
#2309=LINE('',#14258,#3535);
#2310=LINE('',#14259,#3536);
#2311=LINE('',#14262,#3537);
#2312=LINE('',#14265,#3538);
#2313=LINE('',#14267,#3539);
#2314=LINE('',#14268,#3540);
#2315=LINE('',#14270,#3541);
#2316=LINE('',#14272,#3542);
#2317=LINE('',#14273,#3543);
#2318=LINE('',#14275,#3544);
#2319=LINE('',#14276,#3545);
#2320=LINE('',#14279,#3546);
#2321=LINE('',#14281,#3547);
#2322=LINE('',#14283,#3548);
#2323=LINE('',#14284,#3549);
#2324=LINE('',#14287,#3550);
#2325=LINE('',#14289,#3551);
#2326=LINE('',#14291,#3552);
#2327=LINE('',#14292,#3553);
#2328=LINE('',#14295,#3554);
#2329=LINE('',#14298,#3555);
#2330=LINE('',#14300,#3556);
#2331=LINE('',#14301,#3557);
#2332=LINE('',#14303,#3558);
#2333=LINE('',#14306,#3559);
#2334=LINE('',#14311,#3560);
#2335=LINE('',#14312,#3561);
#2336=LINE('',#14314,#3562);
#2337=LINE('',#14317,#3563);
#2338=LINE('',#14319,#3564);
#2339=LINE('',#14320,#3565);
#2340=LINE('',#14322,#3566);
#2341=LINE('',#14325,#3567);
#2342=LINE('',#14330,#3568);
#2343=LINE('',#14332,#3569);
#2344=LINE('',#14334,#3570);
#2345=LINE('',#14335,#3571);
#2346=LINE('',#14338,#3572);
#2347=LINE('',#14340,#3573);
#2348=LINE('',#14342,#3574);
#2349=LINE('',#14343,#3575);
#2350=LINE('',#14346,#3576);
#2351=LINE('',#14348,#3577);
#2352=LINE('',#14350,#3578);
#2353=LINE('',#14352,#3579);
#2354=LINE('',#14353,#3580);
#2355=LINE('',#14356,#3581);
#2356=LINE('',#14357,#3582);
#2357=LINE('',#14360,#3583);
#2358=LINE('',#14364,#3584);
#2359=LINE('',#14368,#3585);
#2360=LINE('',#14369,#3586);
#2361=LINE('',#14372,#3587);
#2362=LINE('',#14374,#3588);
#2363=LINE('',#14376,#3589);
#2364=LINE('',#14377,#3590);
#2365=LINE('',#14380,#3591);
#2366=LINE('',#14382,#3592);
#2367=LINE('',#14383,#3593);
#2368=LINE('',#14386,#3594);
#2369=LINE('',#14390,#3595);
#2370=LINE('',#14393,#3596);
#2371=LINE('',#14394,#3597);
#2372=LINE('',#14397,#3598);
#2373=LINE('',#14398,#3599);
#2374=LINE('',#14401,#3600);
#2375=LINE('',#14402,#3601);
#2376=LINE('',#14404,#3602);
#2377=LINE('',#14407,#3603);
#2378=LINE('',#14408,#3604);
#2379=LINE('',#14410,#3605);
#2380=LINE('',#14412,#3606);
#2381=LINE('',#14415,#3607);
#2382=LINE('',#14417,#3608);
#2383=VECTOR('',#9634,10.);
#2384=VECTOR('',#9635,10.);
#2385=VECTOR('',#9636,10.);
#2386=VECTOR('',#9637,10.);
#2387=VECTOR('',#9640,10.);
#2388=VECTOR('',#9641,10.);
#2389=VECTOR('',#9642,10.);
#2390=VECTOR('',#9645,10.);
#2391=VECTOR('',#9646,10.);
#2392=VECTOR('',#9647,10.);
#2393=VECTOR('',#9648,10.);
#2394=VECTOR('',#9651,10.);
#2395=VECTOR('',#9652,10.);
#2396=VECTOR('',#9653,10.);
#2397=VECTOR('',#9656,10.);
#2398=VECTOR('',#9657,10.);
#2399=VECTOR('',#9658,10.);
#2400=VECTOR('',#9661,10.);
#2401=VECTOR('',#9662,10.);
#2402=VECTOR('',#9663,10.);
#2403=VECTOR('',#9664,10.);
#2404=VECTOR('',#9665,10.);
#2405=VECTOR('',#9666,10.);
#2406=VECTOR('',#9667,10.);
#2407=VECTOR('',#9668,10.);
#2408=VECTOR('',#9669,10.);
#2409=VECTOR('',#9670,10.);
#2410=VECTOR('',#9671,10.);
#2411=VECTOR('',#9672,10.);
#2412=VECTOR('',#9673,10.);
#2413=VECTOR('',#9674,10.);
#2414=VECTOR('',#9675,10.);
#2415=VECTOR('',#9676,10.);
#2416=VECTOR('',#9677,10.);
#2417=VECTOR('',#9678,10.);
#2418=VECTOR('',#9679,10.);
#2419=VECTOR('',#9680,10.);
#2420=VECTOR('',#9681,10.);
#2421=VECTOR('',#9682,10.);
#2422=VECTOR('',#9683,10.);
#2423=VECTOR('',#9684,10.);
#2424=VECTOR('',#9685,10.);
#2425=VECTOR('',#9686,10.);
#2426=VECTOR('',#9687,10.);
#2427=VECTOR('',#9688,10.);
#2428=VECTOR('',#9691,10.);
#2429=VECTOR('',#9692,10.);
#2430=VECTOR('',#9693,10.);
#2431=VECTOR('',#9696,10.);
#2432=VECTOR('',#9697,10.);
#2433=VECTOR('',#9700,10.);
#2434=VECTOR('',#9701,10.);
#2435=VECTOR('',#9704,10.);
#2436=VECTOR('',#9705,10.);
#2437=VECTOR('',#9706,10.);
#2438=VECTOR('',#9709,10.);
#2439=VECTOR('',#9710,10.);
#2440=VECTOR('',#9713,10.);
#2441=VECTOR('',#9714,10.);
#2442=VECTOR('',#9717,10.);
#2443=VECTOR('',#9718,10.);
#2444=VECTOR('',#9721,10.);
#2445=VECTOR('',#9722,10.);
#2446=VECTOR('',#9723,10.);
#2447=VECTOR('',#9726,10.);
#2448=VECTOR('',#9727,10.);
#2449=VECTOR('',#9728,10.);
#2450=VECTOR('',#9731,10.);
#2451=VECTOR('',#9734,10.);
#2452=VECTOR('',#9735,10.);
#2453=VECTOR('',#9736,10.);
#2454=VECTOR('',#9739,10.);
#2455=VECTOR('',#9740,10.);
#2456=VECTOR('',#9743,10.);
#2457=VECTOR('',#9744,10.);
#2458=VECTOR('',#9747,10.);
#2459=VECTOR('',#9748,10.);
#2460=VECTOR('',#9749,10.);
#2461=VECTOR('',#9752,10.);
#2462=VECTOR('',#9753,10.);
#2463=VECTOR('',#9756,10.);
#2464=VECTOR('',#9759,10.);
#2465=VECTOR('',#9762,10.);
#2466=VECTOR('',#9763,10.);
#2467=VECTOR('',#9766,10.);
#2468=VECTOR('',#9769,10.);
#2469=VECTOR('',#9770,10.);
#2470=VECTOR('',#9773,10.);
#2471=VECTOR('',#9776,10.);
#2472=VECTOR('',#9777,10.);
#2473=VECTOR('',#9778,10.);
#2474=VECTOR('',#9779,10.);
#2475=VECTOR('',#9780,10.);
#2476=VECTOR('',#9781,10.);
#2477=VECTOR('',#9782,10.);
#2478=VECTOR('',#9783,10.);
#2479=VECTOR('',#9784,10.);
#2480=VECTOR('',#9785,10.);
#2481=VECTOR('',#9786,10.);
#2482=VECTOR('',#9787,10.);
#2483=VECTOR('',#9790,10.);
#2484=VECTOR('',#9791,10.);
#2485=VECTOR('',#9792,10.);
#2486=VECTOR('',#9793,10.);
#2487=VECTOR('',#9794,10.);
#2488=VECTOR('',#9795,10.);
#2489=VECTOR('',#9796,10.);
#2490=VECTOR('',#9797,10.);
#2491=VECTOR('',#9798,10.);
#2492=VECTOR('',#9799,10.);
#2493=VECTOR('',#9800,10.);
#2494=VECTOR('',#9801,10.);
#2495=VECTOR('',#9802,10.);
#2496=VECTOR('',#9803,10.);
#2497=VECTOR('',#9804,10.);
#2498=VECTOR('',#9805,10.);
#2499=VECTOR('',#9810,10.);
#2500=VECTOR('',#9811,10.);
#2501=VECTOR('',#9812,10.);
#2502=VECTOR('',#9813,10.);
#2503=VECTOR('',#9814,10.);
#2504=VECTOR('',#9815,10.);
#2505=VECTOR('',#9816,10.);
#2506=VECTOR('',#9817,10.);
#2507=VECTOR('',#9820,10.);
#2508=VECTOR('',#9821,10.);
#2509=VECTOR('',#9822,10.);
#2510=VECTOR('',#9823,10.);
#2511=VECTOR('',#9824,10.);
#2512=VECTOR('',#9825,10.);
#2513=VECTOR('',#9826,10.);
#2514=VECTOR('',#9827,10.);
#2515=VECTOR('',#9830,10.);
#2516=VECTOR('',#9831,10.);
#2517=VECTOR('',#9834,10.);
#2518=VECTOR('',#9837,10.);
#2519=VECTOR('',#9838,10.);
#2520=VECTOR('',#9841,10.);
#2521=VECTOR('',#9842,10.);
#2522=VECTOR('',#9843,10.);
#2523=VECTOR('',#9846,10.);
#2524=VECTOR('',#9847,10.);
#2525=VECTOR('',#9848,10.);
#2526=VECTOR('',#9851,10.);
#2527=VECTOR('',#9852,10.);
#2528=VECTOR('',#9855,10.);
#2529=VECTOR('',#9858,10.);
#2530=VECTOR('',#9859,10.);
#2531=VECTOR('',#9860,10.);
#2532=VECTOR('',#9861,10.);
#2533=VECTOR('',#9864,10.);
#2534=VECTOR('',#9867,10.);
#2535=VECTOR('',#9870,10.);
#2536=VECTOR('',#9871,10.);
#2537=VECTOR('',#9872,10.);
#2538=VECTOR('',#9875,10.);
#2539=VECTOR('',#9876,10.);
#2540=VECTOR('',#9879,10.);
#2541=VECTOR('',#9880,10.);
#2542=VECTOR('',#9883,10.);
#2543=VECTOR('',#9884,10.);
#2544=VECTOR('',#9885,10.);
#2545=VECTOR('',#9886,10.);
#2546=VECTOR('',#9887,10.);
#2547=VECTOR('',#9890,10.);
#2548=VECTOR('',#9893,10.);
#2549=VECTOR('',#9896,10.);
#2550=VECTOR('',#9901,10.);
#2551=VECTOR('',#9902,10.);
#2552=VECTOR('',#9905,10.);
#2553=VECTOR('',#9910,10.);
#2554=VECTOR('',#9913,10.);
#2555=VECTOR('',#9920,2.44968915938259);
#2556=VECTOR('',#9927,10.);
#2557=VECTOR('',#9928,10.);
#2558=VECTOR('',#9929,10.);
#2559=VECTOR('',#9938,10.);
#2560=VECTOR('',#9939,10.);
#2561=VECTOR('',#9942,10.);
#2562=VECTOR('',#9943,10.);
#2563=VECTOR('',#9946,10.);
#2564=VECTOR('',#9947,10.);
#2565=VECTOR('',#9950,10.);
#2566=VECTOR('',#9957,10.);
#2567=VECTOR('',#9962,10.);
#2568=VECTOR('',#9967,10.);
#2569=VECTOR('',#9968,10.);
#2570=VECTOR('',#9969,10.);
#2571=VECTOR('',#9970,10.);
#2572=VECTOR('',#9973,10.);
#2573=VECTOR('',#9974,10.);
#2574=VECTOR('',#9975,10.);
#2575=VECTOR('',#9976,10.);
#2576=VECTOR('',#9979,10.);
#2577=VECTOR('',#9980,10.);
#2578=VECTOR('',#9981,10.);
#2579=VECTOR('',#9982,10.);
#2580=VECTOR('',#9985,10.);
#2581=VECTOR('',#9988,10.);
#2582=VECTOR('',#9991,10.);
#2583=VECTOR('',#9992,10.);
#2584=VECTOR('',#9997,10.);
#2585=VECTOR('',#9998,10.);
#2586=VECTOR('',#10001,10.);
#2587=VECTOR('',#10004,10.);
#2588=VECTOR('',#10005,10.);
#2589=VECTOR('',#10006,10.);
#2590=VECTOR('',#10007,10.);
#2591=VECTOR('',#10008,10.);
#2592=VECTOR('',#10009,10.);
#2593=VECTOR('',#10010,10.);
#2594=VECTOR('',#10011,10.);
#2595=VECTOR('',#10012,10.);
#2596=VECTOR('',#10013,10.);
#2597=VECTOR('',#10014,10.);
#2598=VECTOR('',#10015,10.);
#2599=VECTOR('',#10016,10.);
#2600=VECTOR('',#10017,10.);
#2601=VECTOR('',#10018,10.);
#2602=VECTOR('',#10019,10.);
#2603=VECTOR('',#10022,10.);
#2604=VECTOR('',#10025,10.);
#2605=VECTOR('',#10028,10.);
#2606=VECTOR('',#10029,10.);
#2607=VECTOR('',#10034,10.);
#2608=VECTOR('',#10035,10.);
#2609=VECTOR('',#10040,10.);
#2610=VECTOR('',#10043,10.);
#2611=VECTOR('',#10046,10.);
#2612=VECTOR('',#10047,10.);
#2613=VECTOR('',#10052,10.);
#2614=VECTOR('',#10053,10.);
#2615=VECTOR('',#10058,10.);
#2616=VECTOR('',#10061,10.);
#2617=VECTOR('',#10064,10.);
#2618=VECTOR('',#10065,10.);
#2619=VECTOR('',#10070,10.);
#2620=VECTOR('',#10071,10.);
#2621=VECTOR('',#10076,10.);
#2622=VECTOR('',#10079,10.);
#2623=VECTOR('',#10082,10.);
#2624=VECTOR('',#10083,10.);
#2625=VECTOR('',#10088,10.);
#2626=VECTOR('',#10089,10.);
#2627=VECTOR('',#10094,10.);
#2628=VECTOR('',#10097,10.);
#2629=VECTOR('',#10100,10.);
#2630=VECTOR('',#10101,10.);
#2631=VECTOR('',#10106,10.);
#2632=VECTOR('',#10107,10.);
#2633=VECTOR('',#10112,10.);
#2634=VECTOR('',#10115,10.);
#2635=VECTOR('',#10118,10.);
#2636=VECTOR('',#10119,10.);
#2637=VECTOR('',#10124,10.);
#2638=VECTOR('',#10125,10.);
#2639=VECTOR('',#10130,10.);
#2640=VECTOR('',#10131,10.);
#2641=VECTOR('',#10136,10.);
#2642=VECTOR('',#10137,10.);
#2643=VECTOR('',#10142,10.);
#2644=VECTOR('',#10143,10.);
#2645=VECTOR('',#10146,10.);
#2646=VECTOR('',#10149,10.);
#2647=VECTOR('',#10150,10.);
#2648=VECTOR('',#10151,10.);
#2649=VECTOR('',#10152,10.);
#2650=VECTOR('',#10153,10.);
#2651=VECTOR('',#10154,10.);
#2652=VECTOR('',#10155,10.);
#2653=VECTOR('',#10156,10.);
#2654=VECTOR('',#10157,10.);
#2655=VECTOR('',#10158,10.);
#2656=VECTOR('',#10159,10.);
#2657=VECTOR('',#10160,10.);
#2658=VECTOR('',#10161,10.);
#2659=VECTOR('',#10162,10.);
#2660=VECTOR('',#10163,10.);
#2661=VECTOR('',#10164,10.);
#2662=VECTOR('',#10167,10.);
#2663=VECTOR('',#10168,10.);
#2664=VECTOR('',#10173,10.);
#2665=VECTOR('',#10174,10.);
#2666=VECTOR('',#10179,10.);
#2667=VECTOR('',#10180,10.);
#2668=VECTOR('',#10185,10.);
#2669=VECTOR('',#10186,10.);
#2670=VECTOR('',#10191,10.);
#2671=VECTOR('',#10192,10.);
#2672=VECTOR('',#10197,10.);
#2673=VECTOR('',#10198,10.);
#2674=VECTOR('',#10203,10.);
#2675=VECTOR('',#10204,10.);
#2676=VECTOR('',#10209,10.);
#2677=VECTOR('',#10210,10.);
#2678=VECTOR('',#10215,10.);
#2679=VECTOR('',#10216,10.);
#2680=VECTOR('',#10221,10.);
#2681=VECTOR('',#10222,10.);
#2682=VECTOR('',#10227,10.);
#2683=VECTOR('',#10228,10.);
#2684=VECTOR('',#10233,10.);
#2685=VECTOR('',#10234,10.);
#2686=VECTOR('',#10239,10.);
#2687=VECTOR('',#10240,10.);
#2688=VECTOR('',#10245,10.);
#2689=VECTOR('',#10246,10.);
#2690=VECTOR('',#10251,10.);
#2691=VECTOR('',#10252,10.);
#2692=VECTOR('',#10257,10.);
#2693=VECTOR('',#10258,10.);
#2694=VECTOR('',#10263,10.);
#2695=VECTOR('',#10264,10.);
#2696=VECTOR('',#10269,10.);
#2697=VECTOR('',#10270,10.);
#2698=VECTOR('',#10275,10.);
#2699=VECTOR('',#10276,10.);
#2700=VECTOR('',#10277,10.);
#2701=VECTOR('',#10278,10.);
#2702=VECTOR('',#10281,10.);
#2703=VECTOR('',#10282,10.);
#2704=VECTOR('',#10283,10.);
#2705=VECTOR('',#10284,10.);
#2706=VECTOR('',#10287,10.);
#2707=VECTOR('',#10288,10.);
#2708=VECTOR('',#10289,10.);
#2709=VECTOR('',#10290,10.);
#2710=VECTOR('',#10293,10.);
#2711=VECTOR('',#10294,10.);
#2712=VECTOR('',#10295,10.);
#2713=VECTOR('',#10296,10.);
#2714=VECTOR('',#10299,10.);
#2715=VECTOR('',#10300,10.);
#2716=VECTOR('',#10301,10.);
#2717=VECTOR('',#10302,10.);
#2718=VECTOR('',#10305,10.);
#2719=VECTOR('',#10306,10.);
#2720=VECTOR('',#10307,10.);
#2721=VECTOR('',#10308,10.);
#2722=VECTOR('',#10311,10.);
#2723=VECTOR('',#10312,10.);
#2724=VECTOR('',#10313,10.);
#2725=VECTOR('',#10314,10.);
#2726=VECTOR('',#10317,10.);
#2727=VECTOR('',#10318,10.);
#2728=VECTOR('',#10319,10.);
#2729=VECTOR('',#10320,10.);
#2730=VECTOR('',#10321,10.);
#2731=VECTOR('',#10322,10.);
#2732=VECTOR('',#10323,10.);
#2733=VECTOR('',#10324,10.);
#2734=VECTOR('',#10325,10.);
#2735=VECTOR('',#10326,10.);
#2736=VECTOR('',#10327,10.);
#2737=VECTOR('',#10330,10.);
#2738=VECTOR('',#10331,10.);
#2739=VECTOR('',#10334,10.);
#2740=VECTOR('',#10335,10.);
#2741=VECTOR('',#10336,10.);
#2742=VECTOR('',#10337,10.);
#2743=VECTOR('',#10338,10.);
#2744=VECTOR('',#10339,10.);
#2745=VECTOR('',#10340,10.);
#2746=VECTOR('',#10341,10.);
#2747=VECTOR('',#10342,10.);
#2748=VECTOR('',#10343,10.);
#2749=VECTOR('',#10346,10.);
#2750=VECTOR('',#10347,10.);
#2751=VECTOR('',#10348,10.);
#2752=VECTOR('',#10349,10.);
#2753=VECTOR('',#10350,10.);
#2754=VECTOR('',#10351,10.);
#2755=VECTOR('',#10352,10.);
#2756=VECTOR('',#10353,10.);
#2757=VECTOR('',#10354,10.);
#2758=VECTOR('',#10355,10.);
#2759=VECTOR('',#10356,10.);
#2760=VECTOR('',#10359,10.);
#2761=VECTOR('',#10360,10.);
#2762=VECTOR('',#10363,10.);
#2763=VECTOR('',#10364,10.);
#2764=VECTOR('',#10365,10.);
#2765=VECTOR('',#10366,10.);
#2766=VECTOR('',#10367,10.);
#2767=VECTOR('',#10368,10.);
#2768=VECTOR('',#10369,10.);
#2769=VECTOR('',#10370,10.);
#2770=VECTOR('',#10371,10.);
#2771=VECTOR('',#10372,10.);
#2772=VECTOR('',#10375,10.);
#2773=VECTOR('',#10376,10.);
#2774=VECTOR('',#10377,10.);
#2775=VECTOR('',#10378,10.);
#2776=VECTOR('',#10379,10.);
#2777=VECTOR('',#10380,10.);
#2778=VECTOR('',#10381,10.);
#2779=VECTOR('',#10382,10.);
#2780=VECTOR('',#10383,10.);
#2781=VECTOR('',#10384,10.);
#2782=VECTOR('',#10385,10.);
#2783=VECTOR('',#10388,10.);
#2784=VECTOR('',#10389,10.);
#2785=VECTOR('',#10392,10.);
#2786=VECTOR('',#10393,10.);
#2787=VECTOR('',#10394,10.);
#2788=VECTOR('',#10395,10.);
#2789=VECTOR('',#10396,10.);
#2790=VECTOR('',#10397,10.);
#2791=VECTOR('',#10398,10.);
#2792=VECTOR('',#10399,10.);
#2793=VECTOR('',#10400,10.);
#2794=VECTOR('',#10401,10.);
#2795=VECTOR('',#10404,10.);
#2796=VECTOR('',#10405,10.);
#2797=VECTOR('',#10406,10.);
#2798=VECTOR('',#10407,10.);
#2799=VECTOR('',#10408,10.);
#2800=VECTOR('',#10409,10.);
#2801=VECTOR('',#10410,10.);
#2802=VECTOR('',#10411,10.);
#2803=VECTOR('',#10412,10.);
#2804=VECTOR('',#10413,10.);
#2805=VECTOR('',#10414,10.);
#2806=VECTOR('',#10417,10.);
#2807=VECTOR('',#10418,10.);
#2808=VECTOR('',#10421,10.);
#2809=VECTOR('',#10422,10.);
#2810=VECTOR('',#10423,10.);
#2811=VECTOR('',#10424,10.);
#2812=VECTOR('',#10425,10.);
#2813=VECTOR('',#10426,10.);
#2814=VECTOR('',#10427,10.);
#2815=VECTOR('',#10428,10.);
#2816=VECTOR('',#10429,10.);
#2817=VECTOR('',#10430,10.);
#2818=VECTOR('',#10433,10.);
#2819=VECTOR('',#10434,10.);
#2820=VECTOR('',#10435,10.);
#2821=VECTOR('',#10436,10.);
#2822=VECTOR('',#10437,10.);
#2823=VECTOR('',#10438,10.);
#2824=VECTOR('',#10439,10.);
#2825=VECTOR('',#10440,10.);
#2826=VECTOR('',#10441,10.);
#2827=VECTOR('',#10442,10.);
#2828=VECTOR('',#10443,10.);
#2829=VECTOR('',#10446,10.);
#2830=VECTOR('',#10447,10.);
#2831=VECTOR('',#10450,10.);
#2832=VECTOR('',#10451,10.);
#2833=VECTOR('',#10452,10.);
#2834=VECTOR('',#10453,10.);
#2835=VECTOR('',#10454,10.);
#2836=VECTOR('',#10455,10.);
#2837=VECTOR('',#10456,10.);
#2838=VECTOR('',#10457,10.);
#2839=VECTOR('',#10458,10.);
#2840=VECTOR('',#10459,10.);
#2841=VECTOR('',#10462,10.);
#2842=VECTOR('',#10463,10.);
#2843=VECTOR('',#10464,10.);
#2844=VECTOR('',#10467,10.);
#2845=VECTOR('',#10468,10.);
#2846=VECTOR('',#10469,10.);
#2847=VECTOR('',#10470,10.);
#2848=VECTOR('',#10471,10.);
#2849=VECTOR('',#10472,10.);
#2850=VECTOR('',#10473,10.);
#2851=VECTOR('',#10474,10.);
#2852=VECTOR('',#10475,10.);
#2853=VECTOR('',#10476,10.);
#2854=VECTOR('',#10479,10.);
#2855=VECTOR('',#10480,10.);
#2856=VECTOR('',#10481,10.);
#2857=VECTOR('',#10484,10.);
#2858=VECTOR('',#10485,10.);
#2859=VECTOR('',#10486,10.);
#2860=VECTOR('',#10487,10.);
#2861=VECTOR('',#10492,10.);
#2862=VECTOR('',#10493,10.);
#2863=VECTOR('',#10496,10.);
#2864=VECTOR('',#10499,10.);
#2865=VECTOR('',#10500,10.);
#2866=VECTOR('',#10503,10.);
#2867=VECTOR('',#10506,10.);
#2868=VECTOR('',#10513,10.);
#2869=VECTOR('',#10520,10.);
#2870=VECTOR('',#10521,10.);
#2871=VECTOR('',#10524,10.);
#2872=VECTOR('',#10527,10.);
#2873=VECTOR('',#10528,10.);
#2874=VECTOR('',#10531,10.);
#2875=VECTOR('',#10534,10.);
#2876=VECTOR('',#10541,10.);
#2877=VECTOR('',#10542,10.);
#2878=VECTOR('',#10543,10.);
#2879=VECTOR('',#10546,10.);
#2880=VECTOR('',#10547,10.);
#2881=VECTOR('',#10550,10.);
#2882=VECTOR('',#10551,10.);
#2883=VECTOR('',#10552,10.);
#2884=VECTOR('',#10555,10.);
#2885=VECTOR('',#10556,10.);
#2886=VECTOR('',#10559,10.);
#2887=VECTOR('',#10560,10.);
#2888=VECTOR('',#10563,10.);
#2889=VECTOR('',#10566,10.);
#2890=VECTOR('',#10569,10.);
#2891=VECTOR('',#10570,10.);
#2892=VECTOR('',#10573,10.);
#2893=VECTOR('',#10576,10.);
#2894=VECTOR('',#10579,10.);
#2895=VECTOR('',#10588,10.);
#2896=VECTOR('',#10589,10.);
#2897=VECTOR('',#10590,10.);
#2898=VECTOR('',#10593,10.);
#2899=VECTOR('',#10594,10.);
#2900=VECTOR('',#10597,10.);
#2901=VECTOR('',#10598,10.);
#2902=VECTOR('',#10601,10.);
#2903=VECTOR('',#10602,10.);
#2904=VECTOR('',#10605,10.);
#2905=VECTOR('',#10608,10.);
#2906=VECTOR('',#10611,10.);
#2907=VECTOR('',#10612,10.);
#2908=VECTOR('',#10615,10.);
#2909=VECTOR('',#10616,10.);
#2910=VECTOR('',#10617,10.);
#2911=VECTOR('',#10618,10.);
#2912=VECTOR('',#10619,10.);
#2913=VECTOR('',#10622,10.);
#2914=VECTOR('',#10623,10.);
#2915=VECTOR('',#10626,10.);
#2916=VECTOR('',#10627,10.);
#2917=VECTOR('',#10628,10.);
#2918=VECTOR('',#10631,10.);
#2919=VECTOR('',#10632,10.);
#2920=VECTOR('',#10633,10.);
#2921=VECTOR('',#10634,10.);
#2922=VECTOR('',#10635,10.);
#2923=VECTOR('',#10636,10.);
#2924=VECTOR('',#10637,10.);
#2925=VECTOR('',#10638,10.);
#2926=VECTOR('',#10639,10.);
#2927=VECTOR('',#10640,10.);
#2928=VECTOR('',#10641,10.);
#2929=VECTOR('',#10642,10.);
#2930=VECTOR('',#10643,10.);
#2931=VECTOR('',#10644,10.);
#2932=VECTOR('',#10645,10.);
#2933=VECTOR('',#10648,10.);
#2934=VECTOR('',#10651,10.);
#2935=VECTOR('',#10652,10.);
#2936=VECTOR('',#10655,10.);
#2937=VECTOR('',#10658,10.);
#2938=VECTOR('',#10661,10.);
#2939=VECTOR('',#10664,10.);
#2940=VECTOR('',#10667,10.);
#2941=VECTOR('',#10670,10.);
#2942=VECTOR('',#10673,10.);
#2943=VECTOR('',#10688,10.);
#2944=VECTOR('',#10689,10.);
#2945=VECTOR('',#10690,10.);
#2946=VECTOR('',#10693,10.);
#2947=VECTOR('',#10694,10.);
#2948=VECTOR('',#10695,10.);
#2949=VECTOR('',#10712,10.);
#2950=VECTOR('',#10713,10.);
#2951=VECTOR('',#10714,10.);
#2952=VECTOR('',#10717,10.);
#2953=VECTOR('',#10718,10.);
#2954=VECTOR('',#10723,10.);
#2955=VECTOR('',#10724,10.);
#2956=VECTOR('',#10727,10.);
#2957=VECTOR('',#10728,10.);
#2958=VECTOR('',#10731,10.);
#2959=VECTOR('',#10732,10.);
#2960=VECTOR('',#10735,10.);
#2961=VECTOR('',#10736,10.);
#2962=VECTOR('',#10739,10.);
#2963=VECTOR('',#10740,10.);
#2964=VECTOR('',#10743,10.);
#2965=VECTOR('',#10744,10.);
#2966=VECTOR('',#10747,10.);
#2967=VECTOR('',#10748,10.);
#2968=VECTOR('',#10767,10.);
#2969=VECTOR('',#10768,10.);
#2970=VECTOR('',#10769,10.);
#2971=VECTOR('',#10770,10.);
#2972=VECTOR('',#10773,10.);
#2973=VECTOR('',#10774,10.);
#2974=VECTOR('',#10775,10.);
#2975=VECTOR('',#10776,10.);
#2976=VECTOR('',#10779,10.);
#2977=VECTOR('',#10780,10.);
#2978=VECTOR('',#10781,10.);
#2979=VECTOR('',#10782,10.);
#2980=VECTOR('',#10783,10.);
#2981=VECTOR('',#10784,10.);
#2982=VECTOR('',#10785,10.);
#2983=VECTOR('',#10786,10.);
#2984=VECTOR('',#10787,10.);
#2985=VECTOR('',#10788,10.);
#2986=VECTOR('',#10789,10.);
#2987=VECTOR('',#10790,10.);
#2988=VECTOR('',#10791,10.);
#2989=VECTOR('',#10792,10.);
#2990=VECTOR('',#10793,10.);
#2991=VECTOR('',#10794,10.);
#2992=VECTOR('',#10795,10.);
#2993=VECTOR('',#10796,10.);
#2994=VECTOR('',#10799,10.);
#2995=VECTOR('',#10800,10.);
#2996=VECTOR('',#10801,10.);
#2997=VECTOR('',#10802,10.);
#2998=VECTOR('',#10803,10.);
#2999=VECTOR('',#10804,10.);
#3000=VECTOR('',#10805,10.);
#3001=VECTOR('',#10806,10.);
#3002=VECTOR('',#10807,10.);
#3003=VECTOR('',#10808,10.);
#3004=VECTOR('',#10809,10.);
#3005=VECTOR('',#10810,10.);
#3006=VECTOR('',#10811,10.);
#3007=VECTOR('',#10812,10.);
#3008=VECTOR('',#10813,10.);
#3009=VECTOR('',#10814,10.);
#3010=VECTOR('',#10815,10.);
#3011=VECTOR('',#10818,10.);
#3012=VECTOR('',#10819,10.);
#3013=VECTOR('',#10822,10.);
#3014=VECTOR('',#10823,10.);
#3015=VECTOR('',#10826,10.);
#3016=VECTOR('',#10827,10.);
#3017=VECTOR('',#10828,10.);
#3018=VECTOR('',#10831,10.);
#3019=VECTOR('',#10832,10.);
#3020=VECTOR('',#10833,10.);
#3021=VECTOR('',#10836,10.);
#3022=VECTOR('',#10837,10.);
#3023=VECTOR('',#10838,10.);
#3024=VECTOR('',#10841,10.);
#3025=VECTOR('',#10842,10.);
#3026=VECTOR('',#10843,10.);
#3027=VECTOR('',#10846,10.);
#3028=VECTOR('',#10847,10.);
#3029=VECTOR('',#10848,10.);
#3030=VECTOR('',#10851,10.);
#3031=VECTOR('',#10852,10.);
#3032=VECTOR('',#10853,10.);
#3033=VECTOR('',#10856,10.);
#3034=VECTOR('',#10857,10.);
#3035=VECTOR('',#10858,10.);
#3036=VECTOR('',#10861,10.);
#3037=VECTOR('',#10862,10.);
#3038=VECTOR('',#10863,10.);
#3039=VECTOR('',#10866,10.);
#3040=VECTOR('',#10867,10.);
#3041=VECTOR('',#10868,10.);
#3042=VECTOR('',#10871,10.);
#3043=VECTOR('',#10872,10.);
#3044=VECTOR('',#10873,10.);
#3045=VECTOR('',#10876,10.);
#3046=VECTOR('',#10877,10.);
#3047=VECTOR('',#10878,10.);
#3048=VECTOR('',#10881,10.);
#3049=VECTOR('',#10882,10.);
#3050=VECTOR('',#10883,10.);
#3051=VECTOR('',#10886,10.);
#3052=VECTOR('',#10887,10.);
#3053=VECTOR('',#10888,10.);
#3054=VECTOR('',#10891,10.);
#3055=VECTOR('',#10892,10.);
#3056=VECTOR('',#10893,10.);
#3057=VECTOR('',#10894,10.);
#3058=VECTOR('',#10897,10.);
#3059=VECTOR('',#10898,10.);
#3060=VECTOR('',#10899,10.);
#3061=VECTOR('',#10900,10.);
#3062=VECTOR('',#10903,10.);
#3063=VECTOR('',#10904,10.);
#3064=VECTOR('',#10905,10.);
#3065=VECTOR('',#10906,10.);
#3066=VECTOR('',#10909,10.);
#3067=VECTOR('',#10910,10.);
#3068=VECTOR('',#10911,10.);
#3069=VECTOR('',#10912,10.);
#3070=VECTOR('',#10915,10.);
#3071=VECTOR('',#10916,10.);
#3072=VECTOR('',#10917,10.);
#3073=VECTOR('',#10918,10.);
#3074=VECTOR('',#10921,10.);
#3075=VECTOR('',#10922,10.);
#3076=VECTOR('',#10923,10.);
#3077=VECTOR('',#10926,10.);
#3078=VECTOR('',#10927,10.);
#3079=VECTOR('',#10928,10.);
#3080=VECTOR('',#10929,10.);
#3081=VECTOR('',#10930,10.);
#3082=VECTOR('',#10931,10.);
#3083=VECTOR('',#10932,10.);
#3084=VECTOR('',#10933,10.);
#3085=VECTOR('',#10934,10.);
#3086=VECTOR('',#10937,10.);
#3087=VECTOR('',#10938,10.);
#3088=VECTOR('',#10939,10.);
#3089=VECTOR('',#10940,10.);
#3090=VECTOR('',#10941,10.);
#3091=VECTOR('',#10944,10.);
#3092=VECTOR('',#10945,10.);
#3093=VECTOR('',#10946,10.);
#3094=VECTOR('',#10949,10.);
#3095=VECTOR('',#10950,10.);
#3096=VECTOR('',#10951,10.);
#3097=VECTOR('',#10952,10.);
#3098=VECTOR('',#10955,10.);
#3099=VECTOR('',#10956,10.);
#3100=VECTOR('',#10957,10.);
#3101=VECTOR('',#10958,10.);
#3102=VECTOR('',#10961,10.);
#3103=VECTOR('',#10962,10.);
#3104=VECTOR('',#10963,10.);
#3105=VECTOR('',#10966,10.);
#3106=VECTOR('',#10967,10.);
#3107=VECTOR('',#10968,10.);
#3108=VECTOR('',#10969,10.);
#3109=VECTOR('',#10972,10.);
#3110=VECTOR('',#10975,10.);
#3111=VECTOR('',#10976,10.);
#3112=VECTOR('',#10977,10.);
#3113=VECTOR('',#10978,10.);
#3114=VECTOR('',#10979,10.);
#3115=VECTOR('',#10980,10.);
#3116=VECTOR('',#10981,10.);
#3117=VECTOR('',#10982,10.);
#3118=VECTOR('',#10983,10.);
#3119=VECTOR('',#10984,10.);
#3120=VECTOR('',#10987,10.);
#3121=VECTOR('',#10988,10.);
#3122=VECTOR('',#10991,10.);
#3123=VECTOR('',#10992,10.);
#3124=VECTOR('',#10993,10.);
#3125=VECTOR('',#10994,10.);
#3126=VECTOR('',#10995,10.);
#3127=VECTOR('',#10996,10.);
#3128=VECTOR('',#10997,10.);
#3129=VECTOR('',#10998,10.);
#3130=VECTOR('',#11001,10.);
#3131=VECTOR('',#11004,10.);
#3132=VECTOR('',#11005,10.);
#3133=VECTOR('',#11006,10.);
#3134=VECTOR('',#11007,10.);
#3135=VECTOR('',#11008,10.);
#3136=VECTOR('',#11009,10.);
#3137=VECTOR('',#11010,10.);
#3138=VECTOR('',#11011,10.);
#3139=VECTOR('',#11012,10.);
#3140=VECTOR('',#11015,10.);
#3141=VECTOR('',#11016,10.);
#3142=VECTOR('',#11021,10.);
#3143=VECTOR('',#11026,10.);
#3144=VECTOR('',#11027,10.);
#3145=VECTOR('',#11030,10.);
#3146=VECTOR('',#11031,10.);
#3147=VECTOR('',#11036,10.);
#3148=VECTOR('',#11037,10.);
#3149=VECTOR('',#11042,10.);
#3150=VECTOR('',#11043,10.);
#3151=VECTOR('',#11044,10.);
#3152=VECTOR('',#11045,10.);
#3153=VECTOR('',#11046,10.);
#3154=VECTOR('',#11047,10.);
#3155=VECTOR('',#11050,10.);
#3156=VECTOR('',#11053,10.);
#3157=VECTOR('',#11054,10.);
#3158=VECTOR('',#11055,10.);
#3159=VECTOR('',#11056,10.);
#3160=VECTOR('',#11061,10.);
#3161=VECTOR('',#11062,10.);
#3162=VECTOR('',#11065,10.);
#3163=VECTOR('',#11066,10.);
#3164=VECTOR('',#11067,10.);
#3165=VECTOR('',#11070,10.);
#3166=VECTOR('',#11075,10.);
#3167=VECTOR('',#11076,10.);
#3168=VECTOR('',#11077,10.);
#3169=VECTOR('',#11078,10.);
#3170=VECTOR('',#11079,10.);
#3171=VECTOR('',#11084,10.);
#3172=VECTOR('',#11089,10.);
#3173=VECTOR('',#11092,10.);
#3174=VECTOR('',#11093,10.);
#3175=VECTOR('',#11096,10.);
#3176=VECTOR('',#11099,10.);
#3177=VECTOR('',#11104,10.);
#3178=VECTOR('',#11105,10.);
#3179=VECTOR('',#11106,10.);
#3180=VECTOR('',#11107,10.);
#3181=VECTOR('',#11108,10.);
#3182=VECTOR('',#11109,10.);
#3183=VECTOR('',#11110,10.);
#3184=VECTOR('',#11111,10.);
#3185=VECTOR('',#11112,10.);
#3186=VECTOR('',#11113,10.);
#3187=VECTOR('',#11114,10.);
#3188=VECTOR('',#11117,10.);
#3189=VECTOR('',#11120,10.);
#3190=VECTOR('',#11121,10.);
#3191=VECTOR('',#11122,10.);
#3192=VECTOR('',#11123,10.);
#3193=VECTOR('',#11124,10.);
#3194=VECTOR('',#11125,10.);
#3195=VECTOR('',#11126,10.);
#3196=VECTOR('',#11127,10.);
#3197=VECTOR('',#11128,10.);
#3198=VECTOR('',#11133,10.);
#3199=VECTOR('',#11134,10.);
#3200=VECTOR('',#11137,10.);
#3201=VECTOR('',#11140,10.);
#3202=VECTOR('',#11141,10.);
#3203=VECTOR('',#11142,10.);
#3204=VECTOR('',#11147,10.);
#3205=VECTOR('',#11148,10.);
#3206=VECTOR('',#11151,10.);
#3207=VECTOR('',#11152,10.);
#3208=VECTOR('',#11155,10.);
#3209=VECTOR('',#11156,10.);
#3210=VECTOR('',#11157,10.);
#3211=VECTOR('',#11158,10.);
#3212=VECTOR('',#11159,10.);
#3213=VECTOR('',#11160,10.);
#3214=VECTOR('',#11161,10.);
#3215=VECTOR('',#11162,10.);
#3216=VECTOR('',#11163,10.);
#3217=VECTOR('',#11164,10.);
#3218=VECTOR('',#11165,10.);
#3219=VECTOR('',#11168,10.);
#3220=VECTOR('',#11171,10.);
#3221=VECTOR('',#11172,10.);
#3222=VECTOR('',#11173,10.);
#3223=VECTOR('',#11174,10.);
#3224=VECTOR('',#11175,10.);
#3225=VECTOR('',#11176,10.);
#3226=VECTOR('',#11177,10.);
#3227=VECTOR('',#11180,10.);
#3228=VECTOR('',#11183,10.);
#3229=VECTOR('',#11186,10.);
#3230=VECTOR('',#11187,10.);
#3231=VECTOR('',#11190,10.);
#3232=VECTOR('',#11193,10.);
#3233=VECTOR('',#11198,10.);
#3234=VECTOR('',#11203,10.);
#3235=VECTOR('',#11206,10.);
#3236=VECTOR('',#11207,10.);
#3237=VECTOR('',#11212,10.);
#3238=VECTOR('',#11215,10.);
#3239=VECTOR('',#11216,10.);
#3240=VECTOR('',#11217,10.);
#3241=VECTOR('',#11220,10.);
#3242=VECTOR('',#11221,10.);
#3243=VECTOR('',#11222,10.);
#3244=VECTOR('',#11223,10.);
#3245=VECTOR('',#11224,10.);
#3246=VECTOR('',#11225,10.);
#3247=VECTOR('',#11226,10.);
#3248=VECTOR('',#11227,10.);
#3249=VECTOR('',#11228,10.);
#3250=VECTOR('',#11229,10.);
#3251=VECTOR('',#11230,10.);
#3252=VECTOR('',#11231,10.);
#3253=VECTOR('',#11232,10.);
#3254=VECTOR('',#11237,10.);
#3255=VECTOR('',#11242,10.);
#3256=VECTOR('',#11245,10.);
#3257=VECTOR('',#11246,10.);
#3258=VECTOR('',#11249,10.);
#3259=VECTOR('',#11254,10.);
#3260=VECTOR('',#11261,10.);
#3261=VECTOR('',#11262,10.);
#3262=VECTOR('',#11265,10.);
#3263=VECTOR('',#11270,10.);
#3264=VECTOR('',#11273,10.);
#3265=VECTOR('',#11274,10.);
#3266=VECTOR('',#11277,10.);
#3267=VECTOR('',#11282,10.);
#3268=VECTOR('',#11287,10.);
#3269=VECTOR('',#11288,10.);
#3270=VECTOR('',#11289,10.);
#3271=VECTOR('',#11290,10.);
#3272=VECTOR('',#11293,10.);
#3273=VECTOR('',#11294,10.);
#3274=VECTOR('',#11295,10.);
#3275=VECTOR('',#11296,10.);
#3276=VECTOR('',#11299,10.);
#3277=VECTOR('',#11300,10.);
#3278=VECTOR('',#11301,10.);
#3279=VECTOR('',#11302,10.);
#3280=VECTOR('',#11303,10.);
#3281=VECTOR('',#11304,10.);
#3282=VECTOR('',#11305,10.);
#3283=VECTOR('',#11306,10.);
#3284=VECTOR('',#11307,10.);
#3285=VECTOR('',#11308,10.);
#3286=VECTOR('',#11309,10.);
#3287=VECTOR('',#11310,10.);
#3288=VECTOR('',#11311,10.);
#3289=VECTOR('',#11312,10.);
#3290=VECTOR('',#11313,10.);
#3291=VECTOR('',#11314,10.);
#3292=VECTOR('',#11315,10.);
#3293=VECTOR('',#11316,10.);
#3294=VECTOR('',#11319,10.);
#3295=VECTOR('',#11320,10.);
#3296=VECTOR('',#11321,10.);
#3297=VECTOR('',#11322,10.);
#3298=VECTOR('',#11323,10.);
#3299=VECTOR('',#11324,10.);
#3300=VECTOR('',#11325,10.);
#3301=VECTOR('',#11326,10.);
#3302=VECTOR('',#11327,10.);
#3303=VECTOR('',#11328,10.);
#3304=VECTOR('',#11329,10.);
#3305=VECTOR('',#11330,10.);
#3306=VECTOR('',#11331,10.);
#3307=VECTOR('',#11332,10.);
#3308=VECTOR('',#11333,10.);
#3309=VECTOR('',#11334,10.);
#3310=VECTOR('',#11335,10.);
#3311=VECTOR('',#11338,10.);
#3312=VECTOR('',#11339,10.);
#3313=VECTOR('',#11342,10.);
#3314=VECTOR('',#11343,10.);
#3315=VECTOR('',#11346,10.);
#3316=VECTOR('',#11347,10.);
#3317=VECTOR('',#11348,10.);
#3318=VECTOR('',#11351,10.);
#3319=VECTOR('',#11352,10.);
#3320=VECTOR('',#11353,10.);
#3321=VECTOR('',#11356,10.);
#3322=VECTOR('',#11357,10.);
#3323=VECTOR('',#11358,10.);
#3324=VECTOR('',#11361,10.);
#3325=VECTOR('',#11362,10.);
#3326=VECTOR('',#11363,10.);
#3327=VECTOR('',#11366,10.);
#3328=VECTOR('',#11367,10.);
#3329=VECTOR('',#11368,10.);
#3330=VECTOR('',#11371,10.);
#3331=VECTOR('',#11372,10.);
#3332=VECTOR('',#11373,10.);
#3333=VECTOR('',#11376,10.);
#3334=VECTOR('',#11377,10.);
#3335=VECTOR('',#11378,10.);
#3336=VECTOR('',#11381,10.);
#3337=VECTOR('',#11382,10.);
#3338=VECTOR('',#11383,10.);
#3339=VECTOR('',#11386,10.);
#3340=VECTOR('',#11387,10.);
#3341=VECTOR('',#11388,10.);
#3342=VECTOR('',#11391,10.);
#3343=VECTOR('',#11392,10.);
#3344=VECTOR('',#11393,10.);
#3345=VECTOR('',#11396,10.);
#3346=VECTOR('',#11397,10.);
#3347=VECTOR('',#11398,10.);
#3348=VECTOR('',#11401,10.);
#3349=VECTOR('',#11402,10.);
#3350=VECTOR('',#11403,10.);
#3351=VECTOR('',#11406,10.);
#3352=VECTOR('',#11407,10.);
#3353=VECTOR('',#11408,10.);
#3354=VECTOR('',#11411,10.);
#3355=VECTOR('',#11412,10.);
#3356=VECTOR('',#11413,10.);
#3357=VECTOR('',#11414,10.);
#3358=VECTOR('',#11417,10.);
#3359=VECTOR('',#11418,10.);
#3360=VECTOR('',#11419,10.);
#3361=VECTOR('',#11420,10.);
#3362=VECTOR('',#11423,10.);
#3363=VECTOR('',#11424,10.);
#3364=VECTOR('',#11425,10.);
#3365=VECTOR('',#11426,10.);
#3366=VECTOR('',#11429,10.);
#3367=VECTOR('',#11430,10.);
#3368=VECTOR('',#11431,10.);
#3369=VECTOR('',#11432,10.);
#3370=VECTOR('',#11435,10.);
#3371=VECTOR('',#11436,10.);
#3372=VECTOR('',#11437,10.);
#3373=VECTOR('',#11438,10.);
#3374=VECTOR('',#11441,10.);
#3375=VECTOR('',#11442,10.);
#3376=VECTOR('',#11443,10.);
#3377=VECTOR('',#11446,10.);
#3378=VECTOR('',#11447,10.);
#3379=VECTOR('',#11448,10.);
#3380=VECTOR('',#11449,10.);
#3381=VECTOR('',#11450,10.);
#3382=VECTOR('',#11451,10.);
#3383=VECTOR('',#11452,10.);
#3384=VECTOR('',#11453,10.);
#3385=VECTOR('',#11454,10.);
#3386=VECTOR('',#11457,10.);
#3387=VECTOR('',#11458,10.);
#3388=VECTOR('',#11459,10.);
#3389=VECTOR('',#11460,10.);
#3390=VECTOR('',#11461,10.);
#3391=VECTOR('',#11464,10.);
#3392=VECTOR('',#11465,10.);
#3393=VECTOR('',#11466,10.);
#3394=VECTOR('',#11469,10.);
#3395=VECTOR('',#11470,10.);
#3396=VECTOR('',#11471,10.);
#3397=VECTOR('',#11472,10.);
#3398=VECTOR('',#11475,10.);
#3399=VECTOR('',#11476,10.);
#3400=VECTOR('',#11477,10.);
#3401=VECTOR('',#11478,10.);
#3402=VECTOR('',#11481,10.);
#3403=VECTOR('',#11482,10.);
#3404=VECTOR('',#11483,10.);
#3405=VECTOR('',#11486,10.);
#3406=VECTOR('',#11487,10.);
#3407=VECTOR('',#11488,10.);
#3408=VECTOR('',#11489,10.);
#3409=VECTOR('',#11492,10.);
#3410=VECTOR('',#11495,10.);
#3411=VECTOR('',#11496,10.);
#3412=VECTOR('',#11497,10.);
#3413=VECTOR('',#11498,10.);
#3414=VECTOR('',#11499,10.);
#3415=VECTOR('',#11500,10.);
#3416=VECTOR('',#11501,10.);
#3417=VECTOR('',#11502,10.);
#3418=VECTOR('',#11503,10.);
#3419=VECTOR('',#11504,10.);
#3420=VECTOR('',#11507,10.);
#3421=VECTOR('',#11508,10.);
#3422=VECTOR('',#11511,10.);
#3423=VECTOR('',#11512,10.);
#3424=VECTOR('',#11513,10.);
#3425=VECTOR('',#11514,10.);
#3426=VECTOR('',#11515,10.);
#3427=VECTOR('',#11516,10.);
#3428=VECTOR('',#11517,10.);
#3429=VECTOR('',#11518,10.);
#3430=VECTOR('',#11521,10.);
#3431=VECTOR('',#11524,10.);
#3432=VECTOR('',#11525,10.);
#3433=VECTOR('',#11526,10.);
#3434=VECTOR('',#11527,10.);
#3435=VECTOR('',#11528,10.);
#3436=VECTOR('',#11529,10.);
#3437=VECTOR('',#11530,10.);
#3438=VECTOR('',#11531,10.);
#3439=VECTOR('',#11532,10.);
#3440=VECTOR('',#11535,10.);
#3441=VECTOR('',#11536,10.);
#3442=VECTOR('',#11541,10.);
#3443=VECTOR('',#11546,10.);
#3444=VECTOR('',#11547,10.);
#3445=VECTOR('',#11550,10.);
#3446=VECTOR('',#11551,10.);
#3447=VECTOR('',#11556,10.);
#3448=VECTOR('',#11557,10.);
#3449=VECTOR('',#11562,10.);
#3450=VECTOR('',#11563,10.);
#3451=VECTOR('',#11564,10.);
#3452=VECTOR('',#11565,10.);
#3453=VECTOR('',#11566,10.);
#3454=VECTOR('',#11567,10.);
#3455=VECTOR('',#11570,10.);
#3456=VECTOR('',#11573,10.);
#3457=VECTOR('',#11574,10.);
#3458=VECTOR('',#11575,10.);
#3459=VECTOR('',#11576,10.);
#3460=VECTOR('',#11581,10.);
#3461=VECTOR('',#11582,10.);
#3462=VECTOR('',#11585,10.);
#3463=VECTOR('',#11586,10.);
#3464=VECTOR('',#11587,10.);
#3465=VECTOR('',#11590,10.);
#3466=VECTOR('',#11595,10.);
#3467=VECTOR('',#11596,10.);
#3468=VECTOR('',#11597,10.);
#3469=VECTOR('',#11598,10.);
#3470=VECTOR('',#11599,10.);
#3471=VECTOR('',#11604,10.);
#3472=VECTOR('',#11609,10.);
#3473=VECTOR('',#11612,10.);
#3474=VECTOR('',#11613,10.);
#3475=VECTOR('',#11616,10.);
#3476=VECTOR('',#11619,10.);
#3477=VECTOR('',#11624,10.);
#3478=VECTOR('',#11625,10.);
#3479=VECTOR('',#11626,10.);
#3480=VECTOR('',#11627,10.);
#3481=VECTOR('',#11628,10.);
#3482=VECTOR('',#11629,10.);
#3483=VECTOR('',#11630,10.);
#3484=VECTOR('',#11631,10.);
#3485=VECTOR('',#11632,10.);
#3486=VECTOR('',#11633,10.);
#3487=VECTOR('',#11634,10.);
#3488=VECTOR('',#11637,10.);
#3489=VECTOR('',#11640,10.);
#3490=VECTOR('',#11641,10.);
#3491=VECTOR('',#11642,10.);
#3492=VECTOR('',#11643,10.);
#3493=VECTOR('',#11644,10.);
#3494=VECTOR('',#11645,10.);
#3495=VECTOR('',#11646,10.);
#3496=VECTOR('',#11647,10.);
#3497=VECTOR('',#11648,10.);
#3498=VECTOR('',#11653,10.);
#3499=VECTOR('',#11654,10.);
#3500=VECTOR('',#11657,10.);
#3501=VECTOR('',#11660,10.);
#3502=VECTOR('',#11661,10.);
#3503=VECTOR('',#11662,10.);
#3504=VECTOR('',#11667,10.);
#3505=VECTOR('',#11668,10.);
#3506=VECTOR('',#11671,10.);
#3507=VECTOR('',#11672,10.);
#3508=VECTOR('',#11675,10.);
#3509=VECTOR('',#11676,10.);
#3510=VECTOR('',#11677,10.);
#3511=VECTOR('',#11678,10.);
#3512=VECTOR('',#11679,10.);
#3513=VECTOR('',#11680,10.);
#3514=VECTOR('',#11681,10.);
#3515=VECTOR('',#11682,10.);
#3516=VECTOR('',#11683,10.);
#3517=VECTOR('',#11684,10.);
#3518=VECTOR('',#11685,10.);
#3519=VECTOR('',#11688,10.);
#3520=VECTOR('',#11691,10.);
#3521=VECTOR('',#11692,10.);
#3522=VECTOR('',#11693,10.);
#3523=VECTOR('',#11694,10.);
#3524=VECTOR('',#11695,10.);
#3525=VECTOR('',#11696,10.);
#3526=VECTOR('',#11697,10.);
#3527=VECTOR('',#11700,10.);
#3528=VECTOR('',#11703,10.);
#3529=VECTOR('',#11706,10.);
#3530=VECTOR('',#11707,10.);
#3531=VECTOR('',#11710,10.);
#3532=VECTOR('',#11713,10.);
#3533=VECTOR('',#11718,10.);
#3534=VECTOR('',#11723,10.);
#3535=VECTOR('',#11726,10.);
#3536=VECTOR('',#11727,10.);
#3537=VECTOR('',#11732,10.);
#3538=VECTOR('',#11735,10.);
#3539=VECTOR('',#11736,10.);
#3540=VECTOR('',#11737,10.);
#3541=VECTOR('',#11740,10.);
#3542=VECTOR('',#11741,10.);
#3543=VECTOR('',#11742,10.);
#3544=VECTOR('',#11743,10.);
#3545=VECTOR('',#11744,10.);
#3546=VECTOR('',#11745,10.);
#3547=VECTOR('',#11746,10.);
#3548=VECTOR('',#11747,10.);
#3549=VECTOR('',#11748,10.);
#3550=VECTOR('',#11749,10.);
#3551=VECTOR('',#11750,10.);
#3552=VECTOR('',#11751,10.);
#3553=VECTOR('',#11752,10.);
#3554=VECTOR('',#11757,10.);
#3555=VECTOR('',#11762,10.);
#3556=VECTOR('',#11765,10.);
#3557=VECTOR('',#11766,10.);
#3558=VECTOR('',#11769,10.);
#3559=VECTOR('',#11774,10.);
#3560=VECTOR('',#11781,10.);
#3561=VECTOR('',#11782,10.);
#3562=VECTOR('',#11785,10.);
#3563=VECTOR('',#11790,10.);
#3564=VECTOR('',#11793,10.);
#3565=VECTOR('',#11794,10.);
#3566=VECTOR('',#11797,10.);
#3567=VECTOR('',#11802,10.);
#3568=VECTOR('',#11807,10.);
#3569=VECTOR('',#11808,10.);
#3570=VECTOR('',#11809,10.);
#3571=VECTOR('',#11810,10.);
#3572=VECTOR('',#11811,10.);
#3573=VECTOR('',#11812,10.);
#3574=VECTOR('',#11813,10.);
#3575=VECTOR('',#11814,10.);
#3576=VECTOR('',#11817,10.);
#3577=VECTOR('',#11818,10.);
#3578=VECTOR('',#11819,10.);
#3579=VECTOR('',#11820,10.);
#3580=VECTOR('',#11821,10.);
#3581=VECTOR('',#11824,10.);
#3582=VECTOR('',#11825,10.);
#3583=VECTOR('',#11826,10.);
#3584=VECTOR('',#11829,10.);
#3585=VECTOR('',#11834,10.);
#3586=VECTOR('',#11835,10.);
#3587=VECTOR('',#11836,10.);
#3588=VECTOR('',#11837,10.);
#3589=VECTOR('',#11838,10.);
#3590=VECTOR('',#11839,10.);
#3591=VECTOR('',#11842,10.);
#3592=VECTOR('',#11843,10.);
#3593=VECTOR('',#11844,10.);
#3594=VECTOR('',#11845,10.);
#3595=VECTOR('',#11848,10.);
#3596=VECTOR('',#11853,10.);
#3597=VECTOR('',#11854,10.);
#3598=VECTOR('',#11857,10.);
#3599=VECTOR('',#11858,10.);
#3600=VECTOR('',#11861,10.);
#3601=VECTOR('',#11862,10.);
#3602=VECTOR('',#11865,10.);
#3603=VECTOR('',#11870,10.);
#3604=VECTOR('',#11871,10.);
#3605=VECTOR('',#11874,10.);
#3606=VECTOR('',#11877,10.);
#3607=VECTOR('',#11882,10.);
#3608=VECTOR('',#11885,10.);
#3609=VERTEX_POINT('',#11893);
#3610=VERTEX_POINT('',#11894);
#3611=VERTEX_POINT('',#11896);
#3612=VERTEX_POINT('',#11898);
#3613=VERTEX_POINT('',#11902);
#3614=VERTEX_POINT('',#11904);
#3615=VERTEX_POINT('',#11908);
#3616=VERTEX_POINT('',#11909);
#3617=VERTEX_POINT('',#11911);
#3618=VERTEX_POINT('',#11913);
#3619=VERTEX_POINT('',#11917);
#3620=VERTEX_POINT('',#11919);
#3621=VERTEX_POINT('',#11923);
#3622=VERTEX_POINT('',#11925);
#3623=VERTEX_POINT('',#11929);
#3624=VERTEX_POINT('',#11931);
#3625=VERTEX_POINT('',#11933);
#3626=VERTEX_POINT('',#11935);
#3627=VERTEX_POINT('',#11937);
#3628=VERTEX_POINT('',#11939);
#3629=VERTEX_POINT('',#11941);
#3630=VERTEX_POINT('',#11943);
#3631=VERTEX_POINT('',#11945);
#3632=VERTEX_POINT('',#11947);
#3633=VERTEX_POINT('',#11949);
#3634=VERTEX_POINT('',#11951);
#3635=VERTEX_POINT('',#11953);
#3636=VERTEX_POINT('',#11955);
#3637=VERTEX_POINT('',#11957);
#3638=VERTEX_POINT('',#11959);
#3639=VERTEX_POINT('',#11961);
#3640=VERTEX_POINT('',#11963);
#3641=VERTEX_POINT('',#11965);
#3642=VERTEX_POINT('',#11967);
#3643=VERTEX_POINT('',#11969);
#3644=VERTEX_POINT('',#11971);
#3645=VERTEX_POINT('',#11973);
#3646=VERTEX_POINT('',#11976);
#3647=VERTEX_POINT('',#11978);
#3648=VERTEX_POINT('',#11980);
#3649=VERTEX_POINT('',#11984);
#3650=VERTEX_POINT('',#11985);
#3651=VERTEX_POINT('',#11990);
#3652=VERTEX_POINT('',#11994);
#3653=VERTEX_POINT('',#11998);
#3654=VERTEX_POINT('',#11999);
#3655=VERTEX_POINT('',#12004);
#3656=VERTEX_POINT('',#12008);
#3657=VERTEX_POINT('',#12012);
#3658=VERTEX_POINT('',#12016);
#3659=VERTEX_POINT('',#12017);
#3660=VERTEX_POINT('',#12022);
#3661=VERTEX_POINT('',#12023);
#3662=VERTEX_POINT('',#12030);
#3663=VERTEX_POINT('',#12031);
#3664=VERTEX_POINT('',#12036);
#3665=VERTEX_POINT('',#12040);
#3666=VERTEX_POINT('',#12044);
#3667=VERTEX_POINT('',#12045);
#3668=VERTEX_POINT('',#12050);
#3669=VERTEX_POINT('',#12058);
#3670=VERTEX_POINT('',#12064);
#3671=VERTEX_POINT('',#12072);
#3672=VERTEX_POINT('',#12074);
#3673=VERTEX_POINT('',#12076);
#3674=VERTEX_POINT('',#12078);
#3675=VERTEX_POINT('',#12081);
#3676=VERTEX_POINT('',#12082);
#3677=VERTEX_POINT('',#12084);
#3678=VERTEX_POINT('',#12086);
#3679=VERTEX_POINT('',#12089);
#3680=VERTEX_POINT('',#12090);
#3681=VERTEX_POINT('',#12093);
#3682=VERTEX_POINT('',#12094);
#3683=VERTEX_POINT('',#12096);
#3684=VERTEX_POINT('',#12098);
#3685=VERTEX_POINT('',#12100);
#3686=VERTEX_POINT('',#12102);
#3687=VERTEX_POINT('',#12104);
#3688=VERTEX_POINT('',#12106);
#3689=VERTEX_POINT('',#12109);
#3690=VERTEX_POINT('',#12110);
#3691=VERTEX_POINT('',#12112);
#3692=VERTEX_POINT('',#12114);
#3693=VERTEX_POINT('',#12116);
#3694=VERTEX_POINT('',#12118);
#3695=VERTEX_POINT('',#12120);
#3696=VERTEX_POINT('',#12122);
#3697=VERTEX_POINT('',#12127);
#3698=VERTEX_POINT('',#12128);
#3699=VERTEX_POINT('',#12130);
#3700=VERTEX_POINT('',#12132);
#3701=VERTEX_POINT('',#12134);
#3702=VERTEX_POINT('',#12136);
#3703=VERTEX_POINT('',#12138);
#3704=VERTEX_POINT('',#12140);
#3705=VERTEX_POINT('',#12144);
#3706=VERTEX_POINT('',#12145);
#3707=VERTEX_POINT('',#12147);
#3708=VERTEX_POINT('',#12149);
#3709=VERTEX_POINT('',#12151);
#3710=VERTEX_POINT('',#12153);
#3711=VERTEX_POINT('',#12155);
#3712=VERTEX_POINT('',#12157);
#3713=VERTEX_POINT('',#12169);
#3714=VERTEX_POINT('',#12171);
#3715=VERTEX_POINT('',#12175);
#3716=VERTEX_POINT('',#12177);
#3717=VERTEX_POINT('',#12181);
#3718=VERTEX_POINT('',#12187);
#3719=VERTEX_POINT('',#12189);
#3720=VERTEX_POINT('',#12191);
#3721=VERTEX_POINT('',#12199);
#3722=VERTEX_POINT('',#12201);
#3723=VERTEX_POINT('',#12205);
#3724=VERTEX_POINT('',#12209);
#3725=VERTEX_POINT('',#12213);
#3726=VERTEX_POINT('',#12214);
#3727=VERTEX_POINT('',#12217);
#3728=VERTEX_POINT('',#12219);
#3729=VERTEX_POINT('',#12241);
#3730=VERTEX_POINT('',#12243);
#3731=VERTEX_POINT('',#12248);
#3732=VERTEX_POINT('',#12250);
#3733=VERTEX_POINT('',#12257);
#3734=VERTEX_POINT('',#12261);
#3735=VERTEX_POINT('',#12278);
#3736=VERTEX_POINT('',#12279);
#3737=VERTEX_POINT('',#12281);
#3738=VERTEX_POINT('',#12283);
#3739=VERTEX_POINT('',#12287);
#3740=VERTEX_POINT('',#12288);
#3741=VERTEX_POINT('',#12290);
#3742=VERTEX_POINT('',#12292);
#3743=VERTEX_POINT('',#12296);
#3744=VERTEX_POINT('',#12297);
#3745=VERTEX_POINT('',#12299);
#3746=VERTEX_POINT('',#12301);
#3747=VERTEX_POINT('',#12305);
#3748=VERTEX_POINT('',#12306);
#3749=VERTEX_POINT('',#12308);
#3750=VERTEX_POINT('',#12312);
#3751=VERTEX_POINT('',#12313);
#3752=VERTEX_POINT('',#12315);
#3753=VERTEX_POINT('',#12325);
#3754=VERTEX_POINT('',#12327);
#3755=VERTEX_POINT('',#12329);
#3756=VERTEX_POINT('',#12331);
#3757=VERTEX_POINT('',#12333);
#3758=VERTEX_POINT('',#12335);
#3759=VERTEX_POINT('',#12337);
#3760=VERTEX_POINT('',#12339);
#3761=VERTEX_POINT('',#12341);
#3762=VERTEX_POINT('',#12343);
#3763=VERTEX_POINT('',#12345);
#3764=VERTEX_POINT('',#12347);
#3765=VERTEX_POINT('',#12349);
#3766=VERTEX_POINT('',#12351);
#3767=VERTEX_POINT('',#12355);
#3768=VERTEX_POINT('',#12357);
#3769=VERTEX_POINT('',#12361);
#3770=VERTEX_POINT('',#12363);
#3771=VERTEX_POINT('',#12371);
#3772=VERTEX_POINT('',#12373);
#3773=VERTEX_POINT('',#12377);
#3774=VERTEX_POINT('',#12379);
#3775=VERTEX_POINT('',#12387);
#3776=VERTEX_POINT('',#12389);
#3777=VERTEX_POINT('',#12393);
#3778=VERTEX_POINT('',#12395);
#3779=VERTEX_POINT('',#12403);
#3780=VERTEX_POINT('',#12405);
#3781=VERTEX_POINT('',#12409);
#3782=VERTEX_POINT('',#12411);
#3783=VERTEX_POINT('',#12419);
#3784=VERTEX_POINT('',#12421);
#3785=VERTEX_POINT('',#12425);
#3786=VERTEX_POINT('',#12427);
#3787=VERTEX_POINT('',#12435);
#3788=VERTEX_POINT('',#12437);
#3789=VERTEX_POINT('',#12441);
#3790=VERTEX_POINT('',#12443);
#3791=VERTEX_POINT('',#12451);
#3792=VERTEX_POINT('',#12452);
#3793=VERTEX_POINT('',#12454);
#3794=VERTEX_POINT('',#12458);
#3795=VERTEX_POINT('',#12460);
#3796=VERTEX_POINT('',#12464);
#3797=VERTEX_POINT('',#12470);
#3798=VERTEX_POINT('',#12472);
#3799=VERTEX_POINT('',#12474);
#3800=VERTEX_POINT('',#12476);
#3801=VERTEX_POINT('',#12478);
#3802=VERTEX_POINT('',#12480);
#3803=VERTEX_POINT('',#12482);
#3804=VERTEX_POINT('',#12484);
#3805=VERTEX_POINT('',#12486);
#3806=VERTEX_POINT('',#12488);
#3807=VERTEX_POINT('',#12490);
#3808=VERTEX_POINT('',#12492);
#3809=VERTEX_POINT('',#12494);
#3810=VERTEX_POINT('',#12496);
#3811=VERTEX_POINT('',#12501);
#3812=VERTEX_POINT('',#12503);
#3813=VERTEX_POINT('',#12507);
#3814=VERTEX_POINT('',#12509);
#3815=VERTEX_POINT('',#12517);
#3816=VERTEX_POINT('',#12519);
#3817=VERTEX_POINT('',#12523);
#3818=VERTEX_POINT('',#12525);
#3819=VERTEX_POINT('',#12533);
#3820=VERTEX_POINT('',#12535);
#3821=VERTEX_POINT('',#12539);
#3822=VERTEX_POINT('',#12541);
#3823=VERTEX_POINT('',#12549);
#3824=VERTEX_POINT('',#12551);
#3825=VERTEX_POINT('',#12555);
#3826=VERTEX_POINT('',#12557);
#3827=VERTEX_POINT('',#12565);
#3828=VERTEX_POINT('',#12567);
#3829=VERTEX_POINT('',#12571);
#3830=VERTEX_POINT('',#12573);
#3831=VERTEX_POINT('',#12581);
#3832=VERTEX_POINT('',#12583);
#3833=VERTEX_POINT('',#12587);
#3834=VERTEX_POINT('',#12589);
#3835=VERTEX_POINT('',#12597);
#3836=VERTEX_POINT('',#12598);
#3837=VERTEX_POINT('',#12600);
#3838=VERTEX_POINT('',#12602);
#3839=VERTEX_POINT('',#12606);
#3840=VERTEX_POINT('',#12607);
#3841=VERTEX_POINT('',#12609);
#3842=VERTEX_POINT('',#12611);
#3843=VERTEX_POINT('',#12615);
#3844=VERTEX_POINT('',#12616);
#3845=VERTEX_POINT('',#12618);
#3846=VERTEX_POINT('',#12620);
#3847=VERTEX_POINT('',#12624);
#3848=VERTEX_POINT('',#12625);
#3849=VERTEX_POINT('',#12627);
#3850=VERTEX_POINT('',#12629);
#3851=VERTEX_POINT('',#12633);
#3852=VERTEX_POINT('',#12634);
#3853=VERTEX_POINT('',#12636);
#3854=VERTEX_POINT('',#12638);
#3855=VERTEX_POINT('',#12642);
#3856=VERTEX_POINT('',#12643);
#3857=VERTEX_POINT('',#12645);
#3858=VERTEX_POINT('',#12647);
#3859=VERTEX_POINT('',#12651);
#3860=VERTEX_POINT('',#12652);
#3861=VERTEX_POINT('',#12654);
#3862=VERTEX_POINT('',#12656);
#3863=VERTEX_POINT('',#12660);
#3864=VERTEX_POINT('',#12662);
#3865=VERTEX_POINT('',#12664);
#3866=VERTEX_POINT('',#12668);
#3867=VERTEX_POINT('',#12671);
#3868=VERTEX_POINT('',#12672);
#3869=VERTEX_POINT('',#12674);
#3870=VERTEX_POINT('',#12676);
#3871=VERTEX_POINT('',#12680);
#3872=VERTEX_POINT('',#12684);
#3873=VERTEX_POINT('',#12688);
#3874=VERTEX_POINT('',#12690);
#3875=VERTEX_POINT('',#12693);
#3876=VERTEX_POINT('',#12694);
#3877=VERTEX_POINT('',#12696);
#3878=VERTEX_POINT('',#12698);
#3879=VERTEX_POINT('',#12702);
#3880=VERTEX_POINT('',#12704);
#3881=VERTEX_POINT('',#12706);
#3882=VERTEX_POINT('',#12710);
#3883=VERTEX_POINT('',#12713);
#3884=VERTEX_POINT('',#12714);
#3885=VERTEX_POINT('',#12716);
#3886=VERTEX_POINT('',#12718);
#3887=VERTEX_POINT('',#12722);
#3888=VERTEX_POINT('',#12726);
#3889=VERTEX_POINT('',#12730);
#3890=VERTEX_POINT('',#12732);
#3891=VERTEX_POINT('',#12735);
#3892=VERTEX_POINT('',#12736);
#3893=VERTEX_POINT('',#12738);
#3894=VERTEX_POINT('',#12740);
#3895=VERTEX_POINT('',#12744);
#3896=VERTEX_POINT('',#12746);
#3897=VERTEX_POINT('',#12748);
#3898=VERTEX_POINT('',#12752);
#3899=VERTEX_POINT('',#12755);
#3900=VERTEX_POINT('',#12756);
#3901=VERTEX_POINT('',#12758);
#3902=VERTEX_POINT('',#12760);
#3903=VERTEX_POINT('',#12764);
#3904=VERTEX_POINT('',#12768);
#3905=VERTEX_POINT('',#12772);
#3906=VERTEX_POINT('',#12774);
#3907=VERTEX_POINT('',#12777);
#3908=VERTEX_POINT('',#12778);
#3909=VERTEX_POINT('',#12780);
#3910=VERTEX_POINT('',#12782);
#3911=VERTEX_POINT('',#12786);
#3912=VERTEX_POINT('',#12788);
#3913=VERTEX_POINT('',#12790);
#3914=VERTEX_POINT('',#12794);
#3915=VERTEX_POINT('',#12797);
#3916=VERTEX_POINT('',#12798);
#3917=VERTEX_POINT('',#12800);
#3918=VERTEX_POINT('',#12802);
#3919=VERTEX_POINT('',#12806);
#3920=VERTEX_POINT('',#12810);
#3921=VERTEX_POINT('',#12814);
#3922=VERTEX_POINT('',#12816);
#3923=VERTEX_POINT('',#12819);
#3924=VERTEX_POINT('',#12820);
#3925=VERTEX_POINT('',#12822);
#3926=VERTEX_POINT('',#12824);
#3927=VERTEX_POINT('',#12828);
#3928=VERTEX_POINT('',#12830);
#3929=VERTEX_POINT('',#12832);
#3930=VERTEX_POINT('',#12836);
#3931=VERTEX_POINT('',#12839);
#3932=VERTEX_POINT('',#12840);
#3933=VERTEX_POINT('',#12842);
#3934=VERTEX_POINT('',#12844);
#3935=VERTEX_POINT('',#12848);
#3936=VERTEX_POINT('',#12852);
#3937=VERTEX_POINT('',#12856);
#3938=VERTEX_POINT('',#12858);
#3939=VERTEX_POINT('',#12861);
#3940=VERTEX_POINT('',#12862);
#3941=VERTEX_POINT('',#12864);
#3942=VERTEX_POINT('',#12866);
#3943=VERTEX_POINT('',#12870);
#3944=VERTEX_POINT('',#12872);
#3945=VERTEX_POINT('',#12876);
#3946=VERTEX_POINT('',#12880);
#3947=VERTEX_POINT('',#12882);
#3948=VERTEX_POINT('',#12885);
#3949=VERTEX_POINT('',#12886);
#3950=VERTEX_POINT('',#12888);
#3951=VERTEX_POINT('',#12890);
#3952=VERTEX_POINT('',#12894);
#3953=VERTEX_POINT('',#12896);
#3954=VERTEX_POINT('',#12900);
#3955=VERTEX_POINT('',#12901);
#3956=VERTEX_POINT('',#12903);
#3957=VERTEX_POINT('',#12905);
#3958=VERTEX_POINT('',#12942);
#3959=VERTEX_POINT('',#12943);
#3960=VERTEX_POINT('',#12948);
#3961=VERTEX_POINT('',#12952);
#3962=VERTEX_POINT('',#12953);
#3963=VERTEX_POINT('',#12958);
#3964=VERTEX_POINT('',#12962);
#3965=VERTEX_POINT('',#12982);
#3966=VERTEX_POINT('',#12983);
#3967=VERTEX_POINT('',#12988);
#3968=VERTEX_POINT('',#12992);
#3969=VERTEX_POINT('',#12996);
#3970=VERTEX_POINT('',#13007);
#3971=VERTEX_POINT('',#13009);
#3972=VERTEX_POINT('',#13012);
#3973=VERTEX_POINT('',#13016);
#3974=VERTEX_POINT('',#13020);
#3975=VERTEX_POINT('',#13021);
#3976=VERTEX_POINT('',#13038);
#3977=VERTEX_POINT('',#13040);
#3978=VERTEX_POINT('',#13046);
#3979=VERTEX_POINT('',#13071);
#3980=VERTEX_POINT('',#13075);
#3981=VERTEX_POINT('',#13087);
#3982=VERTEX_POINT('',#13088);
#3983=VERTEX_POINT('',#13126);
#3984=VERTEX_POINT('',#13127);
#3985=VERTEX_POINT('',#13129);
#3986=VERTEX_POINT('',#13131);
#3987=VERTEX_POINT('',#13135);
#3988=VERTEX_POINT('',#13136);
#3989=VERTEX_POINT('',#13138);
#3990=VERTEX_POINT('',#13140);
#3991=VERTEX_POINT('',#13144);
#3992=VERTEX_POINT('',#13145);
#3993=VERTEX_POINT('',#13147);
#3994=VERTEX_POINT('',#13149);
#3995=VERTEX_POINT('',#13151);
#3996=VERTEX_POINT('',#13153);
#3997=VERTEX_POINT('',#13155);
#3998=VERTEX_POINT('',#13157);
#3999=VERTEX_POINT('',#13159);
#4000=VERTEX_POINT('',#13161);
#4001=VERTEX_POINT('',#13163);
#4002=VERTEX_POINT('',#13165);
#4003=VERTEX_POINT('',#13167);
#4004=VERTEX_POINT('',#13169);
#4005=VERTEX_POINT('',#13171);
#4006=VERTEX_POINT('',#13173);
#4007=VERTEX_POINT('',#13175);
#4008=VERTEX_POINT('',#13177);
#4009=VERTEX_POINT('',#13181);
#4010=VERTEX_POINT('',#13182);
#4011=VERTEX_POINT('',#13184);
#4012=VERTEX_POINT('',#13186);
#4013=VERTEX_POINT('',#13189);
#4014=VERTEX_POINT('',#13191);
#4015=VERTEX_POINT('',#13193);
#4016=VERTEX_POINT('',#13195);
#4017=VERTEX_POINT('',#13198);
#4018=VERTEX_POINT('',#13199);
#4019=VERTEX_POINT('',#13201);
#4020=VERTEX_POINT('',#13203);
#4021=VERTEX_POINT('',#13206);
#4022=VERTEX_POINT('',#13207);
#4023=VERTEX_POINT('',#13209);
#4024=VERTEX_POINT('',#13211);
#4025=VERTEX_POINT('',#13215);
#4026=VERTEX_POINT('',#13219);
#4027=VERTEX_POINT('',#13223);
#4028=VERTEX_POINT('',#13225);
#4029=VERTEX_POINT('',#13229);
#4030=VERTEX_POINT('',#13231);
#4031=VERTEX_POINT('',#13235);
#4032=VERTEX_POINT('',#13237);
#4033=VERTEX_POINT('',#13241);
#4034=VERTEX_POINT('',#13243);
#4035=VERTEX_POINT('',#13247);
#4036=VERTEX_POINT('',#13249);
#4037=VERTEX_POINT('',#13253);
#4038=VERTEX_POINT('',#13255);
#4039=VERTEX_POINT('',#13259);
#4040=VERTEX_POINT('',#13261);
#4041=VERTEX_POINT('',#13265);
#4042=VERTEX_POINT('',#13267);
#4043=VERTEX_POINT('',#13271);
#4044=VERTEX_POINT('',#13273);
#4045=VERTEX_POINT('',#13277);
#4046=VERTEX_POINT('',#13279);
#4047=VERTEX_POINT('',#13283);
#4048=VERTEX_POINT('',#13285);
#4049=VERTEX_POINT('',#13289);
#4050=VERTEX_POINT('',#13291);
#4051=VERTEX_POINT('',#13295);
#4052=VERTEX_POINT('',#13296);
#4053=VERTEX_POINT('',#13298);
#4054=VERTEX_POINT('',#13302);
#4055=VERTEX_POINT('',#13303);
#4056=VERTEX_POINT('',#13305);
#4057=VERTEX_POINT('',#13307);
#4058=VERTEX_POINT('',#13311);
#4059=VERTEX_POINT('',#13312);
#4060=VERTEX_POINT('',#13314);
#4061=VERTEX_POINT('',#13316);
#4062=VERTEX_POINT('',#13320);
#4063=VERTEX_POINT('',#13321);
#4064=VERTEX_POINT('',#13323);
#4065=VERTEX_POINT('',#13325);
#4066=VERTEX_POINT('',#13329);
#4067=VERTEX_POINT('',#13330);
#4068=VERTEX_POINT('',#13332);
#4069=VERTEX_POINT('',#13334);
#4070=VERTEX_POINT('',#13338);
#4071=VERTEX_POINT('',#13339);
#4072=VERTEX_POINT('',#13341);
#4073=VERTEX_POINT('',#13343);
#4074=VERTEX_POINT('',#13347);
#4075=VERTEX_POINT('',#13348);
#4076=VERTEX_POINT('',#13353);
#4077=VERTEX_POINT('',#13364);
#4078=VERTEX_POINT('',#13366);
#4079=VERTEX_POINT('',#13368);
#4080=VERTEX_POINT('',#13370);
#4081=VERTEX_POINT('',#13374);
#4082=VERTEX_POINT('',#13379);
#4083=VERTEX_POINT('',#13380);
#4084=VERTEX_POINT('',#13382);
#4085=VERTEX_POINT('',#13384);
#4086=VERTEX_POINT('',#13388);
#4087=VERTEX_POINT('',#13389);
#4088=VERTEX_POINT('',#13391);
#4089=VERTEX_POINT('',#13393);
#4090=VERTEX_POINT('',#13398);
#4091=VERTEX_POINT('',#13402);
#4092=VERTEX_POINT('',#13410);
#4093=VERTEX_POINT('',#13413);
#4094=VERTEX_POINT('',#13415);
#4095=VERTEX_POINT('',#13417);
#4096=VERTEX_POINT('',#13419);
#4097=VERTEX_POINT('',#13421);
#4098=VERTEX_POINT('',#13423);
#4099=VERTEX_POINT('',#13425);
#4100=VERTEX_POINT('',#13429);
#4101=VERTEX_POINT('',#13433);
#4102=VERTEX_POINT('',#13438);
#4103=VERTEX_POINT('',#13439);
#4104=VERTEX_POINT('',#13441);
#4105=VERTEX_POINT('',#13443);
#4106=VERTEX_POINT('',#13449);
#4107=VERTEX_POINT('',#13451);
#4108=VERTEX_POINT('',#13454);
#4109=VERTEX_POINT('',#13457);
#4110=VERTEX_POINT('',#13458);
#4111=VERTEX_POINT('',#13460);
#4112=VERTEX_POINT('',#13462);
#4113=VERTEX_POINT('',#13466);
#4114=VERTEX_POINT('',#13474);
#4115=VERTEX_POINT('',#13482);
#4116=VERTEX_POINT('',#13487);
#4117=VERTEX_POINT('',#13489);
#4118=VERTEX_POINT('',#13491);
#4119=VERTEX_POINT('',#13493);
#4120=VERTEX_POINT('',#13500);
#4121=VERTEX_POINT('',#13502);
#4122=VERTEX_POINT('',#13504);
#4123=VERTEX_POINT('',#13509);
#4124=VERTEX_POINT('',#13513);
#4125=VERTEX_POINT('',#13523);
#4126=VERTEX_POINT('',#13525);
#4127=VERTEX_POINT('',#13543);
#4128=VERTEX_POINT('',#13546);
#4129=VERTEX_POINT('',#13548);
#4130=VERTEX_POINT('',#13550);
#4131=VERTEX_POINT('',#13552);
#4132=VERTEX_POINT('',#13555);
#4133=VERTEX_POINT('',#13556);
#4134=VERTEX_POINT('',#13558);
#4135=VERTEX_POINT('',#13560);
#4136=VERTEX_POINT('',#13566);
#4137=VERTEX_POINT('',#13568);
#4138=VERTEX_POINT('',#13570);
#4139=VERTEX_POINT('',#13572);
#4140=VERTEX_POINT('',#13574);
#4141=VERTEX_POINT('',#13576);
#4142=VERTEX_POINT('',#13578);
#4143=VERTEX_POINT('',#13580);
#4144=VERTEX_POINT('',#13585);
#4145=VERTEX_POINT('',#13591);
#4146=VERTEX_POINT('',#13593);
#4147=VERTEX_POINT('',#13598);
#4148=VERTEX_POINT('',#13605);
#4149=VERTEX_POINT('',#13609);
#4150=VERTEX_POINT('',#13610);
#4151=VERTEX_POINT('',#13612);
#4152=VERTEX_POINT('',#13614);
#4153=VERTEX_POINT('',#13617);
#4154=VERTEX_POINT('',#13618);
#4155=VERTEX_POINT('',#13620);
#4156=VERTEX_POINT('',#13622);
#4157=VERTEX_POINT('',#13628);
#4158=VERTEX_POINT('',#13630);
#4159=VERTEX_POINT('',#13632);
#4160=VERTEX_POINT('',#13636);
#4161=VERTEX_POINT('',#13663);
#4162=VERTEX_POINT('',#13665);
#4163=VERTEX_POINT('',#13669);
#4164=VERTEX_POINT('',#13672);
#4165=VERTEX_POINT('',#13676);
#4166=VERTEX_POINT('',#13677);
#4167=VERTEX_POINT('',#13679);
#4168=VERTEX_POINT('',#13681);
#4169=VERTEX_POINT('',#13684);
#4170=VERTEX_POINT('',#13685);
#4171=VERTEX_POINT('',#13687);
#4172=VERTEX_POINT('',#13689);
#4173=VERTEX_POINT('',#13709);
#4174=VERTEX_POINT('',#13727);
#4175=VERTEX_POINT('',#13728);
#4176=VERTEX_POINT('',#13730);
#4177=VERTEX_POINT('',#13732);
#4178=VERTEX_POINT('',#13736);
#4179=VERTEX_POINT('',#13737);
#4180=VERTEX_POINT('',#13739);
#4181=VERTEX_POINT('',#13741);
#4182=VERTEX_POINT('',#13745);
#4183=VERTEX_POINT('',#13746);
#4184=VERTEX_POINT('',#13748);
#4185=VERTEX_POINT('',#13750);
#4186=VERTEX_POINT('',#13752);
#4187=VERTEX_POINT('',#13754);
#4188=VERTEX_POINT('',#13756);
#4189=VERTEX_POINT('',#13758);
#4190=VERTEX_POINT('',#13760);
#4191=VERTEX_POINT('',#13762);
#4192=VERTEX_POINT('',#13764);
#4193=VERTEX_POINT('',#13766);
#4194=VERTEX_POINT('',#13768);
#4195=VERTEX_POINT('',#13770);
#4196=VERTEX_POINT('',#13772);
#4197=VERTEX_POINT('',#13774);
#4198=VERTEX_POINT('',#13776);
#4199=VERTEX_POINT('',#13778);
#4200=VERTEX_POINT('',#13782);
#4201=VERTEX_POINT('',#13783);
#4202=VERTEX_POINT('',#13785);
#4203=VERTEX_POINT('',#13787);
#4204=VERTEX_POINT('',#13789);
#4205=VERTEX_POINT('',#13791);
#4206=VERTEX_POINT('',#13794);
#4207=VERTEX_POINT('',#13796);
#4208=VERTEX_POINT('',#13799);
#4209=VERTEX_POINT('',#13800);
#4210=VERTEX_POINT('',#13802);
#4211=VERTEX_POINT('',#13804);
#4212=VERTEX_POINT('',#13807);
#4213=VERTEX_POINT('',#13808);
#4214=VERTEX_POINT('',#13810);
#4215=VERTEX_POINT('',#13812);
#4216=VERTEX_POINT('',#13816);
#4217=VERTEX_POINT('',#13820);
#4218=VERTEX_POINT('',#13824);
#4219=VERTEX_POINT('',#13826);
#4220=VERTEX_POINT('',#13830);
#4221=VERTEX_POINT('',#13832);
#4222=VERTEX_POINT('',#13836);
#4223=VERTEX_POINT('',#13838);
#4224=VERTEX_POINT('',#13842);
#4225=VERTEX_POINT('',#13844);
#4226=VERTEX_POINT('',#13848);
#4227=VERTEX_POINT('',#13850);
#4228=VERTEX_POINT('',#13854);
#4229=VERTEX_POINT('',#13856);
#4230=VERTEX_POINT('',#13860);
#4231=VERTEX_POINT('',#13862);
#4232=VERTEX_POINT('',#13866);
#4233=VERTEX_POINT('',#13868);
#4234=VERTEX_POINT('',#13872);
#4235=VERTEX_POINT('',#13874);
#4236=VERTEX_POINT('',#13878);
#4237=VERTEX_POINT('',#13880);
#4238=VERTEX_POINT('',#13884);
#4239=VERTEX_POINT('',#13886);
#4240=VERTEX_POINT('',#13890);
#4241=VERTEX_POINT('',#13892);
#4242=VERTEX_POINT('',#13896);
#4243=VERTEX_POINT('',#13897);
#4244=VERTEX_POINT('',#13899);
#4245=VERTEX_POINT('',#13903);
#4246=VERTEX_POINT('',#13904);
#4247=VERTEX_POINT('',#13906);
#4248=VERTEX_POINT('',#13908);
#4249=VERTEX_POINT('',#13912);
#4250=VERTEX_POINT('',#13913);
#4251=VERTEX_POINT('',#13915);
#4252=VERTEX_POINT('',#13917);
#4253=VERTEX_POINT('',#13921);
#4254=VERTEX_POINT('',#13922);
#4255=VERTEX_POINT('',#13924);
#4256=VERTEX_POINT('',#13926);
#4257=VERTEX_POINT('',#13930);
#4258=VERTEX_POINT('',#13931);
#4259=VERTEX_POINT('',#13933);
#4260=VERTEX_POINT('',#13935);
#4261=VERTEX_POINT('',#13939);
#4262=VERTEX_POINT('',#13940);
#4263=VERTEX_POINT('',#13942);
#4264=VERTEX_POINT('',#13944);
#4265=VERTEX_POINT('',#13948);
#4266=VERTEX_POINT('',#13949);
#4267=VERTEX_POINT('',#13954);
#4268=VERTEX_POINT('',#13965);
#4269=VERTEX_POINT('',#13967);
#4270=VERTEX_POINT('',#13969);
#4271=VERTEX_POINT('',#13971);
#4272=VERTEX_POINT('',#13976);
#4273=VERTEX_POINT('',#13980);
#4274=VERTEX_POINT('',#13981);
#4275=VERTEX_POINT('',#13983);
#4276=VERTEX_POINT('',#13985);
#4277=VERTEX_POINT('',#13989);
#4278=VERTEX_POINT('',#13990);
#4279=VERTEX_POINT('',#13992);
#4280=VERTEX_POINT('',#13994);
#4281=VERTEX_POINT('',#13998);
#4282=VERTEX_POINT('',#14005);
#4283=VERTEX_POINT('',#14011);
#4284=VERTEX_POINT('',#14013);
#4285=VERTEX_POINT('',#14015);
#4286=VERTEX_POINT('',#14017);
#4287=VERTEX_POINT('',#14019);
#4288=VERTEX_POINT('',#14021);
#4289=VERTEX_POINT('',#14023);
#4290=VERTEX_POINT('',#14026);
#4291=VERTEX_POINT('',#14030);
#4292=VERTEX_POINT('',#14036);
#4293=VERTEX_POINT('',#14039);
#4294=VERTEX_POINT('',#14040);
#4295=VERTEX_POINT('',#14042);
#4296=VERTEX_POINT('',#14044);
#4297=VERTEX_POINT('',#14050);
#4298=VERTEX_POINT('',#14053);
#4299=VERTEX_POINT('',#14055);
#4300=VERTEX_POINT('',#14058);
#4301=VERTEX_POINT('',#14059);
#4302=VERTEX_POINT('',#14061);
#4303=VERTEX_POINT('',#14063);
#4304=VERTEX_POINT('',#14067);
#4305=VERTEX_POINT('',#14075);
#4306=VERTEX_POINT('',#14083);
#4307=VERTEX_POINT('',#14089);
#4308=VERTEX_POINT('',#14091);
#4309=VERTEX_POINT('',#14093);
#4310=VERTEX_POINT('',#14095);
#4311=VERTEX_POINT('',#14101);
#4312=VERTEX_POINT('',#14103);
#4313=VERTEX_POINT('',#14105);
#4314=VERTEX_POINT('',#14110);
#4315=VERTEX_POINT('',#14114);
#4316=VERTEX_POINT('',#14124);
#4317=VERTEX_POINT('',#14126);
#4318=VERTEX_POINT('',#14144);
#4319=VERTEX_POINT('',#14146);
#4320=VERTEX_POINT('',#14148);
#4321=VERTEX_POINT('',#14150);
#4322=VERTEX_POINT('',#14153);
#4323=VERTEX_POINT('',#14156);
#4324=VERTEX_POINT('',#14157);
#4325=VERTEX_POINT('',#14159);
#4326=VERTEX_POINT('',#14161);
#4327=VERTEX_POINT('',#14167);
#4328=VERTEX_POINT('',#14169);
#4329=VERTEX_POINT('',#14171);
#4330=VERTEX_POINT('',#14173);
#4331=VERTEX_POINT('',#14175);
#4332=VERTEX_POINT('',#14177);
#4333=VERTEX_POINT('',#14179);
#4334=VERTEX_POINT('',#14181);
#4335=VERTEX_POINT('',#14186);
#4336=VERTEX_POINT('',#14192);
#4337=VERTEX_POINT('',#14194);
#4338=VERTEX_POINT('',#14199);
#4339=VERTEX_POINT('',#14207);
#4340=VERTEX_POINT('',#14210);
#4341=VERTEX_POINT('',#14211);
#4342=VERTEX_POINT('',#14213);
#4343=VERTEX_POINT('',#14215);
#4344=VERTEX_POINT('',#14218);
#4345=VERTEX_POINT('',#14219);
#4346=VERTEX_POINT('',#14221);
#4347=VERTEX_POINT('',#14223);
#4348=VERTEX_POINT('',#14230);
#4349=VERTEX_POINT('',#14232);
#4350=VERTEX_POINT('',#14234);
#4351=VERTEX_POINT('',#14237);
#4352=VERTEX_POINT('',#14264);
#4353=VERTEX_POINT('',#14266);
#4354=VERTEX_POINT('',#14271);
#4355=VERTEX_POINT('',#14274);
#4356=VERTEX_POINT('',#14277);
#4357=VERTEX_POINT('',#14278);
#4358=VERTEX_POINT('',#14280);
#4359=VERTEX_POINT('',#14282);
#4360=VERTEX_POINT('',#14285);
#4361=VERTEX_POINT('',#14286);
#4362=VERTEX_POINT('',#14288);
#4363=VERTEX_POINT('',#14290);
#4364=VERTEX_POINT('',#14310);
#4365=VERTEX_POINT('',#14328);
#4366=VERTEX_POINT('',#14329);
#4367=VERTEX_POINT('',#14331);
#4368=VERTEX_POINT('',#14333);
#4369=VERTEX_POINT('',#14336);
#4370=VERTEX_POINT('',#14337);
#4371=VERTEX_POINT('',#14339);
#4372=VERTEX_POINT('',#14341);
#4373=VERTEX_POINT('',#14345);
#4374=VERTEX_POINT('',#14347);
#4375=VERTEX_POINT('',#14349);
#4376=VERTEX_POINT('',#14351);
#4377=VERTEX_POINT('',#14355);
#4378=VERTEX_POINT('',#14358);
#4379=VERTEX_POINT('',#14359);
#4380=VERTEX_POINT('',#14361);
#4381=VERTEX_POINT('',#14363);
#4382=VERTEX_POINT('',#14367);
#4383=VERTEX_POINT('',#14370);
#4384=VERTEX_POINT('',#14371);
#4385=VERTEX_POINT('',#14373);
#4386=VERTEX_POINT('',#14375);
#4387=VERTEX_POINT('',#14379);
#4388=VERTEX_POINT('',#14381);
#4389=VERTEX_POINT('',#14384);
#4390=VERTEX_POINT('',#14385);
#4391=VERTEX_POINT('',#14387);
#4392=VERTEX_POINT('',#14389);
#4393=VERTEX_POINT('',#14396);
#4394=VERTEX_POINT('',#14400);
#4395=EDGE_CURVE('',#3609,#3610,#1157,.T.);
#4396=EDGE_CURVE('',#3609,#3611,#1158,.T.);
#4397=EDGE_CURVE('',#3612,#3611,#1159,.T.);
#4398=EDGE_CURVE('',#3610,#3612,#1160,.T.);
#4399=EDGE_CURVE('',#3613,#3609,#1161,.T.);
#4400=EDGE_CURVE('',#3614,#3613,#1162,.T.);
#4401=EDGE_CURVE('',#3611,#3614,#1163,.T.);
#4402=EDGE_CURVE('',#3615,#3616,#1164,.T.);
#4403=EDGE_CURVE('',#3615,#3617,#1165,.T.);
#4404=EDGE_CURVE('',#3618,#3617,#1166,.T.);
#4405=EDGE_CURVE('',#3616,#3618,#1167,.T.);
#4406=EDGE_CURVE('',#3619,#3615,#1168,.T.);
#4407=EDGE_CURVE('',#3620,#3619,#1169,.T.);
#4408=EDGE_CURVE('',#3617,#3620,#1170,.T.);
#4409=EDGE_CURVE('',#3621,#3612,#1171,.T.);
#4410=EDGE_CURVE('',#3621,#3622,#1172,.T.);
#4411=EDGE_CURVE('',#3610,#3622,#1173,.T.);
#4412=EDGE_CURVE('',#3623,#3614,#1174,.T.);
#4413=EDGE_CURVE('',#3623,#3624,#1175,.T.);
#4414=EDGE_CURVE('',#3624,#3625,#1176,.T.);
#4415=EDGE_CURVE('',#3625,#3626,#1177,.T.);
#4416=EDGE_CURVE('',#3627,#3626,#1178,.T.);
#4417=EDGE_CURVE('',#3627,#3628,#1179,.T.);
#4418=EDGE_CURVE('',#3628,#3629,#1180,.T.);
#4419=EDGE_CURVE('',#3629,#3630,#1181,.T.);
#4420=EDGE_CURVE('',#3631,#3630,#1182,.T.);
#4421=EDGE_CURVE('',#3631,#3632,#1183,.T.);
#4422=EDGE_CURVE('',#3633,#3632,#1184,.T.);
#4423=EDGE_CURVE('',#3633,#3634,#1185,.T.);
#4424=EDGE_CURVE('',#3635,#3634,#1186,.T.);
#4425=EDGE_CURVE('',#3636,#3635,#1187,.T.);
#4426=EDGE_CURVE('',#3637,#3636,#1188,.T.);
#4427=EDGE_CURVE('',#3637,#3638,#1189,.T.);
#4428=EDGE_CURVE('',#3638,#3639,#1190,.T.);
#4429=EDGE_CURVE('',#3639,#3640,#1191,.T.);
#4430=EDGE_CURVE('',#3640,#3641,#1192,.T.);
#4431=EDGE_CURVE('',#3642,#3641,#1193,.T.);
#4432=EDGE_CURVE('',#3642,#3643,#1194,.T.);
#4433=EDGE_CURVE('',#3643,#3644,#1195,.T.);
#4434=EDGE_CURVE('',#3644,#3645,#1196,.T.);
#4435=EDGE_CURVE('',#3618,#3645,#1197,.T.);
#4436=EDGE_CURVE('',#3620,#3646,#1198,.T.);
#4437=EDGE_CURVE('',#3646,#3647,#1199,.T.);
#4438=EDGE_CURVE('',#3647,#3648,#1200,.T.);
#4439=EDGE_CURVE('',#3648,#3621,#1201,.T.);
#4440=EDGE_CURVE('',#3649,#3650,#1202,.T.);
#4441=EDGE_CURVE('',#3649,#3628,#1203,.T.);
#4442=EDGE_CURVE('',#3650,#3627,#1204,.T.);
#4443=EDGE_CURVE('',#3651,#3649,#1205,.T.);
#4444=EDGE_CURVE('',#3651,#3629,#1206,.T.);
#4445=EDGE_CURVE('',#3652,#3651,#1207,.T.);
#4446=EDGE_CURVE('',#3630,#3652,#1208,.T.);
#4447=EDGE_CURVE('',#3653,#3654,#1209,.T.);
#4448=EDGE_CURVE('',#3653,#3638,#1210,.T.);
#4449=EDGE_CURVE('',#3654,#3637,#1211,.T.);
#4450=EDGE_CURVE('',#3655,#3653,#1212,.T.);
#4451=EDGE_CURVE('',#3655,#3639,#1213,.T.);
#4452=EDGE_CURVE('',#3656,#3655,#1214,.T.);
#4453=EDGE_CURVE('',#3656,#3640,#1215,.T.);
#4454=EDGE_CURVE('',#3657,#3656,#1216,.T.);
#4455=EDGE_CURVE('',#3641,#3657,#1217,.T.);
#4456=EDGE_CURVE('',#3658,#3659,#1218,.T.);
#4457=EDGE_CURVE('',#3626,#3658,#1219,.T.);
#4458=EDGE_CURVE('',#3659,#3625,#1220,.T.);
#4459=EDGE_CURVE('',#3660,#3661,#1221,.T.);
#4460=EDGE_CURVE('',#3660,#3624,#1222,.T.);
#4461=EDGE_CURVE('',#3661,#3623,#1223,.T.);
#4462=EDGE_CURVE('',#3659,#3660,#1224,.T.);
#4463=EDGE_CURVE('',#3662,#3663,#1225,.T.);
#4464=EDGE_CURVE('',#3662,#3643,#1226,.T.);
#4465=EDGE_CURVE('',#3663,#3642,#1227,.T.);
#4466=EDGE_CURVE('',#3664,#3662,#1228,.T.);
#4467=EDGE_CURVE('',#3664,#3644,#1229,.T.);
#4468=EDGE_CURVE('',#3665,#3664,#1230,.T.);
#4469=EDGE_CURVE('',#3645,#3665,#1231,.T.);
#4470=EDGE_CURVE('',#3666,#3667,#1232,.T.);
#4471=EDGE_CURVE('',#3666,#3647,#1233,.T.);
#4472=EDGE_CURVE('',#3667,#3646,#1234,.T.);
#4473=EDGE_CURVE('',#3668,#3666,#1235,.T.);
#4474=EDGE_CURVE('',#3668,#3648,#1236,.T.);
#4475=EDGE_CURVE('',#3622,#3668,#1237,.T.);
#4476=EDGE_CURVE('',#3661,#3613,#1238,.T.);
#4477=EDGE_CURVE('',#3669,#3652,#1239,.T.);
#4478=EDGE_CURVE('',#3669,#3631,#1240,.T.);
#4479=EDGE_CURVE('',#3650,#3658,#1241,.T.);
#4480=EDGE_CURVE('',#3636,#3670,#1242,.T.);
#4481=EDGE_CURVE('',#3654,#3670,#1243,.T.);
#4482=EDGE_CURVE('',#3616,#3665,#1244,.T.);
#4483=EDGE_CURVE('',#3667,#3619,#1245,.T.);
#4484=EDGE_CURVE('',#3663,#3657,#1246,.T.);
#4485=EDGE_CURVE('',#3670,#3671,#1247,.T.);
#4486=EDGE_CURVE('',#3671,#3672,#1248,.T.);
#4487=EDGE_CURVE('',#3672,#3673,#1249,.T.);
#4488=EDGE_CURVE('',#3673,#3674,#1250,.T.);
#4489=EDGE_CURVE('',#3674,#3669,#1251,.T.);
#4490=EDGE_CURVE('',#3675,#3676,#1252,.T.);
#4491=EDGE_CURVE('',#3676,#3677,#1253,.T.);
#4492=EDGE_CURVE('',#3677,#3678,#1254,.T.);
#4493=EDGE_CURVE('',#3678,#3675,#1255,.T.);
#4494=EDGE_CURVE('',#3679,#3680,#1256,.T.);
#4495=EDGE_CURVE('',#3680,#3679,#73,.T.);
#4496=EDGE_CURVE('',#3681,#3682,#1257,.T.);
#4497=EDGE_CURVE('',#3682,#3683,#1258,.T.);
#4498=EDGE_CURVE('',#3683,#3684,#1259,.T.);
#4499=EDGE_CURVE('',#3684,#3685,#1260,.T.);
#4500=EDGE_CURVE('',#3685,#3686,#1261,.T.);
#4501=EDGE_CURVE('',#3686,#3687,#1262,.T.);
#4502=EDGE_CURVE('',#3687,#3688,#1263,.T.);
#4503=EDGE_CURVE('',#3688,#3681,#1264,.T.);
#4504=EDGE_CURVE('',#3689,#3690,#1265,.T.);
#4505=EDGE_CURVE('',#3690,#3691,#1266,.T.);
#4506=EDGE_CURVE('',#3691,#3692,#1267,.T.);
#4507=EDGE_CURVE('',#3692,#3693,#1268,.T.);
#4508=EDGE_CURVE('',#3693,#3694,#1269,.T.);
#4509=EDGE_CURVE('',#3694,#3695,#1270,.T.);
#4510=EDGE_CURVE('',#3695,#3696,#1271,.T.);
#4511=EDGE_CURVE('',#3696,#3689,#1272,.T.);
#4512=EDGE_CURVE('',#3697,#3698,#1273,.T.);
#4513=EDGE_CURVE('',#3698,#3699,#1274,.T.);
#4514=EDGE_CURVE('',#3699,#3700,#1275,.T.);
#4515=EDGE_CURVE('',#3700,#3701,#1276,.T.);
#4516=EDGE_CURVE('',#3701,#3702,#1277,.T.);
#4517=EDGE_CURVE('',#3702,#3703,#1278,.T.);
#4518=EDGE_CURVE('',#3703,#3704,#1279,.T.);
#4519=EDGE_CURVE('',#3704,#3697,#1280,.T.);
#4520=EDGE_CURVE('',#3705,#3706,#1281,.T.);
#4521=EDGE_CURVE('',#3706,#3707,#1282,.T.);
#4522=EDGE_CURVE('',#3707,#3708,#1283,.T.);
#4523=EDGE_CURVE('',#3708,#3709,#1284,.T.);
#4524=EDGE_CURVE('',#3709,#3710,#1285,.T.);
#4525=EDGE_CURVE('',#3710,#3711,#1286,.T.);
#4526=EDGE_CURVE('',#3711,#3712,#1287,.T.);
#4527=EDGE_CURVE('',#3712,#3705,#1288,.T.);
#4528=EDGE_CURVE('',#3706,#3681,#1289,.T.);
#4529=EDGE_CURVE('',#3688,#3707,#1290,.T.);
#4530=EDGE_CURVE('',#3682,#3705,#1291,.T.);
#4531=EDGE_CURVE('',#3698,#3696,#1292,.T.);
#4532=EDGE_CURVE('',#3689,#3697,#1293,.T.);
#4533=EDGE_CURVE('',#3695,#3713,#1294,.T.);
#4534=EDGE_CURVE('',#3714,#3713,#1295,.T.);
#4535=EDGE_CURVE('',#3714,#3699,#1296,.T.);
#4536=EDGE_CURVE('',#3692,#3715,#1297,.T.);
#4537=EDGE_CURVE('',#3716,#3715,#1298,.T.);
#4538=EDGE_CURVE('',#3693,#3716,#1299,.T.);
#4539=EDGE_CURVE('',#3717,#3716,#1300,.T.);
#4540=EDGE_CURVE('',#3694,#3717,#1301,.T.);
#4541=EDGE_CURVE('',#3713,#3717,#1302,.T.);
#4542=EDGE_CURVE('',#3714,#3718,#1303,.T.);
#4543=EDGE_CURVE('',#3715,#3719,#1304,.T.);
#4544=EDGE_CURVE('',#3720,#3719,#1305,.T.);
#4545=EDGE_CURVE('',#3718,#3720,#1306,.T.);
#4546=EDGE_CURVE('',#3718,#3700,#1307,.T.);
#4547=EDGE_CURVE('',#3720,#3701,#1308,.T.);
#4548=EDGE_CURVE('',#3683,#3721,#1309,.T.);
#4549=EDGE_CURVE('',#3722,#3721,#1310,.T.);
#4550=EDGE_CURVE('',#3684,#3722,#1311,.T.);
#4551=EDGE_CURVE('',#3723,#3722,#1312,.T.);
#4552=EDGE_CURVE('',#3685,#3723,#1313,.T.);
#4553=EDGE_CURVE('',#3724,#3723,#1314,.T.);
#4554=EDGE_CURVE('',#3686,#3724,#1315,.T.);
#4555=EDGE_CURVE('',#3725,#3726,#1316,.T.);
#4556=EDGE_CURVE('',#3725,#3724,#1317,.T.);
#4557=EDGE_CURVE('',#3721,#3727,#1318,.T.);
#4558=EDGE_CURVE('',#3728,#3727,#1319,.T.);
#4559=EDGE_CURVE('',#3726,#3728,#1320,.T.);
#4560=EDGE_CURVE('',#3690,#3704,#1321,.T.);
#4561=EDGE_CURVE('',#3691,#3703,#1322,.T.);
#4562=EDGE_CURVE('',#3719,#3702,#1323,.T.);
#4563=EDGE_CURVE('',#3726,#3710,#1324,.T.);
#4564=EDGE_CURVE('',#3725,#3709,#1325,.T.);
#4565=EDGE_CURVE('',#3687,#3708,#1326,.T.);
#4566=EDGE_CURVE('',#3727,#3712,#1327,.T.);
#4567=EDGE_CURVE('',#3728,#3711,#1328,.T.);
#4568=EDGE_CURVE('',#3729,#3729,#74,.T.);
#4569=EDGE_CURVE('',#3729,#3730,#1329,.T.);
#4570=EDGE_CURVE('',#3730,#3730,#75,.T.);
#4571=EDGE_CURVE('',#3679,#3731,#1330,.T.);
#4572=EDGE_CURVE('',#3732,#3731,#1331,.T.);
#4573=EDGE_CURVE('',#3680,#3732,#1332,.T.);
#4574=EDGE_CURVE('',#3731,#3732,#76,.T.);
#4575=EDGE_CURVE('',#3678,#3733,#1333,.T.);
#4576=EDGE_CURVE('',#3675,#3733,#1334,.T.);
#4577=EDGE_CURVE('',#3734,#3677,#1335,.T.);
#4578=EDGE_CURVE('',#3733,#3734,#1336,.T.);
#4579=EDGE_CURVE('',#3634,#3672,#1337,.T.);
#4580=EDGE_CURVE('',#3673,#3633,#1338,.T.);
#4581=EDGE_CURVE('',#3671,#3635,#1339,.T.);
#4582=EDGE_CURVE('',#3676,#3734,#1340,.T.);
#4583=EDGE_CURVE('',#3632,#3674,#1341,.T.);
#4584=EDGE_CURVE('',#3735,#3736,#1342,.T.);
#4585=EDGE_CURVE('',#3736,#3737,#1343,.T.);
#4586=EDGE_CURVE('',#3737,#3738,#1344,.T.);
#4587=EDGE_CURVE('',#3738,#3735,#1345,.T.);
#4588=EDGE_CURVE('',#3739,#3740,#1346,.T.);
#4589=EDGE_CURVE('',#3740,#3741,#1347,.T.);
#4590=EDGE_CURVE('',#3741,#3742,#1348,.T.);
#4591=EDGE_CURVE('',#3742,#3739,#1349,.T.);
#4592=EDGE_CURVE('',#3743,#3744,#1350,.T.);
#4593=EDGE_CURVE('',#3744,#3745,#1351,.T.);
#4594=EDGE_CURVE('',#3745,#3746,#1352,.T.);
#4595=EDGE_CURVE('',#3746,#3743,#1353,.T.);
#4596=EDGE_CURVE('',#3747,#3748,#1354,.T.);
#4597=EDGE_CURVE('',#3748,#3749,#77,.T.);
#4598=EDGE_CURVE('',#3747,#3749,#1355,.T.);
#4599=EDGE_CURVE('',#3750,#3751,#1356,.T.);
#4600=EDGE_CURVE('',#3752,#3750,#1357,.T.);
#4601=EDGE_CURVE('',#3751,#3752,#78,.T.);
#4602=EDGE_CURVE('',#3748,#3751,#1358,.F.);
#4603=EDGE_CURVE('',#3749,#3752,#1359,.T.);
#4604=EDGE_CURVE('',#3747,#3750,#1360,.T.);
#4605=EDGE_CURVE('',#3737,#3750,#1361,.T.);
#4606=EDGE_CURVE('',#3753,#3736,#1362,.T.);
#4607=EDGE_CURVE('',#3754,#3753,#1363,.T.);
#4608=EDGE_CURVE('',#3754,#3755,#1364,.T.);
#4609=EDGE_CURVE('',#3755,#3756,#1365,.T.);
#4610=EDGE_CURVE('',#3757,#3756,#1366,.T.);
#4611=EDGE_CURVE('',#3757,#3758,#1367,.T.);
#4612=EDGE_CURVE('',#3759,#3758,#1368,.T.);
#4613=EDGE_CURVE('',#3759,#3760,#1369,.T.);
#4614=EDGE_CURVE('',#3761,#3760,#1370,.T.);
#4615=EDGE_CURVE('',#3761,#3762,#1371,.T.);
#4616=EDGE_CURVE('',#3763,#3762,#1372,.T.);
#4617=EDGE_CURVE('',#3763,#3764,#1373,.T.);
#4618=EDGE_CURVE('',#3765,#3764,#1374,.T.);
#4619=EDGE_CURVE('',#3765,#3766,#1375,.T.);
#4620=EDGE_CURVE('',#3747,#3766,#1376,.T.);
#4621=EDGE_CURVE('',#3759,#3767,#1377,.T.);
#4622=EDGE_CURVE('',#3767,#3768,#79,.T.);
#4623=EDGE_CURVE('',#3759,#3768,#1378,.T.);
#4624=EDGE_CURVE('',#3760,#3769,#1379,.T.);
#4625=EDGE_CURVE('',#3770,#3760,#1380,.T.);
#4626=EDGE_CURVE('',#3769,#3770,#80,.T.);
#4627=EDGE_CURVE('',#3767,#3769,#1381,.F.);
#4628=EDGE_CURVE('',#3768,#3770,#1382,.T.);
#4629=EDGE_CURVE('',#3757,#3771,#1383,.T.);
#4630=EDGE_CURVE('',#3771,#3772,#81,.T.);
#4631=EDGE_CURVE('',#3757,#3772,#1384,.T.);
#4632=EDGE_CURVE('',#3758,#3773,#1385,.T.);
#4633=EDGE_CURVE('',#3774,#3758,#1386,.T.);
#4634=EDGE_CURVE('',#3773,#3774,#82,.T.);
#4635=EDGE_CURVE('',#3771,#3773,#1387,.F.);
#4636=EDGE_CURVE('',#3772,#3774,#1388,.T.);
#4637=EDGE_CURVE('',#3765,#3775,#1389,.T.);
#4638=EDGE_CURVE('',#3775,#3776,#83,.T.);
#4639=EDGE_CURVE('',#3765,#3776,#1390,.T.);
#4640=EDGE_CURVE('',#3766,#3777,#1391,.T.);
#4641=EDGE_CURVE('',#3778,#3766,#1392,.T.);
#4642=EDGE_CURVE('',#3777,#3778,#84,.T.);
#4643=EDGE_CURVE('',#3775,#3777,#1393,.F.);
#4644=EDGE_CURVE('',#3776,#3778,#1394,.T.);
#4645=EDGE_CURVE('',#3761,#3779,#1395,.T.);
#4646=EDGE_CURVE('',#3779,#3780,#85,.T.);
#4647=EDGE_CURVE('',#3761,#3780,#1396,.T.);
#4648=EDGE_CURVE('',#3762,#3781,#1397,.T.);
#4649=EDGE_CURVE('',#3782,#3762,#1398,.T.);
#4650=EDGE_CURVE('',#3781,#3782,#86,.T.);
#4651=EDGE_CURVE('',#3779,#3781,#1399,.F.);
#4652=EDGE_CURVE('',#3780,#3782,#1400,.T.);
#4653=EDGE_CURVE('',#3755,#3783,#1401,.T.);
#4654=EDGE_CURVE('',#3783,#3784,#87,.T.);
#4655=EDGE_CURVE('',#3755,#3784,#1402,.T.);
#4656=EDGE_CURVE('',#3756,#3785,#1403,.T.);
#4657=EDGE_CURVE('',#3786,#3756,#1404,.T.);
#4658=EDGE_CURVE('',#3785,#3786,#88,.T.);
#4659=EDGE_CURVE('',#3783,#3785,#1405,.F.);
#4660=EDGE_CURVE('',#3784,#3786,#1406,.T.);
#4661=EDGE_CURVE('',#3763,#3787,#1407,.T.);
#4662=EDGE_CURVE('',#3787,#3788,#89,.T.);
#4663=EDGE_CURVE('',#3763,#3788,#1408,.T.);
#4664=EDGE_CURVE('',#3764,#3789,#1409,.T.);
#4665=EDGE_CURVE('',#3790,#3764,#1410,.T.);
#4666=EDGE_CURVE('',#3789,#3790,#90,.T.);
#4667=EDGE_CURVE('',#3787,#3789,#1411,.F.);
#4668=EDGE_CURVE('',#3788,#3790,#1412,.T.);
#4669=EDGE_CURVE('',#3791,#3792,#1413,.T.);
#4670=EDGE_CURVE('',#3793,#3792,#1414,.T.);
#4671=EDGE_CURVE('',#3791,#3793,#91,.T.);
#4672=EDGE_CURVE('',#3794,#3791,#1415,.F.);
#4673=EDGE_CURVE('',#3795,#3793,#1416,.T.);
#4674=EDGE_CURVE('',#3794,#3795,#92,.T.);
#4675=EDGE_CURVE('',#3796,#3794,#1417,.T.);
#4676=EDGE_CURVE('',#3796,#3795,#1418,.T.);
#4677=EDGE_CURVE('',#3796,#3792,#1419,.T.);
#4678=EDGE_CURVE('',#3792,#3797,#1420,.T.);
#4679=EDGE_CURVE('',#3797,#3798,#1421,.T.);
#4680=EDGE_CURVE('',#3798,#3799,#1422,.T.);
#4681=EDGE_CURVE('',#3799,#3800,#1423,.T.);
#4682=EDGE_CURVE('',#3800,#3801,#1424,.T.);
#4683=EDGE_CURVE('',#3801,#3802,#1425,.T.);
#4684=EDGE_CURVE('',#3802,#3803,#1426,.T.);
#4685=EDGE_CURVE('',#3803,#3804,#1427,.T.);
#4686=EDGE_CURVE('',#3804,#3805,#1428,.T.);
#4687=EDGE_CURVE('',#3805,#3806,#1429,.T.);
#4688=EDGE_CURVE('',#3806,#3807,#1430,.T.);
#4689=EDGE_CURVE('',#3807,#3808,#1431,.T.);
#4690=EDGE_CURVE('',#3808,#3809,#1432,.T.);
#4691=EDGE_CURVE('',#3809,#3810,#1433,.T.);
#4692=EDGE_CURVE('',#3810,#3742,#1434,.T.);
#4693=EDGE_CURVE('',#3796,#3741,#1435,.T.);
#4694=EDGE_CURVE('',#3811,#3804,#1436,.T.);
#4695=EDGE_CURVE('',#3812,#3804,#1437,.T.);
#4696=EDGE_CURVE('',#3811,#3812,#93,.T.);
#4697=EDGE_CURVE('',#3813,#3811,#1438,.F.);
#4698=EDGE_CURVE('',#3814,#3812,#1439,.T.);
#4699=EDGE_CURVE('',#3813,#3814,#94,.T.);
#4700=EDGE_CURVE('',#3803,#3813,#1440,.T.);
#4701=EDGE_CURVE('',#3803,#3814,#1441,.T.);
#4702=EDGE_CURVE('',#3815,#3806,#1442,.T.);
#4703=EDGE_CURVE('',#3816,#3806,#1443,.T.);
#4704=EDGE_CURVE('',#3815,#3816,#95,.T.);
#4705=EDGE_CURVE('',#3817,#3815,#1444,.F.);
#4706=EDGE_CURVE('',#3818,#3816,#1445,.T.);
#4707=EDGE_CURVE('',#3817,#3818,#96,.T.);
#4708=EDGE_CURVE('',#3805,#3817,#1446,.T.);
#4709=EDGE_CURVE('',#3805,#3818,#1447,.T.);
#4710=EDGE_CURVE('',#3819,#3798,#1448,.T.);
#4711=EDGE_CURVE('',#3820,#3798,#1449,.T.);
#4712=EDGE_CURVE('',#3819,#3820,#97,.T.);
#4713=EDGE_CURVE('',#3821,#3819,#1450,.F.);
#4714=EDGE_CURVE('',#3822,#3820,#1451,.T.);
#4715=EDGE_CURVE('',#3821,#3822,#98,.T.);
#4716=EDGE_CURVE('',#3797,#3821,#1452,.T.);
#4717=EDGE_CURVE('',#3797,#3822,#1453,.T.);
#4718=EDGE_CURVE('',#3823,#3802,#1454,.T.);
#4719=EDGE_CURVE('',#3824,#3802,#1455,.T.);
#4720=EDGE_CURVE('',#3823,#3824,#99,.T.);
#4721=EDGE_CURVE('',#3825,#3823,#1456,.F.);
#4722=EDGE_CURVE('',#3826,#3824,#1457,.T.);
#4723=EDGE_CURVE('',#3825,#3826,#100,.T.);
#4724=EDGE_CURVE('',#3801,#3825,#1458,.T.);
#4725=EDGE_CURVE('',#3801,#3826,#1459,.T.);
#4726=EDGE_CURVE('',#3827,#3808,#1460,.T.);
#4727=EDGE_CURVE('',#3828,#3808,#1461,.T.);
#4728=EDGE_CURVE('',#3827,#3828,#101,.T.);
#4729=EDGE_CURVE('',#3829,#3827,#1462,.F.);
#4730=EDGE_CURVE('',#3830,#3828,#1463,.T.);
#4731=EDGE_CURVE('',#3829,#3830,#102,.T.);
#4732=EDGE_CURVE('',#3807,#3829,#1464,.T.);
#4733=EDGE_CURVE('',#3807,#3830,#1465,.T.);
#4734=EDGE_CURVE('',#3831,#3800,#1466,.T.);
#4735=EDGE_CURVE('',#3832,#3800,#1467,.T.);
#4736=EDGE_CURVE('',#3831,#3832,#103,.T.);
#4737=EDGE_CURVE('',#3833,#3831,#1468,.F.);
#4738=EDGE_CURVE('',#3834,#3832,#1469,.T.);
#4739=EDGE_CURVE('',#3833,#3834,#104,.T.);
#4740=EDGE_CURVE('',#3799,#3833,#1470,.T.);
#4741=EDGE_CURVE('',#3799,#3834,#1471,.T.);
#4742=EDGE_CURVE('',#3835,#3836,#1472,.T.);
#4743=EDGE_CURVE('',#3837,#3835,#1473,.T.);
#4744=EDGE_CURVE('',#3838,#3837,#1474,.T.);
#4745=EDGE_CURVE('',#3836,#3838,#1475,.T.);
#4746=EDGE_CURVE('',#3839,#3840,#1476,.T.);
#4747=EDGE_CURVE('',#3841,#3839,#1477,.T.);
#4748=EDGE_CURVE('',#3842,#3841,#1478,.T.);
#4749=EDGE_CURVE('',#3840,#3842,#1479,.T.);
#4750=EDGE_CURVE('',#3843,#3844,#1480,.T.);
#4751=EDGE_CURVE('',#3845,#3843,#1481,.T.);
#4752=EDGE_CURVE('',#3846,#3845,#1482,.T.);
#4753=EDGE_CURVE('',#3844,#3846,#1483,.T.);
#4754=EDGE_CURVE('',#3847,#3848,#1484,.T.);
#4755=EDGE_CURVE('',#3849,#3847,#1485,.T.);
#4756=EDGE_CURVE('',#3850,#3849,#1486,.T.);
#4757=EDGE_CURVE('',#3848,#3850,#1487,.T.);
#4758=EDGE_CURVE('',#3851,#3852,#1488,.T.);
#4759=EDGE_CURVE('',#3853,#3851,#1489,.T.);
#4760=EDGE_CURVE('',#3854,#3853,#1490,.T.);
#4761=EDGE_CURVE('',#3852,#3854,#1491,.T.);
#4762=EDGE_CURVE('',#3855,#3856,#1492,.T.);
#4763=EDGE_CURVE('',#3857,#3855,#1493,.T.);
#4764=EDGE_CURVE('',#3858,#3857,#1494,.T.);
#4765=EDGE_CURVE('',#3856,#3858,#1495,.T.);
#4766=EDGE_CURVE('',#3859,#3860,#1496,.T.);
#4767=EDGE_CURVE('',#3861,#3859,#1497,.T.);
#4768=EDGE_CURVE('',#3862,#3861,#1498,.T.);
#4769=EDGE_CURVE('',#3860,#3862,#1499,.T.);
#4770=EDGE_CURVE('',#3860,#3863,#1500,.F.);
#4771=EDGE_CURVE('',#3863,#3864,#1501,.T.);
#4772=EDGE_CURVE('',#3864,#3865,#1502,.T.);
#4773=EDGE_CURVE('',#3865,#3808,#1503,.T.);
#4774=EDGE_CURVE('',#3783,#3827,#1504,.T.);
#4775=EDGE_CURVE('',#3755,#3866,#1505,.T.);
#4776=EDGE_CURVE('',#3866,#3859,#1506,.T.);
#4777=EDGE_CURVE('',#3867,#3868,#1507,.T.);
#4778=EDGE_CURVE('',#3869,#3867,#1508,.T.);
#4779=EDGE_CURVE('',#3870,#3869,#1509,.T.);
#4780=EDGE_CURVE('',#3868,#3870,#1510,.T.);
#4781=EDGE_CURVE('',#3862,#3871,#1511,.T.);
#4782=EDGE_CURVE('',#3871,#3863,#1512,.F.);
#4783=EDGE_CURVE('',#3861,#3872,#1513,.T.);
#4784=EDGE_CURVE('',#3872,#3756,#1514,.T.);
#4785=EDGE_CURVE('',#3785,#3829,#1515,.F.);
#4786=EDGE_CURVE('',#3807,#3873,#1516,.T.);
#4787=EDGE_CURVE('',#3873,#3874,#1517,.T.);
#4788=EDGE_CURVE('',#3874,#3871,#1518,.T.);
#4789=EDGE_CURVE('',#3875,#3876,#1519,.T.);
#4790=EDGE_CURVE('',#3877,#3875,#1520,.T.);
#4791=EDGE_CURVE('',#3878,#3877,#1521,.T.);
#4792=EDGE_CURVE('',#3876,#3878,#1522,.T.);
#4793=EDGE_CURVE('',#3856,#3879,#1523,.T.);
#4794=EDGE_CURVE('',#3879,#3880,#1524,.T.);
#4795=EDGE_CURVE('',#3880,#3881,#1525,.T.);
#4796=EDGE_CURVE('',#3881,#3806,#1526,.T.);
#4797=EDGE_CURVE('',#3771,#3815,#1527,.T.);
#4798=EDGE_CURVE('',#3757,#3882,#1528,.T.);
#4799=EDGE_CURVE('',#3882,#3855,#1529,.T.);
#4800=EDGE_CURVE('',#3883,#3884,#1530,.T.);
#4801=EDGE_CURVE('',#3885,#3883,#1531,.T.);
#4802=EDGE_CURVE('',#3886,#3885,#1532,.T.);
#4803=EDGE_CURVE('',#3884,#3886,#1533,.T.);
#4804=EDGE_CURVE('',#3858,#3887,#1534,.T.);
#4805=EDGE_CURVE('',#3887,#3879,#1535,.T.);
#4806=EDGE_CURVE('',#3857,#3888,#1536,.T.);
#4807=EDGE_CURVE('',#3888,#3758,#1537,.T.);
#4808=EDGE_CURVE('',#3773,#3817,#1538,.F.);
#4809=EDGE_CURVE('',#3805,#3889,#1539,.T.);
#4810=EDGE_CURVE('',#3889,#3890,#1540,.T.);
#4811=EDGE_CURVE('',#3890,#3887,#1541,.T.);
#4812=EDGE_CURVE('',#3891,#3892,#1542,.T.);
#4813=EDGE_CURVE('',#3893,#3891,#1543,.T.);
#4814=EDGE_CURVE('',#3894,#3893,#1544,.T.);
#4815=EDGE_CURVE('',#3892,#3894,#1545,.T.);
#4816=EDGE_CURVE('',#3852,#3895,#1546,.T.);
#4817=EDGE_CURVE('',#3895,#3896,#1547,.T.);
#4818=EDGE_CURVE('',#3896,#3897,#1548,.T.);
#4819=EDGE_CURVE('',#3897,#3804,#1549,.T.);
#4820=EDGE_CURVE('',#3767,#3811,#1550,.T.);
#4821=EDGE_CURVE('',#3759,#3898,#1551,.T.);
#4822=EDGE_CURVE('',#3898,#3851,#1552,.T.);
#4823=EDGE_CURVE('',#3899,#3900,#1553,.T.);
#4824=EDGE_CURVE('',#3901,#3899,#1554,.T.);
#4825=EDGE_CURVE('',#3902,#3901,#1555,.T.);
#4826=EDGE_CURVE('',#3900,#3902,#1556,.T.);
#4827=EDGE_CURVE('',#3854,#3903,#1557,.T.);
#4828=EDGE_CURVE('',#3903,#3895,#1558,.T.);
#4829=EDGE_CURVE('',#3853,#3904,#1559,.T.);
#4830=EDGE_CURVE('',#3904,#3760,#1560,.T.);
#4831=EDGE_CURVE('',#3769,#3813,#1561,.F.);
#4832=EDGE_CURVE('',#3803,#3905,#1562,.T.);
#4833=EDGE_CURVE('',#3905,#3906,#1563,.T.);
#4834=EDGE_CURVE('',#3906,#3903,#1564,.T.);
#4835=EDGE_CURVE('',#3907,#3908,#1565,.T.);
#4836=EDGE_CURVE('',#3909,#3907,#1566,.T.);
#4837=EDGE_CURVE('',#3910,#3909,#1567,.T.);
#4838=EDGE_CURVE('',#3908,#3910,#1568,.T.);
#4839=EDGE_CURVE('',#3848,#3911,#1569,.T.);
#4840=EDGE_CURVE('',#3911,#3912,#1570,.T.);
#4841=EDGE_CURVE('',#3912,#3913,#1571,.T.);
#4842=EDGE_CURVE('',#3913,#3802,#1572,.T.);
#4843=EDGE_CURVE('',#3779,#3823,#1573,.T.);
#4844=EDGE_CURVE('',#3761,#3914,#1574,.T.);
#4845=EDGE_CURVE('',#3914,#3847,#1575,.T.);
#4846=EDGE_CURVE('',#3915,#3916,#1576,.T.);
#4847=EDGE_CURVE('',#3917,#3915,#1577,.T.);
#4848=EDGE_CURVE('',#3918,#3917,#1578,.T.);
#4849=EDGE_CURVE('',#3916,#3918,#1579,.T.);
#4850=EDGE_CURVE('',#3850,#3919,#1580,.T.);
#4851=EDGE_CURVE('',#3919,#3911,#1581,.T.);
#4852=EDGE_CURVE('',#3849,#3920,#1582,.T.);
#4853=EDGE_CURVE('',#3920,#3762,#1583,.T.);
#4854=EDGE_CURVE('',#3781,#3825,#1584,.F.);
#4855=EDGE_CURVE('',#3801,#3921,#1585,.T.);
#4856=EDGE_CURVE('',#3921,#3922,#1586,.T.);
#4857=EDGE_CURVE('',#3922,#3919,#1587,.T.);
#4858=EDGE_CURVE('',#3923,#3924,#1588,.T.);
#4859=EDGE_CURVE('',#3925,#3923,#1589,.T.);
#4860=EDGE_CURVE('',#3926,#3925,#1590,.T.);
#4861=EDGE_CURVE('',#3924,#3926,#1591,.T.);
#4862=EDGE_CURVE('',#3844,#3927,#1592,.T.);
#4863=EDGE_CURVE('',#3927,#3928,#1593,.T.);
#4864=EDGE_CURVE('',#3928,#3929,#1594,.T.);
#4865=EDGE_CURVE('',#3929,#3800,#1595,.T.);
#4866=EDGE_CURVE('',#3787,#3831,#1596,.T.);
#4867=EDGE_CURVE('',#3763,#3930,#1597,.T.);
#4868=EDGE_CURVE('',#3930,#3843,#1598,.T.);
#4869=EDGE_CURVE('',#3931,#3932,#1599,.T.);
#4870=EDGE_CURVE('',#3933,#3931,#1600,.T.);
#4871=EDGE_CURVE('',#3934,#3933,#1601,.T.);
#4872=EDGE_CURVE('',#3932,#3934,#1602,.T.);
#4873=EDGE_CURVE('',#3846,#3935,#1603,.T.);
#4874=EDGE_CURVE('',#3935,#3927,#1604,.T.);
#4875=EDGE_CURVE('',#3845,#3936,#1605,.T.);
#4876=EDGE_CURVE('',#3936,#3764,#1606,.T.);
#4877=EDGE_CURVE('',#3789,#3833,#1607,.F.);
#4878=EDGE_CURVE('',#3799,#3937,#1608,.T.);
#4879=EDGE_CURVE('',#3937,#3938,#1609,.T.);
#4880=EDGE_CURVE('',#3938,#3935,#1610,.T.);
#4881=EDGE_CURVE('',#3939,#3940,#1611,.T.);
#4882=EDGE_CURVE('',#3941,#3939,#1612,.T.);
#4883=EDGE_CURVE('',#3942,#3941,#1613,.T.);
#4884=EDGE_CURVE('',#3940,#3942,#1614,.T.);
#4885=EDGE_CURVE('',#3842,#3943,#1615,.T.);
#4886=EDGE_CURVE('',#3943,#3944,#1616,.T.);
#4887=EDGE_CURVE('',#3840,#3944,#1617,.T.);
#4888=EDGE_CURVE('',#3841,#3945,#1618,.T.);
#4889=EDGE_CURVE('',#3945,#3766,#1619,.T.);
#4890=EDGE_CURVE('',#3777,#3821,#1620,.F.);
#4891=EDGE_CURVE('',#3797,#3946,#1621,.T.);
#4892=EDGE_CURVE('',#3946,#3947,#1622,.T.);
#4893=EDGE_CURVE('',#3947,#3943,#1623,.T.);
#4894=EDGE_CURVE('',#3948,#3949,#1624,.T.);
#4895=EDGE_CURVE('',#3950,#3948,#1625,.T.);
#4896=EDGE_CURVE('',#3951,#3950,#1626,.T.);
#4897=EDGE_CURVE('',#3949,#3951,#1627,.T.);
#4898=EDGE_CURVE('',#3835,#3952,#1628,.T.);
#4899=EDGE_CURVE('',#3952,#3953,#1629,.T.);
#4900=EDGE_CURVE('',#3837,#3953,#1630,.T.);
#4901=EDGE_CURVE('',#3954,#3955,#1631,.T.);
#4902=EDGE_CURVE('',#3954,#3956,#1632,.T.);
#4903=EDGE_CURVE('',#3957,#3956,#1633,.T.);
#4904=EDGE_CURVE('',#3955,#3957,#1634,.T.);
#4905=EDGE_CURVE('',#3868,#3957,#1635,.T.);
#4906=EDGE_CURVE('',#3956,#3867,#1636,.T.);
#4907=EDGE_CURVE('',#3869,#3954,#1637,.T.);
#4908=EDGE_CURVE('',#3934,#3926,#1638,.T.);
#4909=EDGE_CURVE('',#3924,#3933,#1639,.T.);
#4910=EDGE_CURVE('',#3955,#3870,#1640,.T.);
#4911=EDGE_CURVE('',#3931,#3923,#1641,.T.);
#4912=EDGE_CURVE('',#3925,#3932,#1642,.T.);
#4913=EDGE_CURVE('',#3876,#3884,#1643,.T.);
#4914=EDGE_CURVE('',#3883,#3878,#1644,.T.);
#4915=EDGE_CURVE('',#3877,#3885,#1645,.T.);
#4916=EDGE_CURVE('',#3910,#3918,#1646,.T.);
#4917=EDGE_CURVE('',#3917,#3908,#1647,.T.);
#4918=EDGE_CURVE('',#3886,#3875,#1648,.T.);
#4919=EDGE_CURVE('',#3907,#3915,#1649,.T.);
#4920=EDGE_CURVE('',#3958,#3959,#1650,.T.);
#4921=EDGE_CURVE('',#3959,#3941,#1651,.T.);
#4922=EDGE_CURVE('',#3939,#3958,#1652,.T.);
#4923=EDGE_CURVE('',#3960,#3958,#1653,.T.);
#4924=EDGE_CURVE('',#3960,#3940,#1654,.T.);
#4925=EDGE_CURVE('',#3961,#3962,#1655,.T.);
#4926=EDGE_CURVE('',#3962,#3745,#1656,.T.);
#4927=EDGE_CURVE('',#3961,#3744,#1657,.T.);
#4928=EDGE_CURVE('',#3959,#3963,#1658,.T.);
#4929=EDGE_CURVE('',#3942,#3963,#1659,.T.);
#4930=EDGE_CURVE('',#3964,#3961,#1660,.T.);
#4931=EDGE_CURVE('',#3743,#3964,#1661,.T.);
#4932=EDGE_CURVE('',#3963,#3960,#1662,.T.);
#4933=EDGE_CURVE('',#3775,#3819,#1663,.T.);
#4934=EDGE_CURVE('',#3894,#3900,#1664,.T.);
#4935=EDGE_CURVE('',#3899,#3893,#1665,.T.);
#4936=EDGE_CURVE('',#3891,#3901,#1666,.T.);
#4937=EDGE_CURVE('',#3916,#3909,#1667,.T.);
#4938=EDGE_CURVE('',#3902,#3892,#1668,.T.);
#4939=EDGE_CURVE('',#3965,#3966,#1669,.T.);
#4940=EDGE_CURVE('',#3966,#3951,#1670,.T.);
#4941=EDGE_CURVE('',#3950,#3965,#1671,.T.);
#4942=EDGE_CURVE('',#3967,#3965,#1672,.T.);
#4943=EDGE_CURVE('',#3967,#3948,#1673,.T.);
#4944=EDGE_CURVE('',#3962,#3968,#1674,.T.);
#4945=EDGE_CURVE('',#3968,#3746,#1675,.T.);
#4946=EDGE_CURVE('',#3969,#3967,#1676,.T.);
#4947=EDGE_CURVE('',#3949,#3969,#1677,.T.);
#4948=EDGE_CURVE('',#3968,#3964,#1678,.T.);
#4949=EDGE_CURVE('',#3966,#3969,#1679,.T.);
#4950=EDGE_CURVE('',#3748,#3791,#1680,.T.);
#4951=EDGE_CURVE('',#3751,#3794,#1681,.F.);
#4952=EDGE_CURVE('',#3944,#3970,#1682,.T.);
#4953=EDGE_CURVE('',#3970,#3971,#1683,.T.);
#4954=EDGE_CURVE('',#3971,#3798,#1684,.T.);
#4955=EDGE_CURVE('',#3765,#3972,#1685,.T.);
#4956=EDGE_CURVE('',#3972,#3839,#1686,.T.);
#4957=EDGE_CURVE('',#3973,#3792,#1687,.T.);
#4958=EDGE_CURVE('',#3946,#3973,#1688,.T.);
#4959=EDGE_CURVE('',#3974,#3975,#1689,.T.);
#4960=EDGE_CURVE('',#3974,#3810,#1690,.T.);
#4961=EDGE_CURVE('',#3975,#3809,#1691,.T.);
#4962=EDGE_CURVE('',#3864,#3974,#1692,.T.);
#4963=EDGE_CURVE('',#3874,#3864,#1693,.T.);
#4964=EDGE_CURVE('',#3880,#3874,#1694,.T.);
#4965=EDGE_CURVE('',#3890,#3880,#1695,.T.);
#4966=EDGE_CURVE('',#3896,#3890,#1696,.T.);
#4967=EDGE_CURVE('',#3906,#3896,#1697,.T.);
#4968=EDGE_CURVE('',#3912,#3906,#1698,.T.);
#4969=EDGE_CURVE('',#3922,#3912,#1699,.T.);
#4970=EDGE_CURVE('',#3928,#3922,#1700,.T.);
#4971=EDGE_CURVE('',#3938,#3928,#1701,.T.);
#4972=EDGE_CURVE('',#3970,#3938,#1702,.T.);
#4973=EDGE_CURVE('',#3947,#3970,#1703,.T.);
#4974=EDGE_CURVE('',#3976,#3947,#1704,.T.);
#4975=EDGE_CURVE('',#3977,#3976,#1705,.T.);
#4976=EDGE_CURVE('',#3739,#3977,#1706,.T.);
#4977=EDGE_CURVE('',#3976,#3973,#1707,.T.);
#4978=EDGE_CURVE('',#3978,#3977,#1708,.T.);
#4979=EDGE_CURVE('',#3978,#3740,#1709,.T.);
#4980=EDGE_CURVE('',#3889,#3897,#1710,.T.);
#4981=EDGE_CURVE('',#3905,#3913,#1711,.T.);
#4982=EDGE_CURVE('',#3937,#3971,#1712,.T.);
#4983=EDGE_CURVE('',#3873,#3881,#1713,.T.);
#4984=EDGE_CURVE('',#3921,#3929,#1714,.T.);
#4985=EDGE_CURVE('',#3975,#3865,#1715,.T.);
#4986=EDGE_CURVE('',#3796,#3978,#1716,.T.);
#4987=EDGE_CURVE('',#3953,#3976,#1717,.T.);
#4988=EDGE_CURVE('',#3747,#3979,#1718,.T.);
#4989=EDGE_CURVE('',#3979,#3838,#1719,.T.);
#4990=EDGE_CURVE('',#3836,#3980,#1720,.T.);
#4991=EDGE_CURVE('',#3980,#3750,#1721,.T.);
#4992=EDGE_CURVE('',#3977,#3952,#1722,.T.);
#4993=EDGE_CURVE('',#3981,#3982,#1723,.T.);
#4994=EDGE_CURVE('',#3754,#3982,#1724,.T.);
#4995=EDGE_CURVE('',#3753,#3981,#1725,.T.);
#4996=EDGE_CURVE('',#3859,#3981,#1726,.T.);
#4997=EDGE_CURVE('',#3866,#3982,#1727,.T.);
#4998=EDGE_CURVE('',#3855,#3861,#1728,.T.);
#4999=EDGE_CURVE('',#3882,#3872,#1729,.T.);
#5000=EDGE_CURVE('',#3851,#3857,#1730,.T.);
#5001=EDGE_CURVE('',#3898,#3888,#1731,.T.);
#5002=EDGE_CURVE('',#3847,#3853,#1732,.T.);
#5003=EDGE_CURVE('',#3914,#3904,#1733,.T.);
#5004=EDGE_CURVE('',#3843,#3849,#1734,.T.);
#5005=EDGE_CURVE('',#3930,#3920,#1735,.T.);
#5006=EDGE_CURVE('',#3839,#3845,#1736,.T.);
#5007=EDGE_CURVE('',#3972,#3936,#1737,.T.);
#5008=EDGE_CURVE('',#3838,#3841,#1738,.T.);
#5009=EDGE_CURVE('',#3979,#3945,#1739,.T.);
#5010=EDGE_CURVE('',#3735,#3836,#1740,.T.);
#5011=EDGE_CURVE('',#3738,#3980,#1741,.T.);
#5012=EDGE_CURVE('',#3983,#3984,#1742,.T.);
#5013=EDGE_CURVE('',#3984,#3985,#1743,.T.);
#5014=EDGE_CURVE('',#3985,#3986,#1744,.T.);
#5015=EDGE_CURVE('',#3986,#3983,#1745,.T.);
#5016=EDGE_CURVE('',#3987,#3988,#1746,.T.);
#5017=EDGE_CURVE('',#3988,#3989,#1747,.T.);
#5018=EDGE_CURVE('',#3989,#3990,#1748,.T.);
#5019=EDGE_CURVE('',#3990,#3987,#1749,.T.);
#5020=EDGE_CURVE('',#3991,#3992,#1750,.T.);
#5021=EDGE_CURVE('',#3991,#3993,#1751,.T.);
#5022=EDGE_CURVE('',#3993,#3994,#1752,.T.);
#5023=EDGE_CURVE('',#3994,#3995,#1753,.T.);
#5024=EDGE_CURVE('',#3995,#3996,#1754,.T.);
#5025=EDGE_CURVE('',#3996,#3997,#1755,.T.);
#5026=EDGE_CURVE('',#3997,#3998,#1756,.T.);
#5027=EDGE_CURVE('',#3998,#3999,#1757,.T.);
#5028=EDGE_CURVE('',#3999,#4000,#1758,.T.);
#5029=EDGE_CURVE('',#4000,#4001,#1759,.T.);
#5030=EDGE_CURVE('',#4001,#4002,#1760,.T.);
#5031=EDGE_CURVE('',#4002,#4003,#1761,.T.);
#5032=EDGE_CURVE('',#4003,#4004,#1762,.T.);
#5033=EDGE_CURVE('',#4004,#4005,#1763,.T.);
#5034=EDGE_CURVE('',#4005,#4006,#1764,.T.);
#5035=EDGE_CURVE('',#4006,#4007,#1765,.T.);
#5036=EDGE_CURVE('',#4007,#4008,#1766,.T.);
#5037=EDGE_CURVE('',#4008,#3992,#1767,.T.);
#5038=EDGE_CURVE('',#4009,#4010,#1768,.T.);
#5039=EDGE_CURVE('',#4009,#4011,#1769,.F.);
#5040=EDGE_CURVE('',#4012,#4011,#1770,.T.);
#5041=EDGE_CURVE('',#4006,#4012,#1771,.T.);
#5042=EDGE_CURVE('',#4013,#4006,#1772,.T.);
#5043=EDGE_CURVE('',#4014,#4013,#1773,.T.);
#5044=EDGE_CURVE('',#4014,#4015,#1774,.T.);
#5045=EDGE_CURVE('',#4015,#4016,#1775,.T.);
#5046=EDGE_CURVE('',#4016,#4010,#1776,.T.);
#5047=EDGE_CURVE('',#4017,#4018,#1777,.T.);
#5048=EDGE_CURVE('',#4019,#4017,#1778,.T.);
#5049=EDGE_CURVE('',#4020,#4019,#1779,.T.);
#5050=EDGE_CURVE('',#4018,#4020,#1780,.T.);
#5051=EDGE_CURVE('',#4021,#4022,#1781,.T.);
#5052=EDGE_CURVE('',#4023,#4021,#1782,.T.);
#5053=EDGE_CURVE('',#4024,#4023,#1783,.T.);
#5054=EDGE_CURVE('',#4022,#4024,#1784,.T.);
#5055=EDGE_CURVE('',#4025,#4012,#1785,.T.);
#5056=EDGE_CURVE('',#4007,#4025,#1786,.T.);
#5057=EDGE_CURVE('',#4011,#4026,#1787,.F.);
#5058=EDGE_CURVE('',#4026,#4025,#1788,.T.);
#5059=EDGE_CURVE('',#3998,#4027,#1789,.T.);
#5060=EDGE_CURVE('',#4028,#4027,#1790,.T.);
#5061=EDGE_CURVE('',#3999,#4028,#1791,.T.);
#5062=EDGE_CURVE('',#4027,#4029,#1792,.T.);
#5063=EDGE_CURVE('',#4029,#4030,#1793,.F.);
#5064=EDGE_CURVE('',#4030,#4028,#1794,.T.);
#5065=EDGE_CURVE('',#3996,#4031,#1795,.T.);
#5066=EDGE_CURVE('',#4032,#4031,#1796,.T.);
#5067=EDGE_CURVE('',#3997,#4032,#1797,.T.);
#5068=EDGE_CURVE('',#4031,#4033,#1798,.T.);
#5069=EDGE_CURVE('',#4033,#4034,#1799,.F.);
#5070=EDGE_CURVE('',#4034,#4032,#1800,.T.);
#5071=EDGE_CURVE('',#4004,#4035,#1801,.T.);
#5072=EDGE_CURVE('',#4036,#4035,#1802,.T.);
#5073=EDGE_CURVE('',#4005,#4036,#1803,.T.);
#5074=EDGE_CURVE('',#4035,#4037,#1804,.T.);
#5075=EDGE_CURVE('',#4037,#4038,#1805,.F.);
#5076=EDGE_CURVE('',#4038,#4036,#1806,.T.);
#5077=EDGE_CURVE('',#4000,#4039,#1807,.T.);
#5078=EDGE_CURVE('',#4040,#4039,#1808,.T.);
#5079=EDGE_CURVE('',#4001,#4040,#1809,.T.);
#5080=EDGE_CURVE('',#4039,#4041,#1810,.T.);
#5081=EDGE_CURVE('',#4041,#4042,#1811,.F.);
#5082=EDGE_CURVE('',#4042,#4040,#1812,.T.);
#5083=EDGE_CURVE('',#3994,#4043,#1813,.T.);
#5084=EDGE_CURVE('',#4044,#4043,#1814,.T.);
#5085=EDGE_CURVE('',#3995,#4044,#1815,.T.);
#5086=EDGE_CURVE('',#4043,#4045,#1816,.T.);
#5087=EDGE_CURVE('',#4045,#4046,#1817,.F.);
#5088=EDGE_CURVE('',#4046,#4044,#1818,.T.);
#5089=EDGE_CURVE('',#4002,#4047,#1819,.T.);
#5090=EDGE_CURVE('',#4048,#4047,#1820,.T.);
#5091=EDGE_CURVE('',#4003,#4048,#1821,.T.);
#5092=EDGE_CURVE('',#4047,#4049,#1822,.T.);
#5093=EDGE_CURVE('',#4049,#4050,#1823,.F.);
#5094=EDGE_CURVE('',#4050,#4048,#1824,.T.);
#5095=EDGE_CURVE('',#4051,#4052,#1825,.T.);
#5096=EDGE_CURVE('',#4053,#4051,#1826,.T.);
#5097=EDGE_CURVE('',#4052,#4053,#1827,.T.);
#5098=EDGE_CURVE('',#4054,#4055,#1828,.T.);
#5099=EDGE_CURVE('',#4056,#4054,#1829,.T.);
#5100=EDGE_CURVE('',#4057,#4056,#1830,.T.);
#5101=EDGE_CURVE('',#4055,#4057,#1831,.T.);
#5102=EDGE_CURVE('',#4058,#4059,#1832,.T.);
#5103=EDGE_CURVE('',#4060,#4058,#1833,.T.);
#5104=EDGE_CURVE('',#4061,#4060,#1834,.T.);
#5105=EDGE_CURVE('',#4059,#4061,#1835,.T.);
#5106=EDGE_CURVE('',#4062,#4063,#1836,.T.);
#5107=EDGE_CURVE('',#4064,#4062,#1837,.T.);
#5108=EDGE_CURVE('',#4065,#4064,#1838,.T.);
#5109=EDGE_CURVE('',#4063,#4065,#1839,.T.);
#5110=EDGE_CURVE('',#4066,#4067,#1840,.T.);
#5111=EDGE_CURVE('',#4068,#4066,#1841,.T.);
#5112=EDGE_CURVE('',#4069,#4068,#1842,.T.);
#5113=EDGE_CURVE('',#4067,#4069,#1843,.T.);
#5114=EDGE_CURVE('',#4070,#4071,#1844,.T.);
#5115=EDGE_CURVE('',#4072,#4070,#1845,.T.);
#5116=EDGE_CURVE('',#4073,#4072,#1846,.T.);
#5117=EDGE_CURVE('',#4071,#4073,#1847,.T.);
#5118=EDGE_CURVE('',#4074,#4075,#1848,.T.);
#5119=EDGE_CURVE('',#4015,#4074,#1849,.T.);
#5120=EDGE_CURVE('',#4075,#4014,#1850,.T.);
#5121=EDGE_CURVE('',#3992,#4076,#1851,.T.);
#5122=EDGE_CURVE('',#4076,#4075,#1852,.T.);
#5123=EDGE_CURVE('',#4014,#4071,#1853,.T.);
#5124=EDGE_CURVE('',#4073,#4067,#1854,.T.);
#5125=EDGE_CURVE('',#4069,#4063,#1855,.T.);
#5126=EDGE_CURVE('',#4065,#4059,#1856,.T.);
#5127=EDGE_CURVE('',#4061,#4055,#1857,.T.);
#5128=EDGE_CURVE('',#4057,#4053,#1858,.T.);
#5129=EDGE_CURVE('',#4051,#3991,#1859,.T.);
#5130=EDGE_CURVE('',#4077,#4052,#1860,.T.);
#5131=EDGE_CURVE('',#4078,#4077,#1861,.F.);
#5132=EDGE_CURVE('',#4079,#4078,#1862,.T.);
#5133=EDGE_CURVE('',#4080,#4079,#1863,.T.);
#5134=EDGE_CURVE('',#3993,#4080,#1864,.T.);
#5135=EDGE_CURVE('',#4081,#4053,#1865,.T.);
#5136=EDGE_CURVE('',#3995,#4081,#1866,.T.);
#5137=EDGE_CURVE('',#4077,#4046,#1867,.T.);
#5138=EDGE_CURVE('',#4082,#4083,#1868,.T.);
#5139=EDGE_CURVE('',#4084,#4082,#1869,.T.);
#5140=EDGE_CURVE('',#4085,#4084,#1870,.T.);
#5141=EDGE_CURVE('',#4083,#4085,#1871,.F.);
#5142=EDGE_CURVE('',#4086,#4087,#1872,.T.);
#5143=EDGE_CURVE('',#4088,#4086,#1873,.T.);
#5144=EDGE_CURVE('',#4089,#4088,#1874,.T.);
#5145=EDGE_CURVE('',#4087,#4089,#1875,.F.);
#5146=EDGE_CURVE('',#4078,#4045,#1876,.F.);
#5147=EDGE_CURVE('',#4090,#3994,#1877,.T.);
#5148=EDGE_CURVE('',#4079,#4090,#1878,.T.);
#5149=EDGE_CURVE('',#4091,#4055,#1879,.T.);
#5150=EDGE_CURVE('',#3997,#4091,#1880,.T.);
#5151=EDGE_CURVE('',#4085,#4034,#1881,.T.);
#5152=EDGE_CURVE('',#4054,#4084,#1882,.T.);
#5153=EDGE_CURVE('',#4056,#4082,#1883,.T.);
#5154=EDGE_CURVE('',#4092,#4059,#1884,.T.);
#5155=EDGE_CURVE('',#3999,#4092,#1885,.T.);
#5156=EDGE_CURVE('',#4093,#4030,#1886,.T.);
#5157=EDGE_CURVE('',#4093,#4094,#1887,.T.);
#5158=EDGE_CURVE('',#4095,#4094,#1888,.T.);
#5159=EDGE_CURVE('',#4096,#4095,#1889,.T.);
#5160=EDGE_CURVE('',#4097,#4096,#1890,.T.);
#5161=EDGE_CURVE('',#4098,#4097,#1891,.T.);
#5162=EDGE_CURVE('',#4098,#4099,#1892,.T.);
#5163=EDGE_CURVE('',#4058,#4099,#1893,.T.);
#5164=EDGE_CURVE('',#4099,#4100,#1894,.T.);
#5165=EDGE_CURVE('',#4060,#4100,#1895,.T.);
#5166=EDGE_CURVE('',#4101,#4063,#1896,.T.);
#5167=EDGE_CURVE('',#4001,#4101,#1897,.T.);
#5168=EDGE_CURVE('',#4089,#4042,#1898,.T.);
#5169=EDGE_CURVE('',#4062,#4088,#1899,.T.);
#5170=EDGE_CURVE('',#4102,#4103,#1900,.T.);
#5171=EDGE_CURVE('',#4104,#4102,#1901,.T.);
#5172=EDGE_CURVE('',#4105,#4104,#1902,.T.);
#5173=EDGE_CURVE('',#4103,#4105,#1903,.T.);
#5174=EDGE_CURVE('',#4064,#4086,#1904,.T.);
#5175=EDGE_CURVE('',#4068,#4106,#1905,.T.);
#5176=EDGE_CURVE('',#4106,#4107,#1906,.T.);
#5177=EDGE_CURVE('',#4107,#4049,#1907,.F.);
#5178=EDGE_CURVE('',#4108,#4002,#1908,.T.);
#5179=EDGE_CURVE('',#4069,#4108,#1909,.T.);
#5180=EDGE_CURVE('',#4109,#4110,#1910,.T.);
#5181=EDGE_CURVE('',#4111,#4109,#1911,.T.);
#5182=EDGE_CURVE('',#4112,#4111,#1912,.T.);
#5183=EDGE_CURVE('',#4110,#4112,#1913,.T.);
#5184=EDGE_CURVE('',#4107,#4113,#1914,.F.);
#5185=EDGE_CURVE('',#4113,#4050,#1915,.T.);
#5186=EDGE_CURVE('',#4090,#4080,#1916,.T.);
#5187=EDGE_CURVE('',#4057,#4114,#1917,.T.);
#5188=EDGE_CURVE('',#4114,#4081,#1918,.T.);
#5189=EDGE_CURVE('',#4083,#4033,#1919,.F.);
#5190=EDGE_CURVE('',#4114,#3996,#1920,.T.);
#5191=EDGE_CURVE('',#4061,#4115,#1921,.T.);
#5192=EDGE_CURVE('',#4115,#4091,#1922,.T.);
#5193=EDGE_CURVE('',#4100,#4116,#1923,.T.);
#5194=EDGE_CURVE('',#4117,#4116,#1924,.T.);
#5195=EDGE_CURVE('',#4118,#4117,#1925,.T.);
#5196=EDGE_CURVE('',#4118,#4119,#1926,.T.);
#5197=EDGE_CURVE('',#4119,#4029,#1927,.F.);
#5198=EDGE_CURVE('',#4115,#3998,#1928,.T.);
#5199=EDGE_CURVE('',#4119,#4093,#1929,.F.);
#5200=EDGE_CURVE('',#4097,#4120,#1930,.T.);
#5201=EDGE_CURVE('',#4120,#4121,#1931,.T.);
#5202=EDGE_CURVE('',#4121,#4122,#1932,.T.);
#5203=EDGE_CURVE('',#4122,#4098,#1933,.T.);
#5204=EDGE_CURVE('',#4065,#4123,#1934,.T.);
#5205=EDGE_CURVE('',#4123,#4092,#1935,.T.);
#5206=EDGE_CURVE('',#4124,#4118,#1936,.T.);
#5207=EDGE_CURVE('',#4116,#4124,#1937,.T.);
#5208=EDGE_CURVE('',#4094,#4122,#1938,.T.);
#5209=EDGE_CURVE('',#4124,#4117,#1939,.T.);
#5210=EDGE_CURVE('',#4087,#4041,#1940,.F.);
#5211=EDGE_CURVE('',#4123,#4000,#1941,.T.);
#5212=EDGE_CURVE('',#4121,#4125,#1942,.T.);
#5213=EDGE_CURVE('',#4126,#4120,#1943,.T.);
#5214=EDGE_CURVE('',#4125,#4126,#1944,.T.);
#5215=EDGE_CURVE('',#4108,#4101,#1945,.T.);
#5216=EDGE_CURVE('',#4096,#4126,#1946,.T.);
#5217=EDGE_CURVE('',#4104,#4109,#1947,.T.);
#5218=EDGE_CURVE('',#4105,#4110,#1948,.T.);
#5219=EDGE_CURVE('',#4125,#4095,#1949,.T.);
#5220=EDGE_CURVE('',#4111,#4102,#1950,.T.);
#5221=EDGE_CURVE('',#4127,#4067,#1951,.T.);
#5222=EDGE_CURVE('',#4003,#4127,#1952,.T.);
#5223=EDGE_CURVE('',#4113,#4128,#1953,.T.);
#5224=EDGE_CURVE('',#4129,#4128,#1954,.T.);
#5225=EDGE_CURVE('',#4130,#4129,#1955,.T.);
#5226=EDGE_CURVE('',#4130,#4131,#1956,.T.);
#5227=EDGE_CURVE('',#4066,#4131,#1957,.T.);
#5228=EDGE_CURVE('',#4132,#4133,#1958,.T.);
#5229=EDGE_CURVE('',#4134,#4132,#1959,.T.);
#5230=EDGE_CURVE('',#4135,#4134,#1960,.T.);
#5231=EDGE_CURVE('',#4133,#4135,#1961,.T.);
#5232=EDGE_CURVE('',#4131,#4106,#1962,.T.);
#5233=EDGE_CURVE('',#4136,#4130,#1963,.T.);
#5234=EDGE_CURVE('',#4137,#4136,#1964,.T.);
#5235=EDGE_CURVE('',#4138,#4137,#1965,.T.);
#5236=EDGE_CURVE('',#4139,#4138,#1966,.T.);
#5237=EDGE_CURVE('',#4140,#4139,#1967,.T.);
#5238=EDGE_CURVE('',#4141,#4140,#1968,.F.);
#5239=EDGE_CURVE('',#4142,#4141,#1969,.T.);
#5240=EDGE_CURVE('',#4143,#4142,#1970,.T.);
#5241=EDGE_CURVE('',#4128,#4143,#1971,.T.);
#5242=EDGE_CURVE('',#4073,#4144,#1972,.T.);
#5243=EDGE_CURVE('',#4144,#4127,#1973,.T.);
#5244=EDGE_CURVE('',#4112,#4103,#1974,.T.);
#5245=EDGE_CURVE('',#4145,#4134,#1975,.T.);
#5246=EDGE_CURVE('',#4145,#4146,#1976,.T.);
#5247=EDGE_CURVE('',#4146,#4135,#1977,.T.);
#5248=EDGE_CURVE('',#4132,#4147,#1978,.T.);
#5249=EDGE_CURVE('',#4147,#4145,#1979,.T.);
#5250=EDGE_CURVE('',#4140,#4038,#1980,.T.);
#5251=EDGE_CURVE('',#4141,#4037,#1981,.F.);
#5252=EDGE_CURVE('',#4148,#4071,#1982,.T.);
#5253=EDGE_CURVE('',#4005,#4148,#1983,.T.);
#5254=EDGE_CURVE('',#4070,#4139,#1984,.T.);
#5255=EDGE_CURVE('',#4149,#4150,#1985,.T.);
#5256=EDGE_CURVE('',#4151,#4149,#1986,.T.);
#5257=EDGE_CURVE('',#4152,#4151,#1987,.T.);
#5258=EDGE_CURVE('',#4150,#4152,#1988,.T.);
#5259=EDGE_CURVE('',#4153,#4154,#1989,.T.);
#5260=EDGE_CURVE('',#4155,#4153,#1990,.T.);
#5261=EDGE_CURVE('',#4156,#4155,#1991,.T.);
#5262=EDGE_CURVE('',#4154,#4156,#1992,.T.);
#5263=EDGE_CURVE('',#4072,#4138,#1993,.T.);
#5264=EDGE_CURVE('',#4157,#4137,#1994,.T.);
#5265=EDGE_CURVE('',#4158,#4157,#1995,.T.);
#5266=EDGE_CURVE('',#4159,#4158,#1996,.T.);
#5267=EDGE_CURVE('',#4142,#4159,#1997,.T.);
#5268=EDGE_CURVE('',#4144,#4004,#1998,.T.);
#5269=EDGE_CURVE('',#4160,#4147,#1999,.T.);
#5270=EDGE_CURVE('',#4146,#4160,#2000,.T.);
#5271=EDGE_CURVE('',#4136,#4157,#2001,.T.);
#5272=EDGE_CURVE('',#4129,#4158,#2002,.T.);
#5273=EDGE_CURVE('',#4155,#4019,#2003,.T.);
#5274=EDGE_CURVE('',#4156,#4017,#2004,.T.);
#5275=EDGE_CURVE('',#4159,#4143,#2005,.T.);
#5276=EDGE_CURVE('',#4020,#4153,#2006,.T.);
#5277=EDGE_CURVE('',#4013,#4148,#2007,.T.);
#5278=EDGE_CURVE('',#4133,#4160,#2008,.T.);
#5279=EDGE_CURVE('',#4151,#4023,#2009,.T.);
#5280=EDGE_CURVE('',#4152,#4021,#2010,.T.);
#5281=EDGE_CURVE('',#4024,#4149,#2011,.T.);
#5282=EDGE_CURVE('',#4010,#4161,#2012,.T.);
#5283=EDGE_CURVE('',#4162,#4016,#2013,.T.);
#5284=EDGE_CURVE('',#4161,#4162,#2014,.T.);
#5285=EDGE_CURVE('',#4163,#4075,#2015,.T.);
#5286=EDGE_CURVE('',#4007,#4163,#2016,.T.);
#5287=EDGE_CURVE('',#4164,#4026,#2017,.T.);
#5288=EDGE_CURVE('',#4161,#4164,#2018,.T.);
#5289=EDGE_CURVE('',#4074,#4162,#2019,.T.);
#5290=EDGE_CURVE('',#4165,#4166,#2020,.T.);
#5291=EDGE_CURVE('',#4167,#4165,#2021,.T.);
#5292=EDGE_CURVE('',#4168,#4167,#2022,.T.);
#5293=EDGE_CURVE('',#4166,#4168,#2023,.T.);
#5294=EDGE_CURVE('',#4169,#4170,#2024,.T.);
#5295=EDGE_CURVE('',#4171,#4169,#2025,.T.);
#5296=EDGE_CURVE('',#4172,#4171,#2026,.T.);
#5297=EDGE_CURVE('',#4170,#4172,#2027,.T.);
#5298=EDGE_CURVE('',#4164,#4009,#2028,.F.);
#5299=EDGE_CURVE('',#4018,#4154,#2029,.T.);
#5300=EDGE_CURVE('',#4169,#3990,#2030,.T.);
#5301=EDGE_CURVE('',#4171,#3989,#2031,.T.);
#5302=EDGE_CURVE('',#4172,#3988,#2032,.T.);
#5303=EDGE_CURVE('',#4170,#3987,#2033,.T.);
#5304=EDGE_CURVE('',#4173,#4163,#2034,.T.);
#5305=EDGE_CURVE('',#4008,#4173,#2035,.T.);
#5306=EDGE_CURVE('',#4173,#4076,#2036,.T.);
#5307=EDGE_CURVE('',#4022,#4150,#2037,.T.);
#5308=EDGE_CURVE('',#4165,#3986,#2038,.T.);
#5309=EDGE_CURVE('',#4167,#3985,#2039,.T.);
#5310=EDGE_CURVE('',#4168,#3984,#2040,.T.);
#5311=EDGE_CURVE('',#4166,#3983,#2041,.T.);
#5312=EDGE_CURVE('',#4174,#4175,#2042,.T.);
#5313=EDGE_CURVE('',#4175,#4176,#2043,.T.);
#5314=EDGE_CURVE('',#4176,#4177,#2044,.T.);
#5315=EDGE_CURVE('',#4177,#4174,#2045,.T.);
#5316=EDGE_CURVE('',#4178,#4179,#2046,.T.);
#5317=EDGE_CURVE('',#4179,#4180,#2047,.T.);
#5318=EDGE_CURVE('',#4180,#4181,#2048,.T.);
#5319=EDGE_CURVE('',#4181,#4178,#2049,.T.);
#5320=EDGE_CURVE('',#4182,#4183,#2050,.T.);
#5321=EDGE_CURVE('',#4184,#4183,#2051,.T.);
#5322=EDGE_CURVE('',#4185,#4184,#2052,.T.);
#5323=EDGE_CURVE('',#4186,#4185,#2053,.T.);
#5324=EDGE_CURVE('',#4187,#4186,#2054,.T.);
#5325=EDGE_CURVE('',#4188,#4187,#2055,.T.);
#5326=EDGE_CURVE('',#4189,#4188,#2056,.T.);
#5327=EDGE_CURVE('',#4190,#4189,#2057,.T.);
#5328=EDGE_CURVE('',#4191,#4190,#2058,.T.);
#5329=EDGE_CURVE('',#4192,#4191,#2059,.T.);
#5330=EDGE_CURVE('',#4193,#4192,#2060,.T.);
#5331=EDGE_CURVE('',#4194,#4193,#2061,.T.);
#5332=EDGE_CURVE('',#4195,#4194,#2062,.T.);
#5333=EDGE_CURVE('',#4196,#4195,#2063,.T.);
#5334=EDGE_CURVE('',#4197,#4196,#2064,.T.);
#5335=EDGE_CURVE('',#4198,#4197,#2065,.T.);
#5336=EDGE_CURVE('',#4199,#4198,#2066,.T.);
#5337=EDGE_CURVE('',#4182,#4199,#2067,.T.);
#5338=EDGE_CURVE('',#4200,#4201,#2068,.T.);
#5339=EDGE_CURVE('',#4202,#4201,#2069,.T.);
#5340=EDGE_CURVE('',#4203,#4202,#2070,.T.);
#5341=EDGE_CURVE('',#4204,#4203,#2071,.T.);
#5342=EDGE_CURVE('',#4204,#4205,#2072,.T.);
#5343=EDGE_CURVE('',#4205,#4186,#2073,.T.);
#5344=EDGE_CURVE('',#4186,#4206,#2074,.T.);
#5345=EDGE_CURVE('',#4206,#4207,#2075,.T.);
#5346=EDGE_CURVE('',#4200,#4207,#2076,.F.);
#5347=EDGE_CURVE('',#4208,#4209,#2077,.T.);
#5348=EDGE_CURVE('',#4209,#4210,#2078,.T.);
#5349=EDGE_CURVE('',#4210,#4211,#2079,.T.);
#5350=EDGE_CURVE('',#4211,#4208,#2080,.T.);
#5351=EDGE_CURVE('',#4212,#4213,#2081,.T.);
#5352=EDGE_CURVE('',#4213,#4214,#2082,.T.);
#5353=EDGE_CURVE('',#4214,#4215,#2083,.T.);
#5354=EDGE_CURVE('',#4215,#4212,#2084,.T.);
#5355=EDGE_CURVE('',#4185,#4216,#2085,.T.);
#5356=EDGE_CURVE('',#4216,#4206,#2086,.T.);
#5357=EDGE_CURVE('',#4217,#4216,#2087,.T.);
#5358=EDGE_CURVE('',#4207,#4217,#2088,.F.);
#5359=EDGE_CURVE('',#4193,#4218,#2089,.T.);
#5360=EDGE_CURVE('',#4218,#4219,#2090,.T.);
#5361=EDGE_CURVE('',#4194,#4219,#2091,.T.);
#5362=EDGE_CURVE('',#4220,#4218,#2092,.T.);
#5363=EDGE_CURVE('',#4221,#4220,#2093,.F.);
#5364=EDGE_CURVE('',#4219,#4221,#2094,.T.);
#5365=EDGE_CURVE('',#4195,#4222,#2095,.T.);
#5366=EDGE_CURVE('',#4222,#4223,#2096,.T.);
#5367=EDGE_CURVE('',#4196,#4223,#2097,.T.);
#5368=EDGE_CURVE('',#4224,#4222,#2098,.T.);
#5369=EDGE_CURVE('',#4225,#4224,#2099,.F.);
#5370=EDGE_CURVE('',#4223,#4225,#2100,.T.);
#5371=EDGE_CURVE('',#4187,#4226,#2101,.T.);
#5372=EDGE_CURVE('',#4226,#4227,#2102,.T.);
#5373=EDGE_CURVE('',#4188,#4227,#2103,.T.);
#5374=EDGE_CURVE('',#4228,#4226,#2104,.T.);
#5375=EDGE_CURVE('',#4229,#4228,#2105,.F.);
#5376=EDGE_CURVE('',#4227,#4229,#2106,.T.);
#5377=EDGE_CURVE('',#4191,#4230,#2107,.T.);
#5378=EDGE_CURVE('',#4230,#4231,#2108,.T.);
#5379=EDGE_CURVE('',#4192,#4231,#2109,.T.);
#5380=EDGE_CURVE('',#4232,#4230,#2110,.T.);
#5381=EDGE_CURVE('',#4233,#4232,#2111,.F.);
#5382=EDGE_CURVE('',#4231,#4233,#2112,.T.);
#5383=EDGE_CURVE('',#4197,#4234,#2113,.T.);
#5384=EDGE_CURVE('',#4234,#4235,#2114,.T.);
#5385=EDGE_CURVE('',#4198,#4235,#2115,.T.);
#5386=EDGE_CURVE('',#4236,#4234,#2116,.T.);
#5387=EDGE_CURVE('',#4237,#4236,#2117,.F.);
#5388=EDGE_CURVE('',#4235,#4237,#2118,.T.);
#5389=EDGE_CURVE('',#4189,#4238,#2119,.T.);
#5390=EDGE_CURVE('',#4238,#4239,#2120,.T.);
#5391=EDGE_CURVE('',#4190,#4239,#2121,.T.);
#5392=EDGE_CURVE('',#4240,#4238,#2122,.T.);
#5393=EDGE_CURVE('',#4241,#4240,#2123,.F.);
#5394=EDGE_CURVE('',#4239,#4241,#2124,.T.);
#5395=EDGE_CURVE('',#4242,#4243,#2125,.T.);
#5396=EDGE_CURVE('',#4243,#4244,#2126,.T.);
#5397=EDGE_CURVE('',#4244,#4242,#2127,.T.);
#5398=EDGE_CURVE('',#4245,#4246,#2128,.T.);
#5399=EDGE_CURVE('',#4246,#4247,#2129,.T.);
#5400=EDGE_CURVE('',#4247,#4248,#2130,.T.);
#5401=EDGE_CURVE('',#4248,#4245,#2131,.T.);
#5402=EDGE_CURVE('',#4249,#4250,#2132,.T.);
#5403=EDGE_CURVE('',#4250,#4251,#2133,.T.);
#5404=EDGE_CURVE('',#4251,#4252,#2134,.T.);
#5405=EDGE_CURVE('',#4252,#4249,#2135,.T.);
#5406=EDGE_CURVE('',#4253,#4254,#2136,.T.);
#5407=EDGE_CURVE('',#4254,#4255,#2137,.T.);
#5408=EDGE_CURVE('',#4255,#4256,#2138,.T.);
#5409=EDGE_CURVE('',#4256,#4253,#2139,.T.);
#5410=EDGE_CURVE('',#4257,#4258,#2140,.T.);
#5411=EDGE_CURVE('',#4258,#4259,#2141,.T.);
#5412=EDGE_CURVE('',#4259,#4260,#2142,.T.);
#5413=EDGE_CURVE('',#4260,#4257,#2143,.T.);
#5414=EDGE_CURVE('',#4261,#4262,#2144,.T.);
#5415=EDGE_CURVE('',#4262,#4263,#2145,.T.);
#5416=EDGE_CURVE('',#4263,#4264,#2146,.T.);
#5417=EDGE_CURVE('',#4264,#4261,#2147,.T.);
#5418=EDGE_CURVE('',#4265,#4266,#2148,.T.);
#5419=EDGE_CURVE('',#4266,#4204,#2149,.T.);
#5420=EDGE_CURVE('',#4203,#4265,#2150,.T.);
#5421=EDGE_CURVE('',#4183,#4267,#2151,.T.);
#5422=EDGE_CURVE('',#4242,#4182,#2152,.T.);
#5423=EDGE_CURVE('',#4247,#4244,#2153,.T.);
#5424=EDGE_CURVE('',#4251,#4246,#2154,.T.);
#5425=EDGE_CURVE('',#4255,#4250,#2155,.T.);
#5426=EDGE_CURVE('',#4259,#4254,#2156,.T.);
#5427=EDGE_CURVE('',#4263,#4258,#2157,.T.);
#5428=EDGE_CURVE('',#4204,#4262,#2158,.T.);
#5429=EDGE_CURVE('',#4267,#4266,#2159,.T.);
#5430=EDGE_CURVE('',#4199,#4268,#2160,.T.);
#5431=EDGE_CURVE('',#4268,#4269,#2161,.T.);
#5432=EDGE_CURVE('',#4269,#4270,#2162,.T.);
#5433=EDGE_CURVE('',#4270,#4271,#2163,.F.);
#5434=EDGE_CURVE('',#4271,#4243,#2164,.T.);
#5435=EDGE_CURVE('',#4271,#4236,#2165,.T.);
#5436=EDGE_CURVE('',#4197,#4272,#2166,.T.);
#5437=EDGE_CURVE('',#4272,#4244,#2167,.T.);
#5438=EDGE_CURVE('',#4273,#4274,#2168,.T.);
#5439=EDGE_CURVE('',#4274,#4275,#2169,.F.);
#5440=EDGE_CURVE('',#4275,#4276,#2170,.T.);
#5441=EDGE_CURVE('',#4276,#4273,#2171,.T.);
#5442=EDGE_CURVE('',#4277,#4278,#2172,.T.);
#5443=EDGE_CURVE('',#4278,#4279,#2173,.F.);
#5444=EDGE_CURVE('',#4279,#4280,#2174,.T.);
#5445=EDGE_CURVE('',#4280,#4277,#2175,.T.);
#5446=EDGE_CURVE('',#4269,#4281,#2176,.T.);
#5447=EDGE_CURVE('',#4281,#4198,#2177,.T.);
#5448=EDGE_CURVE('',#4270,#4237,#2178,.F.);
#5449=EDGE_CURVE('',#4245,#4276,#2179,.T.);
#5450=EDGE_CURVE('',#4275,#4224,#2180,.T.);
#5451=EDGE_CURVE('',#4195,#4282,#2181,.T.);
#5452=EDGE_CURVE('',#4282,#4246,#2182,.T.);
#5453=EDGE_CURVE('',#4248,#4273,#2183,.T.);
#5454=EDGE_CURVE('',#4249,#4283,#2184,.T.);
#5455=EDGE_CURVE('',#4284,#4283,#2185,.T.);
#5456=EDGE_CURVE('',#4284,#4285,#2186,.T.);
#5457=EDGE_CURVE('',#4285,#4286,#2187,.T.);
#5458=EDGE_CURVE('',#4286,#4287,#2188,.T.);
#5459=EDGE_CURVE('',#4287,#4288,#2189,.T.);
#5460=EDGE_CURVE('',#4289,#4288,#2190,.T.);
#5461=EDGE_CURVE('',#4289,#4220,#2191,.T.);
#5462=EDGE_CURVE('',#4193,#4290,#2192,.T.);
#5463=EDGE_CURVE('',#4290,#4250,#2193,.T.);
#5464=EDGE_CURVE('',#4252,#4291,#2194,.T.);
#5465=EDGE_CURVE('',#4283,#4291,#2195,.T.);
#5466=EDGE_CURVE('',#4253,#4280,#2196,.T.);
#5467=EDGE_CURVE('',#4279,#4232,#2197,.T.);
#5468=EDGE_CURVE('',#4191,#4292,#2198,.T.);
#5469=EDGE_CURVE('',#4292,#4254,#2199,.T.);
#5470=EDGE_CURVE('',#4293,#4294,#2200,.T.);
#5471=EDGE_CURVE('',#4294,#4295,#2201,.T.);
#5472=EDGE_CURVE('',#4295,#4296,#2202,.T.);
#5473=EDGE_CURVE('',#4296,#4293,#2203,.T.);
#5474=EDGE_CURVE('',#4256,#4277,#2204,.T.);
#5475=EDGE_CURVE('',#4259,#4297,#2205,.T.);
#5476=EDGE_CURVE('',#4297,#4190,#2206,.T.);
#5477=EDGE_CURVE('',#4298,#4241,#2207,.F.);
#5478=EDGE_CURVE('',#4299,#4298,#2208,.T.);
#5479=EDGE_CURVE('',#4260,#4299,#2209,.T.);
#5480=EDGE_CURVE('',#4300,#4301,#2210,.T.);
#5481=EDGE_CURVE('',#4301,#4302,#2211,.T.);
#5482=EDGE_CURVE('',#4302,#4303,#2212,.T.);
#5483=EDGE_CURVE('',#4303,#4300,#2213,.T.);
#5484=EDGE_CURVE('',#4298,#4304,#2214,.F.);
#5485=EDGE_CURVE('',#4304,#4240,#2215,.T.);
#5486=EDGE_CURVE('',#4281,#4268,#2216,.T.);
#5487=EDGE_CURVE('',#4305,#4272,#2217,.T.);
#5488=EDGE_CURVE('',#4247,#4305,#2218,.T.);
#5489=EDGE_CURVE('',#4305,#4196,#2219,.T.);
#5490=EDGE_CURVE('',#4274,#4225,#2220,.F.);
#5491=EDGE_CURVE('',#4306,#4282,#2221,.T.);
#5492=EDGE_CURVE('',#4251,#4306,#2222,.T.);
#5493=EDGE_CURVE('',#4306,#4194,#2223,.T.);
#5494=EDGE_CURVE('',#4307,#4221,#2224,.F.);
#5495=EDGE_CURVE('',#4308,#4307,#2225,.T.);
#5496=EDGE_CURVE('',#4308,#4309,#2226,.T.);
#5497=EDGE_CURVE('',#4309,#4310,#2227,.T.);
#5498=EDGE_CURVE('',#4291,#4310,#2228,.T.);
#5499=EDGE_CURVE('',#4307,#4289,#2229,.F.);
#5500=EDGE_CURVE('',#4311,#4284,#2230,.T.);
#5501=EDGE_CURVE('',#4312,#4311,#2231,.T.);
#5502=EDGE_CURVE('',#4313,#4312,#2232,.T.);
#5503=EDGE_CURVE('',#4285,#4313,#2233,.T.);
#5504=EDGE_CURVE('',#4314,#4290,#2234,.T.);
#5505=EDGE_CURVE('',#4255,#4314,#2235,.T.);
#5506=EDGE_CURVE('',#4315,#4308,#2236,.T.);
#5507=EDGE_CURVE('',#4288,#4311,#2237,.T.);
#5508=EDGE_CURVE('',#4310,#4315,#2238,.T.);
#5509=EDGE_CURVE('',#4315,#4309,#2239,.T.);
#5510=EDGE_CURVE('',#4314,#4192,#2240,.T.);
#5511=EDGE_CURVE('',#4278,#4233,#2241,.F.);
#5512=EDGE_CURVE('',#4312,#4316,#2242,.T.);
#5513=EDGE_CURVE('',#4316,#4317,#2243,.T.);
#5514=EDGE_CURVE('',#4317,#4313,#2244,.T.);
#5515=EDGE_CURVE('',#4297,#4292,#2245,.T.);
#5516=EDGE_CURVE('',#4286,#4317,#2246,.T.);
#5517=EDGE_CURVE('',#4295,#4301,#2247,.T.);
#5518=EDGE_CURVE('',#4296,#4300,#2248,.T.);
#5519=EDGE_CURVE('',#4316,#4287,#2249,.T.);
#5520=EDGE_CURVE('',#4303,#4293,#2250,.T.);
#5521=EDGE_CURVE('',#4257,#4318,#2251,.T.);
#5522=EDGE_CURVE('',#4319,#4318,#2252,.T.);
#5523=EDGE_CURVE('',#4319,#4320,#2253,.T.);
#5524=EDGE_CURVE('',#4320,#4321,#2254,.T.);
#5525=EDGE_CURVE('',#4304,#4321,#2255,.T.);
#5526=EDGE_CURVE('',#4189,#4322,#2256,.T.);
#5527=EDGE_CURVE('',#4322,#4258,#2257,.T.);
#5528=EDGE_CURVE('',#4323,#4324,#2258,.T.);
#5529=EDGE_CURVE('',#4324,#4325,#2259,.T.);
#5530=EDGE_CURVE('',#4325,#4326,#2260,.T.);
#5531=EDGE_CURVE('',#4326,#4323,#2261,.T.);
#5532=EDGE_CURVE('',#4318,#4299,#2262,.T.);
#5533=EDGE_CURVE('',#4327,#4319,#2263,.T.);
#5534=EDGE_CURVE('',#4321,#4328,#2264,.T.);
#5535=EDGE_CURVE('',#4328,#4329,#2265,.T.);
#5536=EDGE_CURVE('',#4329,#4330,#2266,.T.);
#5537=EDGE_CURVE('',#4330,#4331,#2267,.F.);
#5538=EDGE_CURVE('',#4331,#4332,#2268,.T.);
#5539=EDGE_CURVE('',#4332,#4333,#2269,.T.);
#5540=EDGE_CURVE('',#4333,#4334,#2270,.T.);
#5541=EDGE_CURVE('',#4334,#4327,#2271,.T.);
#5542=EDGE_CURVE('',#4335,#4322,#2272,.T.);
#5543=EDGE_CURVE('',#4263,#4335,#2273,.T.);
#5544=EDGE_CURVE('',#4302,#4294,#2274,.T.);
#5545=EDGE_CURVE('',#4336,#4325,#2275,.T.);
#5546=EDGE_CURVE('',#4337,#4336,#2276,.T.);
#5547=EDGE_CURVE('',#4337,#4326,#2277,.T.);
#5548=EDGE_CURVE('',#4338,#4337,#2278,.T.);
#5549=EDGE_CURVE('',#4323,#4338,#2279,.T.);
#5550=EDGE_CURVE('',#4330,#4229,#2280,.F.);
#5551=EDGE_CURVE('',#4331,#4228,#2281,.T.);
#5552=EDGE_CURVE('',#4261,#4332,#2282,.T.);
#5553=EDGE_CURVE('',#4187,#4339,#2283,.T.);
#5554=EDGE_CURVE('',#4339,#4262,#2284,.T.);
#5555=EDGE_CURVE('',#4340,#4341,#2285,.T.);
#5556=EDGE_CURVE('',#4341,#4342,#2286,.T.);
#5557=EDGE_CURVE('',#4342,#4343,#2287,.T.);
#5558=EDGE_CURVE('',#4343,#4340,#2288,.T.);
#5559=EDGE_CURVE('',#4344,#4345,#2289,.T.);
#5560=EDGE_CURVE('',#4345,#4346,#2290,.T.);
#5561=EDGE_CURVE('',#4346,#4347,#2291,.T.);
#5562=EDGE_CURVE('',#4347,#4344,#2292,.T.);
#5563=EDGE_CURVE('',#4264,#4333,#2293,.T.);
#5564=EDGE_CURVE('',#4335,#4188,#2294,.T.);
#5565=EDGE_CURVE('',#4329,#4348,#2295,.T.);
#5566=EDGE_CURVE('',#4348,#4349,#2296,.T.);
#5567=EDGE_CURVE('',#4349,#4350,#2297,.T.);
#5568=EDGE_CURVE('',#4350,#4334,#2298,.T.);
#5569=EDGE_CURVE('',#4336,#4351,#2299,.T.);
#5570=EDGE_CURVE('',#4351,#4338,#2300,.T.);
#5571=EDGE_CURVE('',#4327,#4350,#2301,.T.);
#5572=EDGE_CURVE('',#4320,#4349,#2302,.T.);
#5573=EDGE_CURVE('',#4346,#4208,#2303,.T.);
#5574=EDGE_CURVE('',#4347,#4211,#2304,.T.);
#5575=EDGE_CURVE('',#4348,#4328,#2305,.T.);
#5576=EDGE_CURVE('',#4210,#4344,#2306,.T.);
#5577=EDGE_CURVE('',#4205,#4339,#2307,.T.);
#5578=EDGE_CURVE('',#4324,#4351,#2308,.T.);
#5579=EDGE_CURVE('',#4342,#4212,#2309,.T.);
#5580=EDGE_CURVE('',#4343,#4215,#2310,.T.);
#5581=EDGE_CURVE('',#4214,#4340,#2311,.T.);
#5582=EDGE_CURVE('',#4201,#4352,#2312,.T.);
#5583=EDGE_CURVE('',#4352,#4353,#2313,.T.);
#5584=EDGE_CURVE('',#4353,#4202,#2314,.T.);
#5585=EDGE_CURVE('',#4265,#4353,#2315,.T.);
#5586=EDGE_CURVE('',#4352,#4354,#2316,.T.);
#5587=EDGE_CURVE('',#4354,#4217,#2317,.T.);
#5588=EDGE_CURVE('',#4185,#4355,#2318,.T.);
#5589=EDGE_CURVE('',#4355,#4266,#2319,.T.);
#5590=EDGE_CURVE('',#4356,#4357,#2320,.T.);
#5591=EDGE_CURVE('',#4357,#4358,#2321,.T.);
#5592=EDGE_CURVE('',#4358,#4359,#2322,.T.);
#5593=EDGE_CURVE('',#4359,#4356,#2323,.T.);
#5594=EDGE_CURVE('',#4360,#4361,#2324,.T.);
#5595=EDGE_CURVE('',#4361,#4362,#2325,.T.);
#5596=EDGE_CURVE('',#4362,#4363,#2326,.T.);
#5597=EDGE_CURVE('',#4363,#4360,#2327,.T.);
#5598=EDGE_CURVE('',#4354,#4200,#2328,.F.);
#5599=EDGE_CURVE('',#4209,#4345,#2329,.T.);
#5600=EDGE_CURVE('',#4363,#4177,#2330,.T.);
#5601=EDGE_CURVE('',#4360,#4176,#2331,.T.);
#5602=EDGE_CURVE('',#4362,#4174,#2332,.T.);
#5603=EDGE_CURVE('',#4361,#4175,#2333,.T.);
#5604=EDGE_CURVE('',#4184,#4364,#2334,.T.);
#5605=EDGE_CURVE('',#4364,#4355,#2335,.T.);
#5606=EDGE_CURVE('',#4364,#4267,#2336,.T.);
#5607=EDGE_CURVE('',#4213,#4341,#2337,.T.);
#5608=EDGE_CURVE('',#4359,#4181,#2338,.T.);
#5609=EDGE_CURVE('',#4356,#4180,#2339,.T.);
#5610=EDGE_CURVE('',#4358,#4178,#2340,.T.);
#5611=EDGE_CURVE('',#4357,#4179,#2341,.T.);
#5612=EDGE_CURVE('',#4365,#4366,#2342,.T.);
#5613=EDGE_CURVE('',#4367,#4365,#2343,.T.);
#5614=EDGE_CURVE('',#4368,#4367,#2344,.T.);
#5615=EDGE_CURVE('',#4366,#4368,#2345,.T.);
#5616=EDGE_CURVE('',#4369,#4370,#2346,.T.);
#5617=EDGE_CURVE('',#4371,#4369,#2347,.T.);
#5618=EDGE_CURVE('',#4372,#4371,#2348,.T.);
#5619=EDGE_CURVE('',#4370,#4372,#2349,.T.);
#5620=EDGE_CURVE('',#4367,#4373,#2350,.T.);
#5621=EDGE_CURVE('',#4373,#4374,#2351,.T.);
#5622=EDGE_CURVE('',#4375,#4374,#2352,.T.);
#5623=EDGE_CURVE('',#4376,#4375,#2353,.T.);
#5624=EDGE_CURVE('',#4376,#4368,#2354,.T.);
#5625=EDGE_CURVE('',#4376,#4377,#2355,.T.);
#5626=EDGE_CURVE('',#4366,#4377,#2356,.T.);
#5627=EDGE_CURVE('',#4378,#4379,#2357,.T.);
#5628=EDGE_CURVE('',#4380,#4379,#105,.T.);
#5629=EDGE_CURVE('',#4380,#4381,#2358,.T.);
#5630=EDGE_CURVE('',#4378,#4381,#106,.T.);
#5631=EDGE_CURVE('',#4382,#4365,#2359,.T.);
#5632=EDGE_CURVE('',#4373,#4382,#2360,.T.);
#5633=EDGE_CURVE('',#4383,#4384,#2361,.T.);
#5634=EDGE_CURVE('',#4384,#4385,#2362,.T.);
#5635=EDGE_CURVE('',#4385,#4386,#2363,.T.);
#5636=EDGE_CURVE('',#4386,#4383,#2364,.T.);
#5637=EDGE_CURVE('',#4387,#4371,#2365,.T.);
#5638=EDGE_CURVE('',#4388,#4387,#2366,.T.);
#5639=EDGE_CURVE('',#4372,#4388,#2367,.T.);
#5640=EDGE_CURVE('',#4389,#4390,#2368,.T.);
#5641=EDGE_CURVE('',#4390,#4391,#107,.T.);
#5642=EDGE_CURVE('',#4391,#4392,#2369,.T.);
#5643=EDGE_CURVE('',#4392,#4389,#108,.T.);
#5644=EDGE_CURVE('',#4383,#4369,#2370,.T.);
#5645=EDGE_CURVE('',#4386,#4387,#2371,.T.);
#5646=EDGE_CURVE('',#4393,#4382,#2372,.T.);
#5647=EDGE_CURVE('',#4374,#4393,#2373,.T.);
#5648=EDGE_CURVE('',#4394,#4393,#2374,.T.);
#5649=EDGE_CURVE('',#4375,#4394,#2375,.T.);
#5650=EDGE_CURVE('',#4377,#4394,#2376,.T.);
#5651=EDGE_CURVE('',#4379,#4389,#2377,.T.);
#5652=EDGE_CURVE('',#4380,#4392,#2378,.T.);
#5653=EDGE_CURVE('',#4381,#4391,#2379,.T.);
#5654=EDGE_CURVE('',#4378,#4390,#2380,.T.);
#5655=EDGE_CURVE('',#4384,#4370,#2381,.T.);
#5656=EDGE_CURVE('',#4385,#4388,#2382,.T.);
#5657=ORIENTED_EDGE('',*,*,#4395,.F.);
#5658=ORIENTED_EDGE('',*,*,#4396,.T.);
#5659=ORIENTED_EDGE('',*,*,#4397,.F.);
#5660=ORIENTED_EDGE('',*,*,#4398,.F.);
#5661=ORIENTED_EDGE('',*,*,#4399,.F.);
#5662=ORIENTED_EDGE('',*,*,#4400,.F.);
#5663=ORIENTED_EDGE('',*,*,#4401,.F.);
#5664=ORIENTED_EDGE('',*,*,#4396,.F.);
#5665=ORIENTED_EDGE('',*,*,#4402,.F.);
#5666=ORIENTED_EDGE('',*,*,#4403,.T.);
#5667=ORIENTED_EDGE('',*,*,#4404,.F.);
#5668=ORIENTED_EDGE('',*,*,#4405,.F.);
#5669=ORIENTED_EDGE('',*,*,#4406,.F.);
#5670=ORIENTED_EDGE('',*,*,#4407,.F.);
#5671=ORIENTED_EDGE('',*,*,#4408,.F.);
#5672=ORIENTED_EDGE('',*,*,#4403,.F.);
#5673=ORIENTED_EDGE('',*,*,#4398,.T.);
#5674=ORIENTED_EDGE('',*,*,#4409,.F.);
#5675=ORIENTED_EDGE('',*,*,#4410,.T.);
#5676=ORIENTED_EDGE('',*,*,#4411,.F.);
#5677=ORIENTED_EDGE('',*,*,#4397,.T.);
#5678=ORIENTED_EDGE('',*,*,#4401,.T.);
#5679=ORIENTED_EDGE('',*,*,#4412,.F.);
#5680=ORIENTED_EDGE('',*,*,#4413,.T.);
#5681=ORIENTED_EDGE('',*,*,#4414,.T.);
#5682=ORIENTED_EDGE('',*,*,#4415,.T.);
#5683=ORIENTED_EDGE('',*,*,#4416,.F.);
#5684=ORIENTED_EDGE('',*,*,#4417,.T.);
#5685=ORIENTED_EDGE('',*,*,#4418,.T.);
#5686=ORIENTED_EDGE('',*,*,#4419,.T.);
#5687=ORIENTED_EDGE('',*,*,#4420,.F.);
#5688=ORIENTED_EDGE('',*,*,#4421,.T.);
#5689=ORIENTED_EDGE('',*,*,#4422,.F.);
#5690=ORIENTED_EDGE('',*,*,#4423,.T.);
#5691=ORIENTED_EDGE('',*,*,#4424,.F.);
#5692=ORIENTED_EDGE('',*,*,#4425,.F.);
#5693=ORIENTED_EDGE('',*,*,#4426,.F.);
#5694=ORIENTED_EDGE('',*,*,#4427,.T.);
#5695=ORIENTED_EDGE('',*,*,#4428,.T.);
#5696=ORIENTED_EDGE('',*,*,#4429,.T.);
#5697=ORIENTED_EDGE('',*,*,#4430,.T.);
#5698=ORIENTED_EDGE('',*,*,#4431,.F.);
#5699=ORIENTED_EDGE('',*,*,#4432,.T.);
#5700=ORIENTED_EDGE('',*,*,#4433,.T.);
#5701=ORIENTED_EDGE('',*,*,#4434,.T.);
#5702=ORIENTED_EDGE('',*,*,#4435,.F.);
#5703=ORIENTED_EDGE('',*,*,#4404,.T.);
#5704=ORIENTED_EDGE('',*,*,#4408,.T.);
#5705=ORIENTED_EDGE('',*,*,#4436,.T.);
#5706=ORIENTED_EDGE('',*,*,#4437,.T.);
#5707=ORIENTED_EDGE('',*,*,#4438,.T.);
#5708=ORIENTED_EDGE('',*,*,#4439,.T.);
#5709=ORIENTED_EDGE('',*,*,#4409,.T.);
#5710=ORIENTED_EDGE('',*,*,#4440,.F.);
#5711=ORIENTED_EDGE('',*,*,#4441,.T.);
#5712=ORIENTED_EDGE('',*,*,#4417,.F.);
#5713=ORIENTED_EDGE('',*,*,#4442,.F.);
#5714=ORIENTED_EDGE('',*,*,#4443,.F.);
#5715=ORIENTED_EDGE('',*,*,#4444,.T.);
#5716=ORIENTED_EDGE('',*,*,#4418,.F.);
#5717=ORIENTED_EDGE('',*,*,#4441,.F.);
#5718=ORIENTED_EDGE('',*,*,#4445,.F.);
#5719=ORIENTED_EDGE('',*,*,#4446,.F.);
#5720=ORIENTED_EDGE('',*,*,#4419,.F.);
#5721=ORIENTED_EDGE('',*,*,#4444,.F.);
#5722=ORIENTED_EDGE('',*,*,#4447,.F.);
#5723=ORIENTED_EDGE('',*,*,#4448,.T.);
#5724=ORIENTED_EDGE('',*,*,#4427,.F.);
#5725=ORIENTED_EDGE('',*,*,#4449,.F.);
#5726=ORIENTED_EDGE('',*,*,#4450,.F.);
#5727=ORIENTED_EDGE('',*,*,#4451,.T.);
#5728=ORIENTED_EDGE('',*,*,#4428,.F.);
#5729=ORIENTED_EDGE('',*,*,#4448,.F.);
#5730=ORIENTED_EDGE('',*,*,#4452,.F.);
#5731=ORIENTED_EDGE('',*,*,#4453,.T.);
#5732=ORIENTED_EDGE('',*,*,#4429,.F.);
#5733=ORIENTED_EDGE('',*,*,#4451,.F.);
#5734=ORIENTED_EDGE('',*,*,#4454,.F.);
#5735=ORIENTED_EDGE('',*,*,#4455,.F.);
#5736=ORIENTED_EDGE('',*,*,#4430,.F.);
#5737=ORIENTED_EDGE('',*,*,#4453,.F.);
#5738=ORIENTED_EDGE('',*,*,#4456,.F.);
#5739=ORIENTED_EDGE('',*,*,#4457,.F.);
#5740=ORIENTED_EDGE('',*,*,#4415,.F.);
#5741=ORIENTED_EDGE('',*,*,#4458,.F.);
#5742=ORIENTED_EDGE('',*,*,#4459,.F.);
#5743=ORIENTED_EDGE('',*,*,#4460,.T.);
#5744=ORIENTED_EDGE('',*,*,#4413,.F.);
#5745=ORIENTED_EDGE('',*,*,#4461,.F.);
#5746=ORIENTED_EDGE('',*,*,#4462,.F.);
#5747=ORIENTED_EDGE('',*,*,#4458,.T.);
#5748=ORIENTED_EDGE('',*,*,#4414,.F.);
#5749=ORIENTED_EDGE('',*,*,#4460,.F.);
#5750=ORIENTED_EDGE('',*,*,#4463,.F.);
#5751=ORIENTED_EDGE('',*,*,#4464,.T.);
#5752=ORIENTED_EDGE('',*,*,#4432,.F.);
#5753=ORIENTED_EDGE('',*,*,#4465,.F.);
#5754=ORIENTED_EDGE('',*,*,#4466,.F.);
#5755=ORIENTED_EDGE('',*,*,#4467,.T.);
#5756=ORIENTED_EDGE('',*,*,#4433,.F.);
#5757=ORIENTED_EDGE('',*,*,#4464,.F.);
#5758=ORIENTED_EDGE('',*,*,#4468,.F.);
#5759=ORIENTED_EDGE('',*,*,#4469,.F.);
#5760=ORIENTED_EDGE('',*,*,#4434,.F.);
#5761=ORIENTED_EDGE('',*,*,#4467,.F.);
#5762=ORIENTED_EDGE('',*,*,#4470,.F.);
#5763=ORIENTED_EDGE('',*,*,#4471,.T.);
#5764=ORIENTED_EDGE('',*,*,#4437,.F.);
#5765=ORIENTED_EDGE('',*,*,#4472,.F.);
#5766=ORIENTED_EDGE('',*,*,#4473,.F.);
#5767=ORIENTED_EDGE('',*,*,#4474,.T.);
#5768=ORIENTED_EDGE('',*,*,#4438,.F.);
#5769=ORIENTED_EDGE('',*,*,#4471,.F.);
#5770=ORIENTED_EDGE('',*,*,#4475,.F.);
#5771=ORIENTED_EDGE('',*,*,#4410,.F.);
#5772=ORIENTED_EDGE('',*,*,#4439,.F.);
#5773=ORIENTED_EDGE('',*,*,#4474,.F.);
#5774=ORIENTED_EDGE('',*,*,#4400,.T.);
#5775=ORIENTED_EDGE('',*,*,#4476,.F.);
#5776=ORIENTED_EDGE('',*,*,#4461,.T.);
#5777=ORIENTED_EDGE('',*,*,#4412,.T.);
#5778=ORIENTED_EDGE('',*,*,#4446,.T.);
#5779=ORIENTED_EDGE('',*,*,#4477,.F.);
#5780=ORIENTED_EDGE('',*,*,#4478,.T.);
#5781=ORIENTED_EDGE('',*,*,#4420,.T.);
#5782=ORIENTED_EDGE('',*,*,#4442,.T.);
#5783=ORIENTED_EDGE('',*,*,#4416,.T.);
#5784=ORIENTED_EDGE('',*,*,#4457,.T.);
#5785=ORIENTED_EDGE('',*,*,#4479,.F.);
#5786=ORIENTED_EDGE('',*,*,#4449,.T.);
#5787=ORIENTED_EDGE('',*,*,#4426,.T.);
#5788=ORIENTED_EDGE('',*,*,#4480,.T.);
#5789=ORIENTED_EDGE('',*,*,#4481,.F.);
#5790=ORIENTED_EDGE('',*,*,#4405,.T.);
#5791=ORIENTED_EDGE('',*,*,#4435,.T.);
#5792=ORIENTED_EDGE('',*,*,#4469,.T.);
#5793=ORIENTED_EDGE('',*,*,#4482,.F.);
#5794=ORIENTED_EDGE('',*,*,#4395,.T.);
#5795=ORIENTED_EDGE('',*,*,#4411,.T.);
#5796=ORIENTED_EDGE('',*,*,#4475,.T.);
#5797=ORIENTED_EDGE('',*,*,#4473,.T.);
#5798=ORIENTED_EDGE('',*,*,#4470,.T.);
#5799=ORIENTED_EDGE('',*,*,#4483,.T.);
#5800=ORIENTED_EDGE('',*,*,#4406,.T.);
#5801=ORIENTED_EDGE('',*,*,#4402,.T.);
#5802=ORIENTED_EDGE('',*,*,#4482,.T.);
#5803=ORIENTED_EDGE('',*,*,#4468,.T.);
#5804=ORIENTED_EDGE('',*,*,#4466,.T.);
#5805=ORIENTED_EDGE('',*,*,#4463,.T.);
#5806=ORIENTED_EDGE('',*,*,#4484,.T.);
#5807=ORIENTED_EDGE('',*,*,#4454,.T.);
#5808=ORIENTED_EDGE('',*,*,#4452,.T.);
#5809=ORIENTED_EDGE('',*,*,#4450,.T.);
#5810=ORIENTED_EDGE('',*,*,#4447,.T.);
#5811=ORIENTED_EDGE('',*,*,#4481,.T.);
#5812=ORIENTED_EDGE('',*,*,#4485,.T.);
#5813=ORIENTED_EDGE('',*,*,#4486,.T.);
#5814=ORIENTED_EDGE('',*,*,#4487,.T.);
#5815=ORIENTED_EDGE('',*,*,#4488,.T.);
#5816=ORIENTED_EDGE('',*,*,#4489,.T.);
#5817=ORIENTED_EDGE('',*,*,#4477,.T.);
#5818=ORIENTED_EDGE('',*,*,#4445,.T.);
#5819=ORIENTED_EDGE('',*,*,#4443,.T.);
#5820=ORIENTED_EDGE('',*,*,#4440,.T.);
#5821=ORIENTED_EDGE('',*,*,#4479,.T.);
#5822=ORIENTED_EDGE('',*,*,#4456,.T.);
#5823=ORIENTED_EDGE('',*,*,#4462,.T.);
#5824=ORIENTED_EDGE('',*,*,#4459,.T.);
#5825=ORIENTED_EDGE('',*,*,#4476,.T.);
#5826=ORIENTED_EDGE('',*,*,#4399,.T.);
#5827=ORIENTED_EDGE('',*,*,#4490,.T.);
#5828=ORIENTED_EDGE('',*,*,#4491,.T.);
#5829=ORIENTED_EDGE('',*,*,#4492,.T.);
#5830=ORIENTED_EDGE('',*,*,#4493,.T.);
#5831=ORIENTED_EDGE('',*,*,#4494,.T.);
#5832=ORIENTED_EDGE('',*,*,#4495,.T.);
#5833=ORIENTED_EDGE('',*,*,#4496,.T.);
#5834=ORIENTED_EDGE('',*,*,#4497,.T.);
#5835=ORIENTED_EDGE('',*,*,#4498,.T.);
#5836=ORIENTED_EDGE('',*,*,#4499,.T.);
#5837=ORIENTED_EDGE('',*,*,#4500,.T.);
#5838=ORIENTED_EDGE('',*,*,#4501,.T.);
#5839=ORIENTED_EDGE('',*,*,#4502,.T.);
#5840=ORIENTED_EDGE('',*,*,#4503,.T.);
#5841=ORIENTED_EDGE('',*,*,#4504,.T.);
#5842=ORIENTED_EDGE('',*,*,#4505,.T.);
#5843=ORIENTED_EDGE('',*,*,#4506,.T.);
#5844=ORIENTED_EDGE('',*,*,#4507,.T.);
#5845=ORIENTED_EDGE('',*,*,#4508,.T.);
#5846=ORIENTED_EDGE('',*,*,#4509,.T.);
#5847=ORIENTED_EDGE('',*,*,#4510,.T.);
#5848=ORIENTED_EDGE('',*,*,#4511,.T.);
#5849=ORIENTED_EDGE('',*,*,#4407,.T.);
#5850=ORIENTED_EDGE('',*,*,#4483,.F.);
#5851=ORIENTED_EDGE('',*,*,#4472,.T.);
#5852=ORIENTED_EDGE('',*,*,#4436,.F.);
#5853=ORIENTED_EDGE('',*,*,#4512,.T.);
#5854=ORIENTED_EDGE('',*,*,#4513,.T.);
#5855=ORIENTED_EDGE('',*,*,#4514,.T.);
#5856=ORIENTED_EDGE('',*,*,#4515,.T.);
#5857=ORIENTED_EDGE('',*,*,#4516,.T.);
#5858=ORIENTED_EDGE('',*,*,#4517,.T.);
#5859=ORIENTED_EDGE('',*,*,#4518,.T.);
#5860=ORIENTED_EDGE('',*,*,#4519,.T.);
#5861=ORIENTED_EDGE('',*,*,#4520,.T.);
#5862=ORIENTED_EDGE('',*,*,#4521,.T.);
#5863=ORIENTED_EDGE('',*,*,#4522,.T.);
#5864=ORIENTED_EDGE('',*,*,#4523,.T.);
#5865=ORIENTED_EDGE('',*,*,#4524,.T.);
#5866=ORIENTED_EDGE('',*,*,#4525,.T.);
#5867=ORIENTED_EDGE('',*,*,#4526,.T.);
#5868=ORIENTED_EDGE('',*,*,#4527,.T.);
#5869=ORIENTED_EDGE('',*,*,#4528,.T.);
#5870=ORIENTED_EDGE('',*,*,#4503,.F.);
#5871=ORIENTED_EDGE('',*,*,#4529,.T.);
#5872=ORIENTED_EDGE('',*,*,#4521,.F.);
#5873=ORIENTED_EDGE('',*,*,#4496,.F.);
#5874=ORIENTED_EDGE('',*,*,#4528,.F.);
#5875=ORIENTED_EDGE('',*,*,#4520,.F.);
#5876=ORIENTED_EDGE('',*,*,#4530,.F.);
#5877=ORIENTED_EDGE('',*,*,#4511,.F.);
#5878=ORIENTED_EDGE('',*,*,#4531,.F.);
#5879=ORIENTED_EDGE('',*,*,#4512,.F.);
#5880=ORIENTED_EDGE('',*,*,#4532,.F.);
#5881=ORIENTED_EDGE('',*,*,#4531,.T.);
#5882=ORIENTED_EDGE('',*,*,#4510,.F.);
#5883=ORIENTED_EDGE('',*,*,#4533,.T.);
#5884=ORIENTED_EDGE('',*,*,#4534,.F.);
#5885=ORIENTED_EDGE('',*,*,#4535,.T.);
#5886=ORIENTED_EDGE('',*,*,#4513,.F.);
#5887=ORIENTED_EDGE('',*,*,#4507,.F.);
#5888=ORIENTED_EDGE('',*,*,#4536,.T.);
#5889=ORIENTED_EDGE('',*,*,#4537,.F.);
#5890=ORIENTED_EDGE('',*,*,#4538,.F.);
#5891=ORIENTED_EDGE('',*,*,#4508,.F.);
#5892=ORIENTED_EDGE('',*,*,#4538,.T.);
#5893=ORIENTED_EDGE('',*,*,#4539,.F.);
#5894=ORIENTED_EDGE('',*,*,#4540,.F.);
#5895=ORIENTED_EDGE('',*,*,#4509,.F.);
#5896=ORIENTED_EDGE('',*,*,#4540,.T.);
#5897=ORIENTED_EDGE('',*,*,#4541,.F.);
#5898=ORIENTED_EDGE('',*,*,#4533,.F.);
#5899=ORIENTED_EDGE('',*,*,#4542,.F.);
#5900=ORIENTED_EDGE('',*,*,#4534,.T.);
#5901=ORIENTED_EDGE('',*,*,#4541,.T.);
#5902=ORIENTED_EDGE('',*,*,#4539,.T.);
#5903=ORIENTED_EDGE('',*,*,#4537,.T.);
#5904=ORIENTED_EDGE('',*,*,#4543,.T.);
#5905=ORIENTED_EDGE('',*,*,#4544,.F.);
#5906=ORIENTED_EDGE('',*,*,#4545,.F.);
#5907=ORIENTED_EDGE('',*,*,#4542,.T.);
#5908=ORIENTED_EDGE('',*,*,#4546,.T.);
#5909=ORIENTED_EDGE('',*,*,#4514,.F.);
#5910=ORIENTED_EDGE('',*,*,#4535,.F.);
#5911=ORIENTED_EDGE('',*,*,#4545,.T.);
#5912=ORIENTED_EDGE('',*,*,#4547,.T.);
#5913=ORIENTED_EDGE('',*,*,#4515,.F.);
#5914=ORIENTED_EDGE('',*,*,#4546,.F.);
#5915=ORIENTED_EDGE('',*,*,#4498,.F.);
#5916=ORIENTED_EDGE('',*,*,#4548,.T.);
#5917=ORIENTED_EDGE('',*,*,#4549,.F.);
#5918=ORIENTED_EDGE('',*,*,#4550,.F.);
#5919=ORIENTED_EDGE('',*,*,#4499,.F.);
#5920=ORIENTED_EDGE('',*,*,#4550,.T.);
#5921=ORIENTED_EDGE('',*,*,#4551,.F.);
#5922=ORIENTED_EDGE('',*,*,#4552,.F.);
#5923=ORIENTED_EDGE('',*,*,#4500,.F.);
#5924=ORIENTED_EDGE('',*,*,#4552,.T.);
#5925=ORIENTED_EDGE('',*,*,#4553,.F.);
#5926=ORIENTED_EDGE('',*,*,#4554,.F.);
#5927=ORIENTED_EDGE('',*,*,#4555,.F.);
#5928=ORIENTED_EDGE('',*,*,#4556,.T.);
#5929=ORIENTED_EDGE('',*,*,#4553,.T.);
#5930=ORIENTED_EDGE('',*,*,#4551,.T.);
#5931=ORIENTED_EDGE('',*,*,#4549,.T.);
#5932=ORIENTED_EDGE('',*,*,#4557,.T.);
#5933=ORIENTED_EDGE('',*,*,#4558,.F.);
#5934=ORIENTED_EDGE('',*,*,#4559,.F.);
#5935=ORIENTED_EDGE('',*,*,#4532,.T.);
#5936=ORIENTED_EDGE('',*,*,#4519,.F.);
#5937=ORIENTED_EDGE('',*,*,#4560,.F.);
#5938=ORIENTED_EDGE('',*,*,#4504,.F.);
#5939=ORIENTED_EDGE('',*,*,#4505,.F.);
#5940=ORIENTED_EDGE('',*,*,#4560,.T.);
#5941=ORIENTED_EDGE('',*,*,#4518,.F.);
#5942=ORIENTED_EDGE('',*,*,#4561,.F.);
#5943=ORIENTED_EDGE('',*,*,#4506,.F.);
#5944=ORIENTED_EDGE('',*,*,#4561,.T.);
#5945=ORIENTED_EDGE('',*,*,#4517,.F.);
#5946=ORIENTED_EDGE('',*,*,#4562,.F.);
#5947=ORIENTED_EDGE('',*,*,#4543,.F.);
#5948=ORIENTED_EDGE('',*,*,#4536,.F.);
#5949=ORIENTED_EDGE('',*,*,#4544,.T.);
#5950=ORIENTED_EDGE('',*,*,#4562,.T.);
#5951=ORIENTED_EDGE('',*,*,#4516,.F.);
#5952=ORIENTED_EDGE('',*,*,#4547,.F.);
#5953=ORIENTED_EDGE('',*,*,#4555,.T.);
#5954=ORIENTED_EDGE('',*,*,#4563,.T.);
#5955=ORIENTED_EDGE('',*,*,#4524,.F.);
#5956=ORIENTED_EDGE('',*,*,#4564,.F.);
#5957=ORIENTED_EDGE('',*,*,#4501,.F.);
#5958=ORIENTED_EDGE('',*,*,#4554,.T.);
#5959=ORIENTED_EDGE('',*,*,#4556,.F.);
#5960=ORIENTED_EDGE('',*,*,#4564,.T.);
#5961=ORIENTED_EDGE('',*,*,#4523,.F.);
#5962=ORIENTED_EDGE('',*,*,#4565,.F.);
#5963=ORIENTED_EDGE('',*,*,#4502,.F.);
#5964=ORIENTED_EDGE('',*,*,#4565,.T.);
#5965=ORIENTED_EDGE('',*,*,#4522,.F.);
#5966=ORIENTED_EDGE('',*,*,#4529,.F.);
#5967=ORIENTED_EDGE('',*,*,#4530,.T.);
#5968=ORIENTED_EDGE('',*,*,#4527,.F.);
#5969=ORIENTED_EDGE('',*,*,#4566,.F.);
#5970=ORIENTED_EDGE('',*,*,#4557,.F.);
#5971=ORIENTED_EDGE('',*,*,#4548,.F.);
#5972=ORIENTED_EDGE('',*,*,#4497,.F.);
#5973=ORIENTED_EDGE('',*,*,#4558,.T.);
#5974=ORIENTED_EDGE('',*,*,#4566,.T.);
#5975=ORIENTED_EDGE('',*,*,#4526,.F.);
#5976=ORIENTED_EDGE('',*,*,#4567,.F.);
#5977=ORIENTED_EDGE('',*,*,#4559,.T.);
#5978=ORIENTED_EDGE('',*,*,#4567,.T.);
#5979=ORIENTED_EDGE('',*,*,#4525,.F.);
#5980=ORIENTED_EDGE('',*,*,#4563,.F.);
#5981=ORIENTED_EDGE('',*,*,#4568,.F.);
#5982=ORIENTED_EDGE('',*,*,#4569,.T.);
#5983=ORIENTED_EDGE('',*,*,#4570,.F.);
#5984=ORIENTED_EDGE('',*,*,#4569,.F.);
#5985=ORIENTED_EDGE('',*,*,#4568,.T.);
#5986=ORIENTED_EDGE('',*,*,#4494,.F.);
#5987=ORIENTED_EDGE('',*,*,#4571,.T.);
#5988=ORIENTED_EDGE('',*,*,#4572,.F.);
#5989=ORIENTED_EDGE('',*,*,#4573,.F.);
#5990=ORIENTED_EDGE('',*,*,#4495,.F.);
#5991=ORIENTED_EDGE('',*,*,#4573,.T.);
#5992=ORIENTED_EDGE('',*,*,#4574,.F.);
#5993=ORIENTED_EDGE('',*,*,#4571,.F.);
#5994=ORIENTED_EDGE('',*,*,#4574,.T.);
#5995=ORIENTED_EDGE('',*,*,#4572,.T.);
#5996=ORIENTED_EDGE('',*,*,#4570,.T.);
#5997=ORIENTED_EDGE('',*,*,#4493,.F.);
#5998=ORIENTED_EDGE('',*,*,#4575,.T.);
#5999=ORIENTED_EDGE('',*,*,#4576,.F.);
#6000=ORIENTED_EDGE('',*,*,#4492,.F.);
#6001=ORIENTED_EDGE('',*,*,#4577,.F.);
#6002=ORIENTED_EDGE('',*,*,#4578,.F.);
#6003=ORIENTED_EDGE('',*,*,#4575,.F.);
#6004=ORIENTED_EDGE('',*,*,#4487,.F.);
#6005=ORIENTED_EDGE('',*,*,#4579,.F.);
#6006=ORIENTED_EDGE('',*,*,#4423,.F.);
#6007=ORIENTED_EDGE('',*,*,#4580,.F.);
#6008=ORIENTED_EDGE('',*,*,#4485,.F.);
#6009=ORIENTED_EDGE('',*,*,#4480,.F.);
#6010=ORIENTED_EDGE('',*,*,#4425,.T.);
#6011=ORIENTED_EDGE('',*,*,#4581,.F.);
#6012=ORIENTED_EDGE('',*,*,#4455,.T.);
#6013=ORIENTED_EDGE('',*,*,#4484,.F.);
#6014=ORIENTED_EDGE('',*,*,#4465,.T.);
#6015=ORIENTED_EDGE('',*,*,#4431,.T.);
#6016=ORIENTED_EDGE('',*,*,#4486,.F.);
#6017=ORIENTED_EDGE('',*,*,#4581,.T.);
#6018=ORIENTED_EDGE('',*,*,#4424,.T.);
#6019=ORIENTED_EDGE('',*,*,#4579,.T.);
#6020=ORIENTED_EDGE('',*,*,#4490,.F.);
#6021=ORIENTED_EDGE('',*,*,#4576,.T.);
#6022=ORIENTED_EDGE('',*,*,#4578,.T.);
#6023=ORIENTED_EDGE('',*,*,#4582,.F.);
#6024=ORIENTED_EDGE('',*,*,#4491,.F.);
#6025=ORIENTED_EDGE('',*,*,#4582,.T.);
#6026=ORIENTED_EDGE('',*,*,#4577,.T.);
#6027=ORIENTED_EDGE('',*,*,#4488,.F.);
#6028=ORIENTED_EDGE('',*,*,#4580,.T.);
#6029=ORIENTED_EDGE('',*,*,#4422,.T.);
#6030=ORIENTED_EDGE('',*,*,#4583,.T.);
#6031=ORIENTED_EDGE('',*,*,#4489,.F.);
#6032=ORIENTED_EDGE('',*,*,#4583,.F.);
#6033=ORIENTED_EDGE('',*,*,#4421,.F.);
#6034=ORIENTED_EDGE('',*,*,#4478,.F.);
#6035=ORIENTED_EDGE('',*,*,#4584,.T.);
#6036=ORIENTED_EDGE('',*,*,#4585,.T.);
#6037=ORIENTED_EDGE('',*,*,#4586,.T.);
#6038=ORIENTED_EDGE('',*,*,#4587,.T.);
#6039=ORIENTED_EDGE('',*,*,#4588,.T.);
#6040=ORIENTED_EDGE('',*,*,#4589,.T.);
#6041=ORIENTED_EDGE('',*,*,#4590,.T.);
#6042=ORIENTED_EDGE('',*,*,#4591,.T.);
#6043=ORIENTED_EDGE('',*,*,#4592,.T.);
#6044=ORIENTED_EDGE('',*,*,#4593,.T.);
#6045=ORIENTED_EDGE('',*,*,#4594,.T.);
#6046=ORIENTED_EDGE('',*,*,#4595,.T.);
#6047=ORIENTED_EDGE('',*,*,#4596,.T.);
#6048=ORIENTED_EDGE('',*,*,#4597,.T.);
#6049=ORIENTED_EDGE('',*,*,#4598,.F.);
#6050=ORIENTED_EDGE('',*,*,#4599,.F.);
#6051=ORIENTED_EDGE('',*,*,#4600,.F.);
#6052=ORIENTED_EDGE('',*,*,#4601,.F.);
#6053=ORIENTED_EDGE('',*,*,#4602,.T.);
#6054=ORIENTED_EDGE('',*,*,#4601,.T.);
#6055=ORIENTED_EDGE('',*,*,#4603,.F.);
#6056=ORIENTED_EDGE('',*,*,#4597,.F.);
#6057=ORIENTED_EDGE('',*,*,#4603,.T.);
#6058=ORIENTED_EDGE('',*,*,#4600,.T.);
#6059=ORIENTED_EDGE('',*,*,#4604,.F.);
#6060=ORIENTED_EDGE('',*,*,#4598,.T.);
#6061=ORIENTED_EDGE('',*,*,#4604,.T.);
#6062=ORIENTED_EDGE('',*,*,#4605,.F.);
#6063=ORIENTED_EDGE('',*,*,#4585,.F.);
#6064=ORIENTED_EDGE('',*,*,#4606,.F.);
#6065=ORIENTED_EDGE('',*,*,#4607,.F.);
#6066=ORIENTED_EDGE('',*,*,#4608,.T.);
#6067=ORIENTED_EDGE('',*,*,#4609,.T.);
#6068=ORIENTED_EDGE('',*,*,#4610,.F.);
#6069=ORIENTED_EDGE('',*,*,#4611,.T.);
#6070=ORIENTED_EDGE('',*,*,#4612,.F.);
#6071=ORIENTED_EDGE('',*,*,#4613,.T.);
#6072=ORIENTED_EDGE('',*,*,#4614,.F.);
#6073=ORIENTED_EDGE('',*,*,#4615,.T.);
#6074=ORIENTED_EDGE('',*,*,#4616,.F.);
#6075=ORIENTED_EDGE('',*,*,#4617,.T.);
#6076=ORIENTED_EDGE('',*,*,#4618,.F.);
#6077=ORIENTED_EDGE('',*,*,#4619,.T.);
#6078=ORIENTED_EDGE('',*,*,#4620,.F.);
#6079=ORIENTED_EDGE('',*,*,#4621,.T.);
#6080=ORIENTED_EDGE('',*,*,#4622,.T.);
#6081=ORIENTED_EDGE('',*,*,#4623,.F.);
#6082=ORIENTED_EDGE('',*,*,#4624,.F.);
#6083=ORIENTED_EDGE('',*,*,#4625,.F.);
#6084=ORIENTED_EDGE('',*,*,#4626,.F.);
#6085=ORIENTED_EDGE('',*,*,#4627,.T.);
#6086=ORIENTED_EDGE('',*,*,#4626,.T.);
#6087=ORIENTED_EDGE('',*,*,#4628,.F.);
#6088=ORIENTED_EDGE('',*,*,#4622,.F.);
#6089=ORIENTED_EDGE('',*,*,#4628,.T.);
#6090=ORIENTED_EDGE('',*,*,#4625,.T.);
#6091=ORIENTED_EDGE('',*,*,#4613,.F.);
#6092=ORIENTED_EDGE('',*,*,#4623,.T.);
#6093=ORIENTED_EDGE('',*,*,#4629,.T.);
#6094=ORIENTED_EDGE('',*,*,#4630,.T.);
#6095=ORIENTED_EDGE('',*,*,#4631,.F.);
#6096=ORIENTED_EDGE('',*,*,#4632,.F.);
#6097=ORIENTED_EDGE('',*,*,#4633,.F.);
#6098=ORIENTED_EDGE('',*,*,#4634,.F.);
#6099=ORIENTED_EDGE('',*,*,#4635,.T.);
#6100=ORIENTED_EDGE('',*,*,#4634,.T.);
#6101=ORIENTED_EDGE('',*,*,#4636,.F.);
#6102=ORIENTED_EDGE('',*,*,#4630,.F.);
#6103=ORIENTED_EDGE('',*,*,#4636,.T.);
#6104=ORIENTED_EDGE('',*,*,#4633,.T.);
#6105=ORIENTED_EDGE('',*,*,#4611,.F.);
#6106=ORIENTED_EDGE('',*,*,#4631,.T.);
#6107=ORIENTED_EDGE('',*,*,#4637,.T.);
#6108=ORIENTED_EDGE('',*,*,#4638,.T.);
#6109=ORIENTED_EDGE('',*,*,#4639,.F.);
#6110=ORIENTED_EDGE('',*,*,#4640,.F.);
#6111=ORIENTED_EDGE('',*,*,#4641,.F.);
#6112=ORIENTED_EDGE('',*,*,#4642,.F.);
#6113=ORIENTED_EDGE('',*,*,#4643,.T.);
#6114=ORIENTED_EDGE('',*,*,#4642,.T.);
#6115=ORIENTED_EDGE('',*,*,#4644,.F.);
#6116=ORIENTED_EDGE('',*,*,#4638,.F.);
#6117=ORIENTED_EDGE('',*,*,#4644,.T.);
#6118=ORIENTED_EDGE('',*,*,#4641,.T.);
#6119=ORIENTED_EDGE('',*,*,#4619,.F.);
#6120=ORIENTED_EDGE('',*,*,#4639,.T.);
#6121=ORIENTED_EDGE('',*,*,#4645,.T.);
#6122=ORIENTED_EDGE('',*,*,#4646,.T.);
#6123=ORIENTED_EDGE('',*,*,#4647,.F.);
#6124=ORIENTED_EDGE('',*,*,#4648,.F.);
#6125=ORIENTED_EDGE('',*,*,#4649,.F.);
#6126=ORIENTED_EDGE('',*,*,#4650,.F.);
#6127=ORIENTED_EDGE('',*,*,#4651,.T.);
#6128=ORIENTED_EDGE('',*,*,#4650,.T.);
#6129=ORIENTED_EDGE('',*,*,#4652,.F.);
#6130=ORIENTED_EDGE('',*,*,#4646,.F.);
#6131=ORIENTED_EDGE('',*,*,#4652,.T.);
#6132=ORIENTED_EDGE('',*,*,#4649,.T.);
#6133=ORIENTED_EDGE('',*,*,#4615,.F.);
#6134=ORIENTED_EDGE('',*,*,#4647,.T.);
#6135=ORIENTED_EDGE('',*,*,#4653,.T.);
#6136=ORIENTED_EDGE('',*,*,#4654,.T.);
#6137=ORIENTED_EDGE('',*,*,#4655,.F.);
#6138=ORIENTED_EDGE('',*,*,#4656,.F.);
#6139=ORIENTED_EDGE('',*,*,#4657,.F.);
#6140=ORIENTED_EDGE('',*,*,#4658,.F.);
#6141=ORIENTED_EDGE('',*,*,#4659,.T.);
#6142=ORIENTED_EDGE('',*,*,#4658,.T.);
#6143=ORIENTED_EDGE('',*,*,#4660,.F.);
#6144=ORIENTED_EDGE('',*,*,#4654,.F.);
#6145=ORIENTED_EDGE('',*,*,#4660,.T.);
#6146=ORIENTED_EDGE('',*,*,#4657,.T.);
#6147=ORIENTED_EDGE('',*,*,#4609,.F.);
#6148=ORIENTED_EDGE('',*,*,#4655,.T.);
#6149=ORIENTED_EDGE('',*,*,#4661,.T.);
#6150=ORIENTED_EDGE('',*,*,#4662,.T.);
#6151=ORIENTED_EDGE('',*,*,#4663,.F.);
#6152=ORIENTED_EDGE('',*,*,#4664,.F.);
#6153=ORIENTED_EDGE('',*,*,#4665,.F.);
#6154=ORIENTED_EDGE('',*,*,#4666,.F.);
#6155=ORIENTED_EDGE('',*,*,#4667,.T.);
#6156=ORIENTED_EDGE('',*,*,#4666,.T.);
#6157=ORIENTED_EDGE('',*,*,#4668,.F.);
#6158=ORIENTED_EDGE('',*,*,#4662,.F.);
#6159=ORIENTED_EDGE('',*,*,#4668,.T.);
#6160=ORIENTED_EDGE('',*,*,#4665,.T.);
#6161=ORIENTED_EDGE('',*,*,#4617,.F.);
#6162=ORIENTED_EDGE('',*,*,#4663,.T.);
#6163=ORIENTED_EDGE('',*,*,#4669,.T.);
#6164=ORIENTED_EDGE('',*,*,#4670,.F.);
#6165=ORIENTED_EDGE('',*,*,#4671,.F.);
#6166=ORIENTED_EDGE('',*,*,#4672,.T.);
#6167=ORIENTED_EDGE('',*,*,#4671,.T.);
#6168=ORIENTED_EDGE('',*,*,#4673,.F.);
#6169=ORIENTED_EDGE('',*,*,#4674,.F.);
#6170=ORIENTED_EDGE('',*,*,#4675,.T.);
#6171=ORIENTED_EDGE('',*,*,#4674,.T.);
#6172=ORIENTED_EDGE('',*,*,#4676,.F.);
#6173=ORIENTED_EDGE('',*,*,#4677,.F.);
#6174=ORIENTED_EDGE('',*,*,#4676,.T.);
#6175=ORIENTED_EDGE('',*,*,#4673,.T.);
#6176=ORIENTED_EDGE('',*,*,#4670,.T.);
#6177=ORIENTED_EDGE('',*,*,#4677,.T.);
#6178=ORIENTED_EDGE('',*,*,#4678,.T.);
#6179=ORIENTED_EDGE('',*,*,#4679,.T.);
#6180=ORIENTED_EDGE('',*,*,#4680,.T.);
#6181=ORIENTED_EDGE('',*,*,#4681,.T.);
#6182=ORIENTED_EDGE('',*,*,#4682,.T.);
#6183=ORIENTED_EDGE('',*,*,#4683,.T.);
#6184=ORIENTED_EDGE('',*,*,#4684,.T.);
#6185=ORIENTED_EDGE('',*,*,#4685,.T.);
#6186=ORIENTED_EDGE('',*,*,#4686,.T.);
#6187=ORIENTED_EDGE('',*,*,#4687,.T.);
#6188=ORIENTED_EDGE('',*,*,#4688,.T.);
#6189=ORIENTED_EDGE('',*,*,#4689,.T.);
#6190=ORIENTED_EDGE('',*,*,#4690,.T.);
#6191=ORIENTED_EDGE('',*,*,#4691,.T.);
#6192=ORIENTED_EDGE('',*,*,#4692,.T.);
#6193=ORIENTED_EDGE('',*,*,#4590,.F.);
#6194=ORIENTED_EDGE('',*,*,#4693,.F.);
#6195=ORIENTED_EDGE('',*,*,#4694,.T.);
#6196=ORIENTED_EDGE('',*,*,#4695,.F.);
#6197=ORIENTED_EDGE('',*,*,#4696,.F.);
#6198=ORIENTED_EDGE('',*,*,#4697,.T.);
#6199=ORIENTED_EDGE('',*,*,#4696,.T.);
#6200=ORIENTED_EDGE('',*,*,#4698,.F.);
#6201=ORIENTED_EDGE('',*,*,#4699,.F.);
#6202=ORIENTED_EDGE('',*,*,#4700,.T.);
#6203=ORIENTED_EDGE('',*,*,#4699,.T.);
#6204=ORIENTED_EDGE('',*,*,#4701,.F.);
#6205=ORIENTED_EDGE('',*,*,#4685,.F.);
#6206=ORIENTED_EDGE('',*,*,#4701,.T.);
#6207=ORIENTED_EDGE('',*,*,#4698,.T.);
#6208=ORIENTED_EDGE('',*,*,#4695,.T.);
#6209=ORIENTED_EDGE('',*,*,#4702,.T.);
#6210=ORIENTED_EDGE('',*,*,#4703,.F.);
#6211=ORIENTED_EDGE('',*,*,#4704,.F.);
#6212=ORIENTED_EDGE('',*,*,#4705,.T.);
#6213=ORIENTED_EDGE('',*,*,#4704,.T.);
#6214=ORIENTED_EDGE('',*,*,#4706,.F.);
#6215=ORIENTED_EDGE('',*,*,#4707,.F.);
#6216=ORIENTED_EDGE('',*,*,#4708,.T.);
#6217=ORIENTED_EDGE('',*,*,#4707,.T.);
#6218=ORIENTED_EDGE('',*,*,#4709,.F.);
#6219=ORIENTED_EDGE('',*,*,#4687,.F.);
#6220=ORIENTED_EDGE('',*,*,#4709,.T.);
#6221=ORIENTED_EDGE('',*,*,#4706,.T.);
#6222=ORIENTED_EDGE('',*,*,#4703,.T.);
#6223=ORIENTED_EDGE('',*,*,#4710,.T.);
#6224=ORIENTED_EDGE('',*,*,#4711,.F.);
#6225=ORIENTED_EDGE('',*,*,#4712,.F.);
#6226=ORIENTED_EDGE('',*,*,#4713,.T.);
#6227=ORIENTED_EDGE('',*,*,#4712,.T.);
#6228=ORIENTED_EDGE('',*,*,#4714,.F.);
#6229=ORIENTED_EDGE('',*,*,#4715,.F.);
#6230=ORIENTED_EDGE('',*,*,#4716,.T.);
#6231=ORIENTED_EDGE('',*,*,#4715,.T.);
#6232=ORIENTED_EDGE('',*,*,#4717,.F.);
#6233=ORIENTED_EDGE('',*,*,#4679,.F.);
#6234=ORIENTED_EDGE('',*,*,#4717,.T.);
#6235=ORIENTED_EDGE('',*,*,#4714,.T.);
#6236=ORIENTED_EDGE('',*,*,#4711,.T.);
#6237=ORIENTED_EDGE('',*,*,#4718,.T.);
#6238=ORIENTED_EDGE('',*,*,#4719,.F.);
#6239=ORIENTED_EDGE('',*,*,#4720,.F.);
#6240=ORIENTED_EDGE('',*,*,#4721,.T.);
#6241=ORIENTED_EDGE('',*,*,#4720,.T.);
#6242=ORIENTED_EDGE('',*,*,#4722,.F.);
#6243=ORIENTED_EDGE('',*,*,#4723,.F.);
#6244=ORIENTED_EDGE('',*,*,#4724,.T.);
#6245=ORIENTED_EDGE('',*,*,#4723,.T.);
#6246=ORIENTED_EDGE('',*,*,#4725,.F.);
#6247=ORIENTED_EDGE('',*,*,#4683,.F.);
#6248=ORIENTED_EDGE('',*,*,#4725,.T.);
#6249=ORIENTED_EDGE('',*,*,#4722,.T.);
#6250=ORIENTED_EDGE('',*,*,#4719,.T.);
#6251=ORIENTED_EDGE('',*,*,#4726,.T.);
#6252=ORIENTED_EDGE('',*,*,#4727,.F.);
#6253=ORIENTED_EDGE('',*,*,#4728,.F.);
#6254=ORIENTED_EDGE('',*,*,#4729,.T.);
#6255=ORIENTED_EDGE('',*,*,#4728,.T.);
#6256=ORIENTED_EDGE('',*,*,#4730,.F.);
#6257=ORIENTED_EDGE('',*,*,#4731,.F.);
#6258=ORIENTED_EDGE('',*,*,#4732,.T.);
#6259=ORIENTED_EDGE('',*,*,#4731,.T.);
#6260=ORIENTED_EDGE('',*,*,#4733,.F.);
#6261=ORIENTED_EDGE('',*,*,#4689,.F.);
#6262=ORIENTED_EDGE('',*,*,#4733,.T.);
#6263=ORIENTED_EDGE('',*,*,#4730,.T.);
#6264=ORIENTED_EDGE('',*,*,#4727,.T.);
#6265=ORIENTED_EDGE('',*,*,#4734,.T.);
#6266=ORIENTED_EDGE('',*,*,#4735,.F.);
#6267=ORIENTED_EDGE('',*,*,#4736,.F.);
#6268=ORIENTED_EDGE('',*,*,#4737,.T.);
#6269=ORIENTED_EDGE('',*,*,#4736,.T.);
#6270=ORIENTED_EDGE('',*,*,#4738,.F.);
#6271=ORIENTED_EDGE('',*,*,#4739,.F.);
#6272=ORIENTED_EDGE('',*,*,#4740,.T.);
#6273=ORIENTED_EDGE('',*,*,#4739,.T.);
#6274=ORIENTED_EDGE('',*,*,#4741,.F.);
#6275=ORIENTED_EDGE('',*,*,#4681,.F.);
#6276=ORIENTED_EDGE('',*,*,#4741,.T.);
#6277=ORIENTED_EDGE('',*,*,#4738,.T.);
#6278=ORIENTED_EDGE('',*,*,#4735,.T.);
#6279=ORIENTED_EDGE('',*,*,#4742,.F.);
#6280=ORIENTED_EDGE('',*,*,#4743,.F.);
#6281=ORIENTED_EDGE('',*,*,#4744,.F.);
#6282=ORIENTED_EDGE('',*,*,#4745,.F.);
#6283=ORIENTED_EDGE('',*,*,#4746,.F.);
#6284=ORIENTED_EDGE('',*,*,#4747,.F.);
#6285=ORIENTED_EDGE('',*,*,#4748,.F.);
#6286=ORIENTED_EDGE('',*,*,#4749,.F.);
#6287=ORIENTED_EDGE('',*,*,#4750,.F.);
#6288=ORIENTED_EDGE('',*,*,#4751,.F.);
#6289=ORIENTED_EDGE('',*,*,#4752,.F.);
#6290=ORIENTED_EDGE('',*,*,#4753,.F.);
#6291=ORIENTED_EDGE('',*,*,#4754,.F.);
#6292=ORIENTED_EDGE('',*,*,#4755,.F.);
#6293=ORIENTED_EDGE('',*,*,#4756,.F.);
#6294=ORIENTED_EDGE('',*,*,#4757,.F.);
#6295=ORIENTED_EDGE('',*,*,#4758,.F.);
#6296=ORIENTED_EDGE('',*,*,#4759,.F.);
#6297=ORIENTED_EDGE('',*,*,#4760,.F.);
#6298=ORIENTED_EDGE('',*,*,#4761,.F.);
#6299=ORIENTED_EDGE('',*,*,#4762,.F.);
#6300=ORIENTED_EDGE('',*,*,#4763,.F.);
#6301=ORIENTED_EDGE('',*,*,#4764,.F.);
#6302=ORIENTED_EDGE('',*,*,#4765,.F.);
#6303=ORIENTED_EDGE('',*,*,#4766,.F.);
#6304=ORIENTED_EDGE('',*,*,#4767,.F.);
#6305=ORIENTED_EDGE('',*,*,#4768,.F.);
#6306=ORIENTED_EDGE('',*,*,#4769,.F.);
#6307=ORIENTED_EDGE('',*,*,#4766,.T.);
#6308=ORIENTED_EDGE('',*,*,#4770,.T.);
#6309=ORIENTED_EDGE('',*,*,#4771,.T.);
#6310=ORIENTED_EDGE('',*,*,#4772,.T.);
#6311=ORIENTED_EDGE('',*,*,#4773,.T.);
#6312=ORIENTED_EDGE('',*,*,#4726,.F.);
#6313=ORIENTED_EDGE('',*,*,#4774,.F.);
#6314=ORIENTED_EDGE('',*,*,#4653,.F.);
#6315=ORIENTED_EDGE('',*,*,#4775,.T.);
#6316=ORIENTED_EDGE('',*,*,#4776,.T.);
#6317=ORIENTED_EDGE('',*,*,#4777,.F.);
#6318=ORIENTED_EDGE('',*,*,#4778,.F.);
#6319=ORIENTED_EDGE('',*,*,#4779,.F.);
#6320=ORIENTED_EDGE('',*,*,#4780,.F.);
#6321=ORIENTED_EDGE('',*,*,#4769,.T.);
#6322=ORIENTED_EDGE('',*,*,#4781,.T.);
#6323=ORIENTED_EDGE('',*,*,#4782,.T.);
#6324=ORIENTED_EDGE('',*,*,#4770,.F.);
#6325=ORIENTED_EDGE('',*,*,#4768,.T.);
#6326=ORIENTED_EDGE('',*,*,#4783,.T.);
#6327=ORIENTED_EDGE('',*,*,#4784,.T.);
#6328=ORIENTED_EDGE('',*,*,#4656,.T.);
#6329=ORIENTED_EDGE('',*,*,#4785,.T.);
#6330=ORIENTED_EDGE('',*,*,#4732,.F.);
#6331=ORIENTED_EDGE('',*,*,#4786,.T.);
#6332=ORIENTED_EDGE('',*,*,#4787,.T.);
#6333=ORIENTED_EDGE('',*,*,#4788,.T.);
#6334=ORIENTED_EDGE('',*,*,#4781,.F.);
#6335=ORIENTED_EDGE('',*,*,#4789,.F.);
#6336=ORIENTED_EDGE('',*,*,#4790,.F.);
#6337=ORIENTED_EDGE('',*,*,#4791,.F.);
#6338=ORIENTED_EDGE('',*,*,#4792,.F.);
#6339=ORIENTED_EDGE('',*,*,#4762,.T.);
#6340=ORIENTED_EDGE('',*,*,#4793,.T.);
#6341=ORIENTED_EDGE('',*,*,#4794,.T.);
#6342=ORIENTED_EDGE('',*,*,#4795,.T.);
#6343=ORIENTED_EDGE('',*,*,#4796,.T.);
#6344=ORIENTED_EDGE('',*,*,#4702,.F.);
#6345=ORIENTED_EDGE('',*,*,#4797,.F.);
#6346=ORIENTED_EDGE('',*,*,#4629,.F.);
#6347=ORIENTED_EDGE('',*,*,#4798,.T.);
#6348=ORIENTED_EDGE('',*,*,#4799,.T.);
#6349=ORIENTED_EDGE('',*,*,#4800,.F.);
#6350=ORIENTED_EDGE('',*,*,#4801,.F.);
#6351=ORIENTED_EDGE('',*,*,#4802,.F.);
#6352=ORIENTED_EDGE('',*,*,#4803,.F.);
#6353=ORIENTED_EDGE('',*,*,#4765,.T.);
#6354=ORIENTED_EDGE('',*,*,#4804,.T.);
#6355=ORIENTED_EDGE('',*,*,#4805,.T.);
#6356=ORIENTED_EDGE('',*,*,#4793,.F.);
#6357=ORIENTED_EDGE('',*,*,#4764,.T.);
#6358=ORIENTED_EDGE('',*,*,#4806,.T.);
#6359=ORIENTED_EDGE('',*,*,#4807,.T.);
#6360=ORIENTED_EDGE('',*,*,#4632,.T.);
#6361=ORIENTED_EDGE('',*,*,#4808,.T.);
#6362=ORIENTED_EDGE('',*,*,#4708,.F.);
#6363=ORIENTED_EDGE('',*,*,#4809,.T.);
#6364=ORIENTED_EDGE('',*,*,#4810,.T.);
#6365=ORIENTED_EDGE('',*,*,#4811,.T.);
#6366=ORIENTED_EDGE('',*,*,#4804,.F.);
#6367=ORIENTED_EDGE('',*,*,#4812,.F.);
#6368=ORIENTED_EDGE('',*,*,#4813,.F.);
#6369=ORIENTED_EDGE('',*,*,#4814,.F.);
#6370=ORIENTED_EDGE('',*,*,#4815,.F.);
#6371=ORIENTED_EDGE('',*,*,#4758,.T.);
#6372=ORIENTED_EDGE('',*,*,#4816,.T.);
#6373=ORIENTED_EDGE('',*,*,#4817,.T.);
#6374=ORIENTED_EDGE('',*,*,#4818,.T.);
#6375=ORIENTED_EDGE('',*,*,#4819,.T.);
#6376=ORIENTED_EDGE('',*,*,#4694,.F.);
#6377=ORIENTED_EDGE('',*,*,#4820,.F.);
#6378=ORIENTED_EDGE('',*,*,#4621,.F.);
#6379=ORIENTED_EDGE('',*,*,#4821,.T.);
#6380=ORIENTED_EDGE('',*,*,#4822,.T.);
#6381=ORIENTED_EDGE('',*,*,#4823,.F.);
#6382=ORIENTED_EDGE('',*,*,#4824,.F.);
#6383=ORIENTED_EDGE('',*,*,#4825,.F.);
#6384=ORIENTED_EDGE('',*,*,#4826,.F.);
#6385=ORIENTED_EDGE('',*,*,#4761,.T.);
#6386=ORIENTED_EDGE('',*,*,#4827,.T.);
#6387=ORIENTED_EDGE('',*,*,#4828,.T.);
#6388=ORIENTED_EDGE('',*,*,#4816,.F.);
#6389=ORIENTED_EDGE('',*,*,#4760,.T.);
#6390=ORIENTED_EDGE('',*,*,#4829,.T.);
#6391=ORIENTED_EDGE('',*,*,#4830,.T.);
#6392=ORIENTED_EDGE('',*,*,#4624,.T.);
#6393=ORIENTED_EDGE('',*,*,#4831,.T.);
#6394=ORIENTED_EDGE('',*,*,#4700,.F.);
#6395=ORIENTED_EDGE('',*,*,#4832,.T.);
#6396=ORIENTED_EDGE('',*,*,#4833,.T.);
#6397=ORIENTED_EDGE('',*,*,#4834,.T.);
#6398=ORIENTED_EDGE('',*,*,#4827,.F.);
#6399=ORIENTED_EDGE('',*,*,#4835,.F.);
#6400=ORIENTED_EDGE('',*,*,#4836,.F.);
#6401=ORIENTED_EDGE('',*,*,#4837,.F.);
#6402=ORIENTED_EDGE('',*,*,#4838,.F.);
#6403=ORIENTED_EDGE('',*,*,#4754,.T.);
#6404=ORIENTED_EDGE('',*,*,#4839,.T.);
#6405=ORIENTED_EDGE('',*,*,#4840,.T.);
#6406=ORIENTED_EDGE('',*,*,#4841,.T.);
#6407=ORIENTED_EDGE('',*,*,#4842,.T.);
#6408=ORIENTED_EDGE('',*,*,#4718,.F.);
#6409=ORIENTED_EDGE('',*,*,#4843,.F.);
#6410=ORIENTED_EDGE('',*,*,#4645,.F.);
#6411=ORIENTED_EDGE('',*,*,#4844,.T.);
#6412=ORIENTED_EDGE('',*,*,#4845,.T.);
#6413=ORIENTED_EDGE('',*,*,#4846,.F.);
#6414=ORIENTED_EDGE('',*,*,#4847,.F.);
#6415=ORIENTED_EDGE('',*,*,#4848,.F.);
#6416=ORIENTED_EDGE('',*,*,#4849,.F.);
#6417=ORIENTED_EDGE('',*,*,#4757,.T.);
#6418=ORIENTED_EDGE('',*,*,#4850,.T.);
#6419=ORIENTED_EDGE('',*,*,#4851,.T.);
#6420=ORIENTED_EDGE('',*,*,#4839,.F.);
#6421=ORIENTED_EDGE('',*,*,#4756,.T.);
#6422=ORIENTED_EDGE('',*,*,#4852,.T.);
#6423=ORIENTED_EDGE('',*,*,#4853,.T.);
#6424=ORIENTED_EDGE('',*,*,#4648,.T.);
#6425=ORIENTED_EDGE('',*,*,#4854,.T.);
#6426=ORIENTED_EDGE('',*,*,#4724,.F.);
#6427=ORIENTED_EDGE('',*,*,#4855,.T.);
#6428=ORIENTED_EDGE('',*,*,#4856,.T.);
#6429=ORIENTED_EDGE('',*,*,#4857,.T.);
#6430=ORIENTED_EDGE('',*,*,#4850,.F.);
#6431=ORIENTED_EDGE('',*,*,#4858,.F.);
#6432=ORIENTED_EDGE('',*,*,#4859,.F.);
#6433=ORIENTED_EDGE('',*,*,#4860,.F.);
#6434=ORIENTED_EDGE('',*,*,#4861,.F.);
#6435=ORIENTED_EDGE('',*,*,#4750,.T.);
#6436=ORIENTED_EDGE('',*,*,#4862,.T.);
#6437=ORIENTED_EDGE('',*,*,#4863,.T.);
#6438=ORIENTED_EDGE('',*,*,#4864,.T.);
#6439=ORIENTED_EDGE('',*,*,#4865,.T.);
#6440=ORIENTED_EDGE('',*,*,#4734,.F.);
#6441=ORIENTED_EDGE('',*,*,#4866,.F.);
#6442=ORIENTED_EDGE('',*,*,#4661,.F.);
#6443=ORIENTED_EDGE('',*,*,#4867,.T.);
#6444=ORIENTED_EDGE('',*,*,#4868,.T.);
#6445=ORIENTED_EDGE('',*,*,#4869,.F.);
#6446=ORIENTED_EDGE('',*,*,#4870,.F.);
#6447=ORIENTED_EDGE('',*,*,#4871,.F.);
#6448=ORIENTED_EDGE('',*,*,#4872,.F.);
#6449=ORIENTED_EDGE('',*,*,#4753,.T.);
#6450=ORIENTED_EDGE('',*,*,#4873,.T.);
#6451=ORIENTED_EDGE('',*,*,#4874,.T.);
#6452=ORIENTED_EDGE('',*,*,#4862,.F.);
#6453=ORIENTED_EDGE('',*,*,#4752,.T.);
#6454=ORIENTED_EDGE('',*,*,#4875,.T.);
#6455=ORIENTED_EDGE('',*,*,#4876,.T.);
#6456=ORIENTED_EDGE('',*,*,#4664,.T.);
#6457=ORIENTED_EDGE('',*,*,#4877,.T.);
#6458=ORIENTED_EDGE('',*,*,#4740,.F.);
#6459=ORIENTED_EDGE('',*,*,#4878,.T.);
#6460=ORIENTED_EDGE('',*,*,#4879,.T.);
#6461=ORIENTED_EDGE('',*,*,#4880,.T.);
#6462=ORIENTED_EDGE('',*,*,#4873,.F.);
#6463=ORIENTED_EDGE('',*,*,#4881,.F.);
#6464=ORIENTED_EDGE('',*,*,#4882,.F.);
#6465=ORIENTED_EDGE('',*,*,#4883,.F.);
#6466=ORIENTED_EDGE('',*,*,#4884,.F.);
#6467=ORIENTED_EDGE('',*,*,#4749,.T.);
#6468=ORIENTED_EDGE('',*,*,#4885,.T.);
#6469=ORIENTED_EDGE('',*,*,#4886,.T.);
#6470=ORIENTED_EDGE('',*,*,#4887,.F.);
#6471=ORIENTED_EDGE('',*,*,#4748,.T.);
#6472=ORIENTED_EDGE('',*,*,#4888,.T.);
#6473=ORIENTED_EDGE('',*,*,#4889,.T.);
#6474=ORIENTED_EDGE('',*,*,#4640,.T.);
#6475=ORIENTED_EDGE('',*,*,#4890,.T.);
#6476=ORIENTED_EDGE('',*,*,#4716,.F.);
#6477=ORIENTED_EDGE('',*,*,#4891,.T.);
#6478=ORIENTED_EDGE('',*,*,#4892,.T.);
#6479=ORIENTED_EDGE('',*,*,#4893,.T.);
#6480=ORIENTED_EDGE('',*,*,#4885,.F.);
#6481=ORIENTED_EDGE('',*,*,#4894,.F.);
#6482=ORIENTED_EDGE('',*,*,#4895,.F.);
#6483=ORIENTED_EDGE('',*,*,#4896,.F.);
#6484=ORIENTED_EDGE('',*,*,#4897,.F.);
#6485=ORIENTED_EDGE('',*,*,#4743,.T.);
#6486=ORIENTED_EDGE('',*,*,#4898,.T.);
#6487=ORIENTED_EDGE('',*,*,#4899,.T.);
#6488=ORIENTED_EDGE('',*,*,#4900,.F.);
#6489=ORIENTED_EDGE('',*,*,#4901,.F.);
#6490=ORIENTED_EDGE('',*,*,#4902,.T.);
#6491=ORIENTED_EDGE('',*,*,#4903,.F.);
#6492=ORIENTED_EDGE('',*,*,#4904,.F.);
#6493=ORIENTED_EDGE('',*,*,#4667,.F.);
#6494=ORIENTED_EDGE('',*,*,#4866,.T.);
#6495=ORIENTED_EDGE('',*,*,#4737,.F.);
#6496=ORIENTED_EDGE('',*,*,#4877,.F.);
#6497=ORIENTED_EDGE('',*,*,#4777,.T.);
#6498=ORIENTED_EDGE('',*,*,#4905,.T.);
#6499=ORIENTED_EDGE('',*,*,#4903,.T.);
#6500=ORIENTED_EDGE('',*,*,#4906,.T.);
#6501=ORIENTED_EDGE('',*,*,#4778,.T.);
#6502=ORIENTED_EDGE('',*,*,#4906,.F.);
#6503=ORIENTED_EDGE('',*,*,#4902,.F.);
#6504=ORIENTED_EDGE('',*,*,#4907,.F.);
#6505=ORIENTED_EDGE('',*,*,#4861,.T.);
#6506=ORIENTED_EDGE('',*,*,#4908,.F.);
#6507=ORIENTED_EDGE('',*,*,#4871,.T.);
#6508=ORIENTED_EDGE('',*,*,#4909,.F.);
#6509=ORIENTED_EDGE('',*,*,#4780,.T.);
#6510=ORIENTED_EDGE('',*,*,#4910,.F.);
#6511=ORIENTED_EDGE('',*,*,#4904,.T.);
#6512=ORIENTED_EDGE('',*,*,#4905,.F.);
#6513=ORIENTED_EDGE('',*,*,#4858,.T.);
#6514=ORIENTED_EDGE('',*,*,#4909,.T.);
#6515=ORIENTED_EDGE('',*,*,#4870,.T.);
#6516=ORIENTED_EDGE('',*,*,#4911,.T.);
#6517=ORIENTED_EDGE('',*,*,#4779,.T.);
#6518=ORIENTED_EDGE('',*,*,#4907,.T.);
#6519=ORIENTED_EDGE('',*,*,#4901,.T.);
#6520=ORIENTED_EDGE('',*,*,#4910,.T.);
#6521=ORIENTED_EDGE('',*,*,#4659,.F.);
#6522=ORIENTED_EDGE('',*,*,#4774,.T.);
#6523=ORIENTED_EDGE('',*,*,#4729,.F.);
#6524=ORIENTED_EDGE('',*,*,#4785,.F.);
#6525=ORIENTED_EDGE('',*,*,#4860,.T.);
#6526=ORIENTED_EDGE('',*,*,#4912,.T.);
#6527=ORIENTED_EDGE('',*,*,#4872,.T.);
#6528=ORIENTED_EDGE('',*,*,#4908,.T.);
#6529=ORIENTED_EDGE('',*,*,#4859,.T.);
#6530=ORIENTED_EDGE('',*,*,#4911,.F.);
#6531=ORIENTED_EDGE('',*,*,#4869,.T.);
#6532=ORIENTED_EDGE('',*,*,#4912,.F.);
#6533=ORIENTED_EDGE('',*,*,#4651,.F.);
#6534=ORIENTED_EDGE('',*,*,#4843,.T.);
#6535=ORIENTED_EDGE('',*,*,#4721,.F.);
#6536=ORIENTED_EDGE('',*,*,#4854,.F.);
#6537=ORIENTED_EDGE('',*,*,#4800,.T.);
#6538=ORIENTED_EDGE('',*,*,#4913,.F.);
#6539=ORIENTED_EDGE('',*,*,#4792,.T.);
#6540=ORIENTED_EDGE('',*,*,#4914,.F.);
#6541=ORIENTED_EDGE('',*,*,#4801,.T.);
#6542=ORIENTED_EDGE('',*,*,#4914,.T.);
#6543=ORIENTED_EDGE('',*,*,#4791,.T.);
#6544=ORIENTED_EDGE('',*,*,#4915,.T.);
#6545=ORIENTED_EDGE('',*,*,#4838,.T.);
#6546=ORIENTED_EDGE('',*,*,#4916,.T.);
#6547=ORIENTED_EDGE('',*,*,#4848,.T.);
#6548=ORIENTED_EDGE('',*,*,#4917,.T.);
#6549=ORIENTED_EDGE('',*,*,#4803,.T.);
#6550=ORIENTED_EDGE('',*,*,#4918,.T.);
#6551=ORIENTED_EDGE('',*,*,#4789,.T.);
#6552=ORIENTED_EDGE('',*,*,#4913,.T.);
#6553=ORIENTED_EDGE('',*,*,#4835,.T.);
#6554=ORIENTED_EDGE('',*,*,#4917,.F.);
#6555=ORIENTED_EDGE('',*,*,#4847,.T.);
#6556=ORIENTED_EDGE('',*,*,#4919,.F.);
#6557=ORIENTED_EDGE('',*,*,#4802,.T.);
#6558=ORIENTED_EDGE('',*,*,#4915,.F.);
#6559=ORIENTED_EDGE('',*,*,#4790,.T.);
#6560=ORIENTED_EDGE('',*,*,#4918,.F.);
#6561=ORIENTED_EDGE('',*,*,#4635,.F.);
#6562=ORIENTED_EDGE('',*,*,#4797,.T.);
#6563=ORIENTED_EDGE('',*,*,#4705,.F.);
#6564=ORIENTED_EDGE('',*,*,#4808,.F.);
#6565=ORIENTED_EDGE('',*,*,#4920,.T.);
#6566=ORIENTED_EDGE('',*,*,#4921,.T.);
#6567=ORIENTED_EDGE('',*,*,#4882,.T.);
#6568=ORIENTED_EDGE('',*,*,#4922,.T.);
#6569=ORIENTED_EDGE('',*,*,#4923,.T.);
#6570=ORIENTED_EDGE('',*,*,#4922,.F.);
#6571=ORIENTED_EDGE('',*,*,#4881,.T.);
#6572=ORIENTED_EDGE('',*,*,#4924,.F.);
#6573=ORIENTED_EDGE('',*,*,#4925,.T.);
#6574=ORIENTED_EDGE('',*,*,#4926,.T.);
#6575=ORIENTED_EDGE('',*,*,#4593,.F.);
#6576=ORIENTED_EDGE('',*,*,#4927,.F.);
#6577=ORIENTED_EDGE('',*,*,#4928,.T.);
#6578=ORIENTED_EDGE('',*,*,#4929,.F.);
#6579=ORIENTED_EDGE('',*,*,#4883,.T.);
#6580=ORIENTED_EDGE('',*,*,#4921,.F.);
#6581=ORIENTED_EDGE('',*,*,#4930,.T.);
#6582=ORIENTED_EDGE('',*,*,#4927,.T.);
#6583=ORIENTED_EDGE('',*,*,#4592,.F.);
#6584=ORIENTED_EDGE('',*,*,#4931,.T.);
#6585=ORIENTED_EDGE('',*,*,#4932,.T.);
#6586=ORIENTED_EDGE('',*,*,#4924,.T.);
#6587=ORIENTED_EDGE('',*,*,#4884,.T.);
#6588=ORIENTED_EDGE('',*,*,#4929,.T.);
#6589=ORIENTED_EDGE('',*,*,#4643,.F.);
#6590=ORIENTED_EDGE('',*,*,#4933,.T.);
#6591=ORIENTED_EDGE('',*,*,#4713,.F.);
#6592=ORIENTED_EDGE('',*,*,#4890,.F.);
#6593=ORIENTED_EDGE('',*,*,#4823,.T.);
#6594=ORIENTED_EDGE('',*,*,#4934,.F.);
#6595=ORIENTED_EDGE('',*,*,#4814,.T.);
#6596=ORIENTED_EDGE('',*,*,#4935,.F.);
#6597=ORIENTED_EDGE('',*,*,#4824,.T.);
#6598=ORIENTED_EDGE('',*,*,#4935,.T.);
#6599=ORIENTED_EDGE('',*,*,#4813,.T.);
#6600=ORIENTED_EDGE('',*,*,#4936,.T.);
#6601=ORIENTED_EDGE('',*,*,#4837,.T.);
#6602=ORIENTED_EDGE('',*,*,#4937,.F.);
#6603=ORIENTED_EDGE('',*,*,#4849,.T.);
#6604=ORIENTED_EDGE('',*,*,#4916,.F.);
#6605=ORIENTED_EDGE('',*,*,#4825,.T.);
#6606=ORIENTED_EDGE('',*,*,#4936,.F.);
#6607=ORIENTED_EDGE('',*,*,#4812,.T.);
#6608=ORIENTED_EDGE('',*,*,#4938,.F.);
#6609=ORIENTED_EDGE('',*,*,#4836,.T.);
#6610=ORIENTED_EDGE('',*,*,#4919,.T.);
#6611=ORIENTED_EDGE('',*,*,#4846,.T.);
#6612=ORIENTED_EDGE('',*,*,#4937,.T.);
#6613=ORIENTED_EDGE('',*,*,#4826,.T.);
#6614=ORIENTED_EDGE('',*,*,#4938,.T.);
#6615=ORIENTED_EDGE('',*,*,#4815,.T.);
#6616=ORIENTED_EDGE('',*,*,#4934,.T.);
#6617=ORIENTED_EDGE('',*,*,#4627,.F.);
#6618=ORIENTED_EDGE('',*,*,#4820,.T.);
#6619=ORIENTED_EDGE('',*,*,#4697,.F.);
#6620=ORIENTED_EDGE('',*,*,#4831,.F.);
#6621=ORIENTED_EDGE('',*,*,#4939,.T.);
#6622=ORIENTED_EDGE('',*,*,#4940,.T.);
#6623=ORIENTED_EDGE('',*,*,#4896,.T.);
#6624=ORIENTED_EDGE('',*,*,#4941,.T.);
#6625=ORIENTED_EDGE('',*,*,#4942,.T.);
#6626=ORIENTED_EDGE('',*,*,#4941,.F.);
#6627=ORIENTED_EDGE('',*,*,#4895,.T.);
#6628=ORIENTED_EDGE('',*,*,#4943,.F.);
#6629=ORIENTED_EDGE('',*,*,#4944,.T.);
#6630=ORIENTED_EDGE('',*,*,#4945,.T.);
#6631=ORIENTED_EDGE('',*,*,#4594,.F.);
#6632=ORIENTED_EDGE('',*,*,#4926,.F.);
#6633=ORIENTED_EDGE('',*,*,#4946,.T.);
#6634=ORIENTED_EDGE('',*,*,#4943,.T.);
#6635=ORIENTED_EDGE('',*,*,#4894,.T.);
#6636=ORIENTED_EDGE('',*,*,#4947,.T.);
#6637=ORIENTED_EDGE('',*,*,#4948,.T.);
#6638=ORIENTED_EDGE('',*,*,#4931,.F.);
#6639=ORIENTED_EDGE('',*,*,#4595,.F.);
#6640=ORIENTED_EDGE('',*,*,#4945,.F.);
#6641=ORIENTED_EDGE('',*,*,#4949,.T.);
#6642=ORIENTED_EDGE('',*,*,#4947,.F.);
#6643=ORIENTED_EDGE('',*,*,#4897,.T.);
#6644=ORIENTED_EDGE('',*,*,#4940,.F.);
#6645=ORIENTED_EDGE('',*,*,#4602,.F.);
#6646=ORIENTED_EDGE('',*,*,#4950,.T.);
#6647=ORIENTED_EDGE('',*,*,#4672,.F.);
#6648=ORIENTED_EDGE('',*,*,#4951,.F.);
#6649=ORIENTED_EDGE('',*,*,#4746,.T.);
#6650=ORIENTED_EDGE('',*,*,#4887,.T.);
#6651=ORIENTED_EDGE('',*,*,#4952,.T.);
#6652=ORIENTED_EDGE('',*,*,#4953,.T.);
#6653=ORIENTED_EDGE('',*,*,#4954,.T.);
#6654=ORIENTED_EDGE('',*,*,#4710,.F.);
#6655=ORIENTED_EDGE('',*,*,#4933,.F.);
#6656=ORIENTED_EDGE('',*,*,#4637,.F.);
#6657=ORIENTED_EDGE('',*,*,#4955,.T.);
#6658=ORIENTED_EDGE('',*,*,#4956,.T.);
#6659=ORIENTED_EDGE('',*,*,#4920,.F.);
#6660=ORIENTED_EDGE('',*,*,#4923,.F.);
#6661=ORIENTED_EDGE('',*,*,#4932,.F.);
#6662=ORIENTED_EDGE('',*,*,#4928,.F.);
#6663=ORIENTED_EDGE('',*,*,#4957,.F.);
#6664=ORIENTED_EDGE('',*,*,#4958,.F.);
#6665=ORIENTED_EDGE('',*,*,#4891,.F.);
#6666=ORIENTED_EDGE('',*,*,#4678,.F.);
#6667=ORIENTED_EDGE('',*,*,#4959,.F.);
#6668=ORIENTED_EDGE('',*,*,#4960,.T.);
#6669=ORIENTED_EDGE('',*,*,#4691,.F.);
#6670=ORIENTED_EDGE('',*,*,#4961,.F.);
#6671=ORIENTED_EDGE('',*,*,#4692,.F.);
#6672=ORIENTED_EDGE('',*,*,#4960,.F.);
#6673=ORIENTED_EDGE('',*,*,#4962,.F.);
#6674=ORIENTED_EDGE('',*,*,#4963,.F.);
#6675=ORIENTED_EDGE('',*,*,#4964,.F.);
#6676=ORIENTED_EDGE('',*,*,#4965,.F.);
#6677=ORIENTED_EDGE('',*,*,#4966,.F.);
#6678=ORIENTED_EDGE('',*,*,#4967,.F.);
#6679=ORIENTED_EDGE('',*,*,#4968,.F.);
#6680=ORIENTED_EDGE('',*,*,#4969,.F.);
#6681=ORIENTED_EDGE('',*,*,#4970,.F.);
#6682=ORIENTED_EDGE('',*,*,#4971,.F.);
#6683=ORIENTED_EDGE('',*,*,#4972,.F.);
#6684=ORIENTED_EDGE('',*,*,#4973,.F.);
#6685=ORIENTED_EDGE('',*,*,#4974,.F.);
#6686=ORIENTED_EDGE('',*,*,#4975,.F.);
#6687=ORIENTED_EDGE('',*,*,#4976,.F.);
#6688=ORIENTED_EDGE('',*,*,#4591,.F.);
#6689=ORIENTED_EDGE('',*,*,#4977,.F.);
#6690=ORIENTED_EDGE('',*,*,#4974,.T.);
#6691=ORIENTED_EDGE('',*,*,#4892,.F.);
#6692=ORIENTED_EDGE('',*,*,#4958,.T.);
#6693=ORIENTED_EDGE('',*,*,#4978,.F.);
#6694=ORIENTED_EDGE('',*,*,#4979,.T.);
#6695=ORIENTED_EDGE('',*,*,#4588,.F.);
#6696=ORIENTED_EDGE('',*,*,#4976,.T.);
#6697=ORIENTED_EDGE('',*,*,#4818,.F.);
#6698=ORIENTED_EDGE('',*,*,#4966,.T.);
#6699=ORIENTED_EDGE('',*,*,#4810,.F.);
#6700=ORIENTED_EDGE('',*,*,#4980,.T.);
#6701=ORIENTED_EDGE('',*,*,#4833,.F.);
#6702=ORIENTED_EDGE('',*,*,#4981,.T.);
#6703=ORIENTED_EDGE('',*,*,#4841,.F.);
#6704=ORIENTED_EDGE('',*,*,#4968,.T.);
#6705=ORIENTED_EDGE('',*,*,#4953,.F.);
#6706=ORIENTED_EDGE('',*,*,#4972,.T.);
#6707=ORIENTED_EDGE('',*,*,#4879,.F.);
#6708=ORIENTED_EDGE('',*,*,#4982,.T.);
#6709=ORIENTED_EDGE('',*,*,#4795,.F.);
#6710=ORIENTED_EDGE('',*,*,#4964,.T.);
#6711=ORIENTED_EDGE('',*,*,#4787,.F.);
#6712=ORIENTED_EDGE('',*,*,#4983,.T.);
#6713=ORIENTED_EDGE('',*,*,#4856,.F.);
#6714=ORIENTED_EDGE('',*,*,#4984,.T.);
#6715=ORIENTED_EDGE('',*,*,#4864,.F.);
#6716=ORIENTED_EDGE('',*,*,#4970,.T.);
#6717=ORIENTED_EDGE('',*,*,#4772,.F.);
#6718=ORIENTED_EDGE('',*,*,#4962,.T.);
#6719=ORIENTED_EDGE('',*,*,#4959,.T.);
#6720=ORIENTED_EDGE('',*,*,#4985,.T.);
#6721=ORIENTED_EDGE('',*,*,#4986,.F.);
#6722=ORIENTED_EDGE('',*,*,#4693,.T.);
#6723=ORIENTED_EDGE('',*,*,#4589,.F.);
#6724=ORIENTED_EDGE('',*,*,#4979,.F.);
#6725=ORIENTED_EDGE('',*,*,#4819,.F.);
#6726=ORIENTED_EDGE('',*,*,#4980,.F.);
#6727=ORIENTED_EDGE('',*,*,#4809,.F.);
#6728=ORIENTED_EDGE('',*,*,#4686,.F.);
#6729=ORIENTED_EDGE('',*,*,#4832,.F.);
#6730=ORIENTED_EDGE('',*,*,#4684,.F.);
#6731=ORIENTED_EDGE('',*,*,#4842,.F.);
#6732=ORIENTED_EDGE('',*,*,#4981,.F.);
#6733=ORIENTED_EDGE('',*,*,#4954,.F.);
#6734=ORIENTED_EDGE('',*,*,#4982,.F.);
#6735=ORIENTED_EDGE('',*,*,#4878,.F.);
#6736=ORIENTED_EDGE('',*,*,#4680,.F.);
#6737=ORIENTED_EDGE('',*,*,#4796,.F.);
#6738=ORIENTED_EDGE('',*,*,#4983,.F.);
#6739=ORIENTED_EDGE('',*,*,#4786,.F.);
#6740=ORIENTED_EDGE('',*,*,#4688,.F.);
#6741=ORIENTED_EDGE('',*,*,#4855,.F.);
#6742=ORIENTED_EDGE('',*,*,#4682,.F.);
#6743=ORIENTED_EDGE('',*,*,#4865,.F.);
#6744=ORIENTED_EDGE('',*,*,#4984,.F.);
#6745=ORIENTED_EDGE('',*,*,#4773,.F.);
#6746=ORIENTED_EDGE('',*,*,#4985,.F.);
#6747=ORIENTED_EDGE('',*,*,#4961,.T.);
#6748=ORIENTED_EDGE('',*,*,#4690,.F.);
#6749=ORIENTED_EDGE('',*,*,#4744,.T.);
#6750=ORIENTED_EDGE('',*,*,#4900,.T.);
#6751=ORIENTED_EDGE('',*,*,#4987,.T.);
#6752=ORIENTED_EDGE('',*,*,#4977,.T.);
#6753=ORIENTED_EDGE('',*,*,#4957,.T.);
#6754=ORIENTED_EDGE('',*,*,#4669,.F.);
#6755=ORIENTED_EDGE('',*,*,#4950,.F.);
#6756=ORIENTED_EDGE('',*,*,#4596,.F.);
#6757=ORIENTED_EDGE('',*,*,#4988,.T.);
#6758=ORIENTED_EDGE('',*,*,#4989,.T.);
#6759=ORIENTED_EDGE('',*,*,#4939,.F.);
#6760=ORIENTED_EDGE('',*,*,#4942,.F.);
#6761=ORIENTED_EDGE('',*,*,#4946,.F.);
#6762=ORIENTED_EDGE('',*,*,#4949,.F.);
#6763=ORIENTED_EDGE('',*,*,#4742,.T.);
#6764=ORIENTED_EDGE('',*,*,#4990,.T.);
#6765=ORIENTED_EDGE('',*,*,#4991,.T.);
#6766=ORIENTED_EDGE('',*,*,#4599,.T.);
#6767=ORIENTED_EDGE('',*,*,#4951,.T.);
#6768=ORIENTED_EDGE('',*,*,#4675,.F.);
#6769=ORIENTED_EDGE('',*,*,#4986,.T.);
#6770=ORIENTED_EDGE('',*,*,#4978,.T.);
#6771=ORIENTED_EDGE('',*,*,#4992,.T.);
#6772=ORIENTED_EDGE('',*,*,#4898,.F.);
#6773=ORIENTED_EDGE('',*,*,#4930,.F.);
#6774=ORIENTED_EDGE('',*,*,#4948,.F.);
#6775=ORIENTED_EDGE('',*,*,#4944,.F.);
#6776=ORIENTED_EDGE('',*,*,#4925,.F.);
#6777=ORIENTED_EDGE('',*,*,#4771,.F.);
#6778=ORIENTED_EDGE('',*,*,#4782,.F.);
#6779=ORIENTED_EDGE('',*,*,#4788,.F.);
#6780=ORIENTED_EDGE('',*,*,#4963,.T.);
#6781=ORIENTED_EDGE('',*,*,#4794,.F.);
#6782=ORIENTED_EDGE('',*,*,#4805,.F.);
#6783=ORIENTED_EDGE('',*,*,#4811,.F.);
#6784=ORIENTED_EDGE('',*,*,#4965,.T.);
#6785=ORIENTED_EDGE('',*,*,#4817,.F.);
#6786=ORIENTED_EDGE('',*,*,#4828,.F.);
#6787=ORIENTED_EDGE('',*,*,#4834,.F.);
#6788=ORIENTED_EDGE('',*,*,#4967,.T.);
#6789=ORIENTED_EDGE('',*,*,#4840,.F.);
#6790=ORIENTED_EDGE('',*,*,#4851,.F.);
#6791=ORIENTED_EDGE('',*,*,#4857,.F.);
#6792=ORIENTED_EDGE('',*,*,#4969,.T.);
#6793=ORIENTED_EDGE('',*,*,#4863,.F.);
#6794=ORIENTED_EDGE('',*,*,#4874,.F.);
#6795=ORIENTED_EDGE('',*,*,#4880,.F.);
#6796=ORIENTED_EDGE('',*,*,#4971,.T.);
#6797=ORIENTED_EDGE('',*,*,#4952,.F.);
#6798=ORIENTED_EDGE('',*,*,#4886,.F.);
#6799=ORIENTED_EDGE('',*,*,#4893,.F.);
#6800=ORIENTED_EDGE('',*,*,#4973,.T.);
#6801=ORIENTED_EDGE('',*,*,#4992,.F.);
#6802=ORIENTED_EDGE('',*,*,#4975,.T.);
#6803=ORIENTED_EDGE('',*,*,#4987,.F.);
#6804=ORIENTED_EDGE('',*,*,#4899,.F.);
#6805=ORIENTED_EDGE('',*,*,#4993,.T.);
#6806=ORIENTED_EDGE('',*,*,#4994,.F.);
#6807=ORIENTED_EDGE('',*,*,#4607,.T.);
#6808=ORIENTED_EDGE('',*,*,#4995,.T.);
#6809=ORIENTED_EDGE('',*,*,#4993,.F.);
#6810=ORIENTED_EDGE('',*,*,#4996,.F.);
#6811=ORIENTED_EDGE('',*,*,#4776,.F.);
#6812=ORIENTED_EDGE('',*,*,#4997,.T.);
#6813=ORIENTED_EDGE('',*,*,#4608,.F.);
#6814=ORIENTED_EDGE('',*,*,#4994,.T.);
#6815=ORIENTED_EDGE('',*,*,#4997,.F.);
#6816=ORIENTED_EDGE('',*,*,#4775,.F.);
#6817=ORIENTED_EDGE('',*,*,#4783,.F.);
#6818=ORIENTED_EDGE('',*,*,#4998,.F.);
#6819=ORIENTED_EDGE('',*,*,#4799,.F.);
#6820=ORIENTED_EDGE('',*,*,#4999,.T.);
#6821=ORIENTED_EDGE('',*,*,#4806,.F.);
#6822=ORIENTED_EDGE('',*,*,#5000,.F.);
#6823=ORIENTED_EDGE('',*,*,#4822,.F.);
#6824=ORIENTED_EDGE('',*,*,#5001,.T.);
#6825=ORIENTED_EDGE('',*,*,#4829,.F.);
#6826=ORIENTED_EDGE('',*,*,#5002,.F.);
#6827=ORIENTED_EDGE('',*,*,#4845,.F.);
#6828=ORIENTED_EDGE('',*,*,#5003,.T.);
#6829=ORIENTED_EDGE('',*,*,#4852,.F.);
#6830=ORIENTED_EDGE('',*,*,#5004,.F.);
#6831=ORIENTED_EDGE('',*,*,#4868,.F.);
#6832=ORIENTED_EDGE('',*,*,#5005,.T.);
#6833=ORIENTED_EDGE('',*,*,#4875,.F.);
#6834=ORIENTED_EDGE('',*,*,#5006,.F.);
#6835=ORIENTED_EDGE('',*,*,#4956,.F.);
#6836=ORIENTED_EDGE('',*,*,#5007,.T.);
#6837=ORIENTED_EDGE('',*,*,#4888,.F.);
#6838=ORIENTED_EDGE('',*,*,#5008,.F.);
#6839=ORIENTED_EDGE('',*,*,#4989,.F.);
#6840=ORIENTED_EDGE('',*,*,#5009,.T.);
#6841=ORIENTED_EDGE('',*,*,#4990,.F.);
#6842=ORIENTED_EDGE('',*,*,#5010,.F.);
#6843=ORIENTED_EDGE('',*,*,#4587,.F.);
#6844=ORIENTED_EDGE('',*,*,#5011,.T.);
#6845=ORIENTED_EDGE('',*,*,#4784,.F.);
#6846=ORIENTED_EDGE('',*,*,#4999,.F.);
#6847=ORIENTED_EDGE('',*,*,#4798,.F.);
#6848=ORIENTED_EDGE('',*,*,#4610,.T.);
#6849=ORIENTED_EDGE('',*,*,#4807,.F.);
#6850=ORIENTED_EDGE('',*,*,#5001,.F.);
#6851=ORIENTED_EDGE('',*,*,#4821,.F.);
#6852=ORIENTED_EDGE('',*,*,#4612,.T.);
#6853=ORIENTED_EDGE('',*,*,#4830,.F.);
#6854=ORIENTED_EDGE('',*,*,#5003,.F.);
#6855=ORIENTED_EDGE('',*,*,#4844,.F.);
#6856=ORIENTED_EDGE('',*,*,#4614,.T.);
#6857=ORIENTED_EDGE('',*,*,#4853,.F.);
#6858=ORIENTED_EDGE('',*,*,#5005,.F.);
#6859=ORIENTED_EDGE('',*,*,#4867,.F.);
#6860=ORIENTED_EDGE('',*,*,#4616,.T.);
#6861=ORIENTED_EDGE('',*,*,#4876,.F.);
#6862=ORIENTED_EDGE('',*,*,#5007,.F.);
#6863=ORIENTED_EDGE('',*,*,#4955,.F.);
#6864=ORIENTED_EDGE('',*,*,#4618,.T.);
#6865=ORIENTED_EDGE('',*,*,#4889,.F.);
#6866=ORIENTED_EDGE('',*,*,#5009,.F.);
#6867=ORIENTED_EDGE('',*,*,#4988,.F.);
#6868=ORIENTED_EDGE('',*,*,#4620,.T.);
#6869=ORIENTED_EDGE('',*,*,#4991,.F.);
#6870=ORIENTED_EDGE('',*,*,#5011,.F.);
#6871=ORIENTED_EDGE('',*,*,#4586,.F.);
#6872=ORIENTED_EDGE('',*,*,#4605,.T.);
#6873=ORIENTED_EDGE('',*,*,#4995,.F.);
#6874=ORIENTED_EDGE('',*,*,#4606,.T.);
#6875=ORIENTED_EDGE('',*,*,#4584,.F.);
#6876=ORIENTED_EDGE('',*,*,#5010,.T.);
#6877=ORIENTED_EDGE('',*,*,#4745,.T.);
#6878=ORIENTED_EDGE('',*,*,#5008,.T.);
#6879=ORIENTED_EDGE('',*,*,#4747,.T.);
#6880=ORIENTED_EDGE('',*,*,#5006,.T.);
#6881=ORIENTED_EDGE('',*,*,#4751,.T.);
#6882=ORIENTED_EDGE('',*,*,#5004,.T.);
#6883=ORIENTED_EDGE('',*,*,#4755,.T.);
#6884=ORIENTED_EDGE('',*,*,#5002,.T.);
#6885=ORIENTED_EDGE('',*,*,#4759,.T.);
#6886=ORIENTED_EDGE('',*,*,#5000,.T.);
#6887=ORIENTED_EDGE('',*,*,#4763,.T.);
#6888=ORIENTED_EDGE('',*,*,#4998,.T.);
#6889=ORIENTED_EDGE('',*,*,#4767,.T.);
#6890=ORIENTED_EDGE('',*,*,#4996,.T.);
#6891=ORIENTED_EDGE('',*,*,#5012,.T.);
#6892=ORIENTED_EDGE('',*,*,#5013,.T.);
#6893=ORIENTED_EDGE('',*,*,#5014,.T.);
#6894=ORIENTED_EDGE('',*,*,#5015,.T.);
#6895=ORIENTED_EDGE('',*,*,#5016,.T.);
#6896=ORIENTED_EDGE('',*,*,#5017,.T.);
#6897=ORIENTED_EDGE('',*,*,#5018,.T.);
#6898=ORIENTED_EDGE('',*,*,#5019,.T.);
#6899=ORIENTED_EDGE('',*,*,#5020,.F.);
#6900=ORIENTED_EDGE('',*,*,#5021,.T.);
#6901=ORIENTED_EDGE('',*,*,#5022,.T.);
#6902=ORIENTED_EDGE('',*,*,#5023,.T.);
#6903=ORIENTED_EDGE('',*,*,#5024,.T.);
#6904=ORIENTED_EDGE('',*,*,#5025,.T.);
#6905=ORIENTED_EDGE('',*,*,#5026,.T.);
#6906=ORIENTED_EDGE('',*,*,#5027,.T.);
#6907=ORIENTED_EDGE('',*,*,#5028,.T.);
#6908=ORIENTED_EDGE('',*,*,#5029,.T.);
#6909=ORIENTED_EDGE('',*,*,#5030,.T.);
#6910=ORIENTED_EDGE('',*,*,#5031,.T.);
#6911=ORIENTED_EDGE('',*,*,#5032,.T.);
#6912=ORIENTED_EDGE('',*,*,#5033,.T.);
#6913=ORIENTED_EDGE('',*,*,#5034,.T.);
#6914=ORIENTED_EDGE('',*,*,#5035,.T.);
#6915=ORIENTED_EDGE('',*,*,#5036,.T.);
#6916=ORIENTED_EDGE('',*,*,#5037,.T.);
#6917=ORIENTED_EDGE('',*,*,#5038,.F.);
#6918=ORIENTED_EDGE('',*,*,#5039,.T.);
#6919=ORIENTED_EDGE('',*,*,#5040,.F.);
#6920=ORIENTED_EDGE('',*,*,#5041,.F.);
#6921=ORIENTED_EDGE('',*,*,#5042,.F.);
#6922=ORIENTED_EDGE('',*,*,#5043,.F.);
#6923=ORIENTED_EDGE('',*,*,#5044,.T.);
#6924=ORIENTED_EDGE('',*,*,#5045,.T.);
#6925=ORIENTED_EDGE('',*,*,#5046,.T.);
#6926=ORIENTED_EDGE('',*,*,#5047,.F.);
#6927=ORIENTED_EDGE('',*,*,#5048,.F.);
#6928=ORIENTED_EDGE('',*,*,#5049,.F.);
#6929=ORIENTED_EDGE('',*,*,#5050,.F.);
#6930=ORIENTED_EDGE('',*,*,#5051,.F.);
#6931=ORIENTED_EDGE('',*,*,#5052,.F.);
#6932=ORIENTED_EDGE('',*,*,#5053,.F.);
#6933=ORIENTED_EDGE('',*,*,#5054,.F.);
#6934=ORIENTED_EDGE('',*,*,#5035,.F.);
#6935=ORIENTED_EDGE('',*,*,#5041,.T.);
#6936=ORIENTED_EDGE('',*,*,#5055,.F.);
#6937=ORIENTED_EDGE('',*,*,#5056,.F.);
#6938=ORIENTED_EDGE('',*,*,#5055,.T.);
#6939=ORIENTED_EDGE('',*,*,#5040,.T.);
#6940=ORIENTED_EDGE('',*,*,#5057,.T.);
#6941=ORIENTED_EDGE('',*,*,#5058,.T.);
#6942=ORIENTED_EDGE('',*,*,#5027,.F.);
#6943=ORIENTED_EDGE('',*,*,#5059,.T.);
#6944=ORIENTED_EDGE('',*,*,#5060,.F.);
#6945=ORIENTED_EDGE('',*,*,#5061,.F.);
#6946=ORIENTED_EDGE('',*,*,#5060,.T.);
#6947=ORIENTED_EDGE('',*,*,#5062,.T.);
#6948=ORIENTED_EDGE('',*,*,#5063,.T.);
#6949=ORIENTED_EDGE('',*,*,#5064,.T.);
#6950=ORIENTED_EDGE('',*,*,#5025,.F.);
#6951=ORIENTED_EDGE('',*,*,#5065,.T.);
#6952=ORIENTED_EDGE('',*,*,#5066,.F.);
#6953=ORIENTED_EDGE('',*,*,#5067,.F.);
#6954=ORIENTED_EDGE('',*,*,#5066,.T.);
#6955=ORIENTED_EDGE('',*,*,#5068,.T.);
#6956=ORIENTED_EDGE('',*,*,#5069,.T.);
#6957=ORIENTED_EDGE('',*,*,#5070,.T.);
#6958=ORIENTED_EDGE('',*,*,#5033,.F.);
#6959=ORIENTED_EDGE('',*,*,#5071,.T.);
#6960=ORIENTED_EDGE('',*,*,#5072,.F.);
#6961=ORIENTED_EDGE('',*,*,#5073,.F.);
#6962=ORIENTED_EDGE('',*,*,#5072,.T.);
#6963=ORIENTED_EDGE('',*,*,#5074,.T.);
#6964=ORIENTED_EDGE('',*,*,#5075,.T.);
#6965=ORIENTED_EDGE('',*,*,#5076,.T.);
#6966=ORIENTED_EDGE('',*,*,#5029,.F.);
#6967=ORIENTED_EDGE('',*,*,#5077,.T.);
#6968=ORIENTED_EDGE('',*,*,#5078,.F.);
#6969=ORIENTED_EDGE('',*,*,#5079,.F.);
#6970=ORIENTED_EDGE('',*,*,#5078,.T.);
#6971=ORIENTED_EDGE('',*,*,#5080,.T.);
#6972=ORIENTED_EDGE('',*,*,#5081,.T.);
#6973=ORIENTED_EDGE('',*,*,#5082,.T.);
#6974=ORIENTED_EDGE('',*,*,#5023,.F.);
#6975=ORIENTED_EDGE('',*,*,#5083,.T.);
#6976=ORIENTED_EDGE('',*,*,#5084,.F.);
#6977=ORIENTED_EDGE('',*,*,#5085,.F.);
#6978=ORIENTED_EDGE('',*,*,#5084,.T.);
#6979=ORIENTED_EDGE('',*,*,#5086,.T.);
#6980=ORIENTED_EDGE('',*,*,#5087,.T.);
#6981=ORIENTED_EDGE('',*,*,#5088,.T.);
#6982=ORIENTED_EDGE('',*,*,#5031,.F.);
#6983=ORIENTED_EDGE('',*,*,#5089,.T.);
#6984=ORIENTED_EDGE('',*,*,#5090,.F.);
#6985=ORIENTED_EDGE('',*,*,#5091,.F.);
#6986=ORIENTED_EDGE('',*,*,#5090,.T.);
#6987=ORIENTED_EDGE('',*,*,#5092,.T.);
#6988=ORIENTED_EDGE('',*,*,#5093,.T.);
#6989=ORIENTED_EDGE('',*,*,#5094,.T.);
#6990=ORIENTED_EDGE('',*,*,#5095,.F.);
#6991=ORIENTED_EDGE('',*,*,#5096,.F.);
#6992=ORIENTED_EDGE('',*,*,#5097,.F.);
#6993=ORIENTED_EDGE('',*,*,#5098,.F.);
#6994=ORIENTED_EDGE('',*,*,#5099,.F.);
#6995=ORIENTED_EDGE('',*,*,#5100,.F.);
#6996=ORIENTED_EDGE('',*,*,#5101,.F.);
#6997=ORIENTED_EDGE('',*,*,#5102,.F.);
#6998=ORIENTED_EDGE('',*,*,#5103,.F.);
#6999=ORIENTED_EDGE('',*,*,#5104,.F.);
#7000=ORIENTED_EDGE('',*,*,#5105,.F.);
#7001=ORIENTED_EDGE('',*,*,#5106,.F.);
#7002=ORIENTED_EDGE('',*,*,#5107,.F.);
#7003=ORIENTED_EDGE('',*,*,#5108,.F.);
#7004=ORIENTED_EDGE('',*,*,#5109,.F.);
#7005=ORIENTED_EDGE('',*,*,#5110,.F.);
#7006=ORIENTED_EDGE('',*,*,#5111,.F.);
#7007=ORIENTED_EDGE('',*,*,#5112,.F.);
#7008=ORIENTED_EDGE('',*,*,#5113,.F.);
#7009=ORIENTED_EDGE('',*,*,#5114,.F.);
#7010=ORIENTED_EDGE('',*,*,#5115,.F.);
#7011=ORIENTED_EDGE('',*,*,#5116,.F.);
#7012=ORIENTED_EDGE('',*,*,#5117,.F.);
#7013=ORIENTED_EDGE('',*,*,#5118,.F.);
#7014=ORIENTED_EDGE('',*,*,#5119,.F.);
#7015=ORIENTED_EDGE('',*,*,#5044,.F.);
#7016=ORIENTED_EDGE('',*,*,#5120,.F.);
#7017=ORIENTED_EDGE('',*,*,#5121,.T.);
#7018=ORIENTED_EDGE('',*,*,#5122,.T.);
#7019=ORIENTED_EDGE('',*,*,#5120,.T.);
#7020=ORIENTED_EDGE('',*,*,#5123,.T.);
#7021=ORIENTED_EDGE('',*,*,#5117,.T.);
#7022=ORIENTED_EDGE('',*,*,#5124,.T.);
#7023=ORIENTED_EDGE('',*,*,#5113,.T.);
#7024=ORIENTED_EDGE('',*,*,#5125,.T.);
#7025=ORIENTED_EDGE('',*,*,#5109,.T.);
#7026=ORIENTED_EDGE('',*,*,#5126,.T.);
#7027=ORIENTED_EDGE('',*,*,#5105,.T.);
#7028=ORIENTED_EDGE('',*,*,#5127,.T.);
#7029=ORIENTED_EDGE('',*,*,#5101,.T.);
#7030=ORIENTED_EDGE('',*,*,#5128,.T.);
#7031=ORIENTED_EDGE('',*,*,#5096,.T.);
#7032=ORIENTED_EDGE('',*,*,#5129,.T.);
#7033=ORIENTED_EDGE('',*,*,#5020,.T.);
#7034=ORIENTED_EDGE('',*,*,#5129,.F.);
#7035=ORIENTED_EDGE('',*,*,#5095,.T.);
#7036=ORIENTED_EDGE('',*,*,#5130,.F.);
#7037=ORIENTED_EDGE('',*,*,#5131,.F.);
#7038=ORIENTED_EDGE('',*,*,#5132,.F.);
#7039=ORIENTED_EDGE('',*,*,#5133,.F.);
#7040=ORIENTED_EDGE('',*,*,#5134,.F.);
#7041=ORIENTED_EDGE('',*,*,#5021,.F.);
#7042=ORIENTED_EDGE('',*,*,#5097,.T.);
#7043=ORIENTED_EDGE('',*,*,#5135,.F.);
#7044=ORIENTED_EDGE('',*,*,#5136,.F.);
#7045=ORIENTED_EDGE('',*,*,#5085,.T.);
#7046=ORIENTED_EDGE('',*,*,#5088,.F.);
#7047=ORIENTED_EDGE('',*,*,#5137,.F.);
#7048=ORIENTED_EDGE('',*,*,#5130,.T.);
#7049=ORIENTED_EDGE('',*,*,#5138,.F.);
#7050=ORIENTED_EDGE('',*,*,#5139,.F.);
#7051=ORIENTED_EDGE('',*,*,#5140,.F.);
#7052=ORIENTED_EDGE('',*,*,#5141,.F.);
#7053=ORIENTED_EDGE('',*,*,#5142,.F.);
#7054=ORIENTED_EDGE('',*,*,#5143,.F.);
#7055=ORIENTED_EDGE('',*,*,#5144,.F.);
#7056=ORIENTED_EDGE('',*,*,#5145,.F.);
#7057=ORIENTED_EDGE('',*,*,#5132,.T.);
#7058=ORIENTED_EDGE('',*,*,#5146,.T.);
#7059=ORIENTED_EDGE('',*,*,#5086,.F.);
#7060=ORIENTED_EDGE('',*,*,#5083,.F.);
#7061=ORIENTED_EDGE('',*,*,#5147,.F.);
#7062=ORIENTED_EDGE('',*,*,#5148,.F.);
#7063=ORIENTED_EDGE('',*,*,#5098,.T.);
#7064=ORIENTED_EDGE('',*,*,#5149,.F.);
#7065=ORIENTED_EDGE('',*,*,#5150,.F.);
#7066=ORIENTED_EDGE('',*,*,#5067,.T.);
#7067=ORIENTED_EDGE('',*,*,#5070,.F.);
#7068=ORIENTED_EDGE('',*,*,#5151,.F.);
#7069=ORIENTED_EDGE('',*,*,#5140,.T.);
#7070=ORIENTED_EDGE('',*,*,#5152,.F.);
#7071=ORIENTED_EDGE('',*,*,#5099,.T.);
#7072=ORIENTED_EDGE('',*,*,#5152,.T.);
#7073=ORIENTED_EDGE('',*,*,#5139,.T.);
#7074=ORIENTED_EDGE('',*,*,#5153,.F.);
#7075=ORIENTED_EDGE('',*,*,#5102,.T.);
#7076=ORIENTED_EDGE('',*,*,#5154,.F.);
#7077=ORIENTED_EDGE('',*,*,#5155,.F.);
#7078=ORIENTED_EDGE('',*,*,#5061,.T.);
#7079=ORIENTED_EDGE('',*,*,#5064,.F.);
#7080=ORIENTED_EDGE('',*,*,#5156,.F.);
#7081=ORIENTED_EDGE('',*,*,#5157,.T.);
#7082=ORIENTED_EDGE('',*,*,#5158,.F.);
#7083=ORIENTED_EDGE('',*,*,#5159,.F.);
#7084=ORIENTED_EDGE('',*,*,#5160,.F.);
#7085=ORIENTED_EDGE('',*,*,#5161,.F.);
#7086=ORIENTED_EDGE('',*,*,#5162,.T.);
#7087=ORIENTED_EDGE('',*,*,#5163,.F.);
#7088=ORIENTED_EDGE('',*,*,#5103,.T.);
#7089=ORIENTED_EDGE('',*,*,#5163,.T.);
#7090=ORIENTED_EDGE('',*,*,#5164,.T.);
#7091=ORIENTED_EDGE('',*,*,#5165,.F.);
#7092=ORIENTED_EDGE('',*,*,#5106,.T.);
#7093=ORIENTED_EDGE('',*,*,#5166,.F.);
#7094=ORIENTED_EDGE('',*,*,#5167,.F.);
#7095=ORIENTED_EDGE('',*,*,#5079,.T.);
#7096=ORIENTED_EDGE('',*,*,#5082,.F.);
#7097=ORIENTED_EDGE('',*,*,#5168,.F.);
#7098=ORIENTED_EDGE('',*,*,#5144,.T.);
#7099=ORIENTED_EDGE('',*,*,#5169,.F.);
#7100=ORIENTED_EDGE('',*,*,#5170,.F.);
#7101=ORIENTED_EDGE('',*,*,#5171,.F.);
#7102=ORIENTED_EDGE('',*,*,#5172,.F.);
#7103=ORIENTED_EDGE('',*,*,#5173,.F.);
#7104=ORIENTED_EDGE('',*,*,#5107,.T.);
#7105=ORIENTED_EDGE('',*,*,#5169,.T.);
#7106=ORIENTED_EDGE('',*,*,#5143,.T.);
#7107=ORIENTED_EDGE('',*,*,#5174,.F.);
#7108=ORIENTED_EDGE('',*,*,#5112,.T.);
#7109=ORIENTED_EDGE('',*,*,#5175,.T.);
#7110=ORIENTED_EDGE('',*,*,#5176,.T.);
#7111=ORIENTED_EDGE('',*,*,#5177,.T.);
#7112=ORIENTED_EDGE('',*,*,#5092,.F.);
#7113=ORIENTED_EDGE('',*,*,#5089,.F.);
#7114=ORIENTED_EDGE('',*,*,#5178,.F.);
#7115=ORIENTED_EDGE('',*,*,#5179,.F.);
#7116=ORIENTED_EDGE('',*,*,#5180,.F.);
#7117=ORIENTED_EDGE('',*,*,#5181,.F.);
#7118=ORIENTED_EDGE('',*,*,#5182,.F.);
#7119=ORIENTED_EDGE('',*,*,#5183,.F.);
#7120=ORIENTED_EDGE('',*,*,#5184,.T.);
#7121=ORIENTED_EDGE('',*,*,#5185,.T.);
#7122=ORIENTED_EDGE('',*,*,#5093,.F.);
#7123=ORIENTED_EDGE('',*,*,#5177,.F.);
#7124=ORIENTED_EDGE('',*,*,#5131,.T.);
#7125=ORIENTED_EDGE('',*,*,#5137,.T.);
#7126=ORIENTED_EDGE('',*,*,#5087,.F.);
#7127=ORIENTED_EDGE('',*,*,#5146,.F.);
#7128=ORIENTED_EDGE('',*,*,#5147,.T.);
#7129=ORIENTED_EDGE('',*,*,#5022,.F.);
#7130=ORIENTED_EDGE('',*,*,#5134,.T.);
#7131=ORIENTED_EDGE('',*,*,#5186,.F.);
#7132=ORIENTED_EDGE('',*,*,#5148,.T.);
#7133=ORIENTED_EDGE('',*,*,#5186,.T.);
#7134=ORIENTED_EDGE('',*,*,#5133,.T.);
#7135=ORIENTED_EDGE('',*,*,#5135,.T.);
#7136=ORIENTED_EDGE('',*,*,#5128,.F.);
#7137=ORIENTED_EDGE('',*,*,#5187,.T.);
#7138=ORIENTED_EDGE('',*,*,#5188,.T.);
#7139=ORIENTED_EDGE('',*,*,#5100,.T.);
#7140=ORIENTED_EDGE('',*,*,#5153,.T.);
#7141=ORIENTED_EDGE('',*,*,#5138,.T.);
#7142=ORIENTED_EDGE('',*,*,#5189,.T.);
#7143=ORIENTED_EDGE('',*,*,#5068,.F.);
#7144=ORIENTED_EDGE('',*,*,#5065,.F.);
#7145=ORIENTED_EDGE('',*,*,#5190,.F.);
#7146=ORIENTED_EDGE('',*,*,#5187,.F.);
#7147=ORIENTED_EDGE('',*,*,#5141,.T.);
#7148=ORIENTED_EDGE('',*,*,#5151,.T.);
#7149=ORIENTED_EDGE('',*,*,#5069,.F.);
#7150=ORIENTED_EDGE('',*,*,#5189,.F.);
#7151=ORIENTED_EDGE('',*,*,#5149,.T.);
#7152=ORIENTED_EDGE('',*,*,#5127,.F.);
#7153=ORIENTED_EDGE('',*,*,#5191,.T.);
#7154=ORIENTED_EDGE('',*,*,#5192,.T.);
#7155=ORIENTED_EDGE('',*,*,#5136,.T.);
#7156=ORIENTED_EDGE('',*,*,#5188,.F.);
#7157=ORIENTED_EDGE('',*,*,#5190,.T.);
#7158=ORIENTED_EDGE('',*,*,#5024,.F.);
#7159=ORIENTED_EDGE('',*,*,#5104,.T.);
#7160=ORIENTED_EDGE('',*,*,#5165,.T.);
#7161=ORIENTED_EDGE('',*,*,#5193,.T.);
#7162=ORIENTED_EDGE('',*,*,#5194,.F.);
#7163=ORIENTED_EDGE('',*,*,#5195,.F.);
#7164=ORIENTED_EDGE('',*,*,#5196,.T.);
#7165=ORIENTED_EDGE('',*,*,#5197,.T.);
#7166=ORIENTED_EDGE('',*,*,#5062,.F.);
#7167=ORIENTED_EDGE('',*,*,#5059,.F.);
#7168=ORIENTED_EDGE('',*,*,#5198,.F.);
#7169=ORIENTED_EDGE('',*,*,#5191,.F.);
#7170=ORIENTED_EDGE('',*,*,#5199,.T.);
#7171=ORIENTED_EDGE('',*,*,#5156,.T.);
#7172=ORIENTED_EDGE('',*,*,#5063,.F.);
#7173=ORIENTED_EDGE('',*,*,#5197,.F.);
#7174=ORIENTED_EDGE('',*,*,#5161,.T.);
#7175=ORIENTED_EDGE('',*,*,#5200,.T.);
#7176=ORIENTED_EDGE('',*,*,#5201,.T.);
#7177=ORIENTED_EDGE('',*,*,#5202,.T.);
#7178=ORIENTED_EDGE('',*,*,#5203,.T.);
#7179=ORIENTED_EDGE('',*,*,#5150,.T.);
#7180=ORIENTED_EDGE('',*,*,#5192,.F.);
#7181=ORIENTED_EDGE('',*,*,#5198,.T.);
#7182=ORIENTED_EDGE('',*,*,#5026,.F.);
#7183=ORIENTED_EDGE('',*,*,#5154,.T.);
#7184=ORIENTED_EDGE('',*,*,#5126,.F.);
#7185=ORIENTED_EDGE('',*,*,#5204,.T.);
#7186=ORIENTED_EDGE('',*,*,#5205,.T.);
#7187=ORIENTED_EDGE('',*,*,#5206,.F.);
#7188=ORIENTED_EDGE('',*,*,#5207,.F.);
#7189=ORIENTED_EDGE('',*,*,#5193,.F.);
#7190=ORIENTED_EDGE('',*,*,#5164,.F.);
#7191=ORIENTED_EDGE('',*,*,#5162,.F.);
#7192=ORIENTED_EDGE('',*,*,#5203,.F.);
#7193=ORIENTED_EDGE('',*,*,#5208,.F.);
#7194=ORIENTED_EDGE('',*,*,#5157,.F.);
#7195=ORIENTED_EDGE('',*,*,#5199,.F.);
#7196=ORIENTED_EDGE('',*,*,#5196,.F.);
#7197=ORIENTED_EDGE('',*,*,#5195,.T.);
#7198=ORIENTED_EDGE('',*,*,#5209,.F.);
#7199=ORIENTED_EDGE('',*,*,#5206,.T.);
#7200=ORIENTED_EDGE('',*,*,#5194,.T.);
#7201=ORIENTED_EDGE('',*,*,#5207,.T.);
#7202=ORIENTED_EDGE('',*,*,#5209,.T.);
#7203=ORIENTED_EDGE('',*,*,#5108,.T.);
#7204=ORIENTED_EDGE('',*,*,#5174,.T.);
#7205=ORIENTED_EDGE('',*,*,#5142,.T.);
#7206=ORIENTED_EDGE('',*,*,#5210,.T.);
#7207=ORIENTED_EDGE('',*,*,#5080,.F.);
#7208=ORIENTED_EDGE('',*,*,#5077,.F.);
#7209=ORIENTED_EDGE('',*,*,#5211,.F.);
#7210=ORIENTED_EDGE('',*,*,#5204,.F.);
#7211=ORIENTED_EDGE('',*,*,#5212,.F.);
#7212=ORIENTED_EDGE('',*,*,#5201,.F.);
#7213=ORIENTED_EDGE('',*,*,#5213,.F.);
#7214=ORIENTED_EDGE('',*,*,#5214,.F.);
#7215=ORIENTED_EDGE('',*,*,#5145,.T.);
#7216=ORIENTED_EDGE('',*,*,#5168,.T.);
#7217=ORIENTED_EDGE('',*,*,#5081,.F.);
#7218=ORIENTED_EDGE('',*,*,#5210,.F.);
#7219=ORIENTED_EDGE('',*,*,#5166,.T.);
#7220=ORIENTED_EDGE('',*,*,#5125,.F.);
#7221=ORIENTED_EDGE('',*,*,#5179,.T.);
#7222=ORIENTED_EDGE('',*,*,#5215,.T.);
#7223=ORIENTED_EDGE('',*,*,#5155,.T.);
#7224=ORIENTED_EDGE('',*,*,#5205,.F.);
#7225=ORIENTED_EDGE('',*,*,#5211,.T.);
#7226=ORIENTED_EDGE('',*,*,#5028,.F.);
#7227=ORIENTED_EDGE('',*,*,#5160,.T.);
#7228=ORIENTED_EDGE('',*,*,#5216,.T.);
#7229=ORIENTED_EDGE('',*,*,#5213,.T.);
#7230=ORIENTED_EDGE('',*,*,#5200,.F.);
#7231=ORIENTED_EDGE('',*,*,#5172,.T.);
#7232=ORIENTED_EDGE('',*,*,#5217,.T.);
#7233=ORIENTED_EDGE('',*,*,#5180,.T.);
#7234=ORIENTED_EDGE('',*,*,#5218,.F.);
#7235=ORIENTED_EDGE('',*,*,#5159,.T.);
#7236=ORIENTED_EDGE('',*,*,#5219,.F.);
#7237=ORIENTED_EDGE('',*,*,#5214,.T.);
#7238=ORIENTED_EDGE('',*,*,#5216,.F.);
#7239=ORIENTED_EDGE('',*,*,#5171,.T.);
#7240=ORIENTED_EDGE('',*,*,#5220,.F.);
#7241=ORIENTED_EDGE('',*,*,#5181,.T.);
#7242=ORIENTED_EDGE('',*,*,#5217,.F.);
#7243=ORIENTED_EDGE('',*,*,#5158,.T.);
#7244=ORIENTED_EDGE('',*,*,#5208,.T.);
#7245=ORIENTED_EDGE('',*,*,#5202,.F.);
#7246=ORIENTED_EDGE('',*,*,#5212,.T.);
#7247=ORIENTED_EDGE('',*,*,#5219,.T.);
#7248=ORIENTED_EDGE('',*,*,#5110,.T.);
#7249=ORIENTED_EDGE('',*,*,#5221,.F.);
#7250=ORIENTED_EDGE('',*,*,#5222,.F.);
#7251=ORIENTED_EDGE('',*,*,#5091,.T.);
#7252=ORIENTED_EDGE('',*,*,#5094,.F.);
#7253=ORIENTED_EDGE('',*,*,#5185,.F.);
#7254=ORIENTED_EDGE('',*,*,#5223,.T.);
#7255=ORIENTED_EDGE('',*,*,#5224,.F.);
#7256=ORIENTED_EDGE('',*,*,#5225,.F.);
#7257=ORIENTED_EDGE('',*,*,#5226,.T.);
#7258=ORIENTED_EDGE('',*,*,#5227,.F.);
#7259=ORIENTED_EDGE('',*,*,#5228,.F.);
#7260=ORIENTED_EDGE('',*,*,#5229,.F.);
#7261=ORIENTED_EDGE('',*,*,#5230,.F.);
#7262=ORIENTED_EDGE('',*,*,#5231,.F.);
#7263=ORIENTED_EDGE('',*,*,#5111,.T.);
#7264=ORIENTED_EDGE('',*,*,#5227,.T.);
#7265=ORIENTED_EDGE('',*,*,#5232,.T.);
#7266=ORIENTED_EDGE('',*,*,#5175,.F.);
#7267=ORIENTED_EDGE('',*,*,#5233,.F.);
#7268=ORIENTED_EDGE('',*,*,#5234,.F.);
#7269=ORIENTED_EDGE('',*,*,#5235,.F.);
#7270=ORIENTED_EDGE('',*,*,#5236,.F.);
#7271=ORIENTED_EDGE('',*,*,#5237,.F.);
#7272=ORIENTED_EDGE('',*,*,#5238,.F.);
#7273=ORIENTED_EDGE('',*,*,#5239,.F.);
#7274=ORIENTED_EDGE('',*,*,#5240,.F.);
#7275=ORIENTED_EDGE('',*,*,#5241,.F.);
#7276=ORIENTED_EDGE('',*,*,#5223,.F.);
#7277=ORIENTED_EDGE('',*,*,#5184,.F.);
#7278=ORIENTED_EDGE('',*,*,#5176,.F.);
#7279=ORIENTED_EDGE('',*,*,#5232,.F.);
#7280=ORIENTED_EDGE('',*,*,#5226,.F.);
#7281=ORIENTED_EDGE('',*,*,#5167,.T.);
#7282=ORIENTED_EDGE('',*,*,#5215,.F.);
#7283=ORIENTED_EDGE('',*,*,#5178,.T.);
#7284=ORIENTED_EDGE('',*,*,#5030,.F.);
#7285=ORIENTED_EDGE('',*,*,#5221,.T.);
#7286=ORIENTED_EDGE('',*,*,#5124,.F.);
#7287=ORIENTED_EDGE('',*,*,#5242,.T.);
#7288=ORIENTED_EDGE('',*,*,#5243,.T.);
#7289=ORIENTED_EDGE('',*,*,#5170,.T.);
#7290=ORIENTED_EDGE('',*,*,#5244,.F.);
#7291=ORIENTED_EDGE('',*,*,#5182,.T.);
#7292=ORIENTED_EDGE('',*,*,#5220,.T.);
#7293=ORIENTED_EDGE('',*,*,#5230,.T.);
#7294=ORIENTED_EDGE('',*,*,#5245,.F.);
#7295=ORIENTED_EDGE('',*,*,#5246,.T.);
#7296=ORIENTED_EDGE('',*,*,#5247,.T.);
#7297=ORIENTED_EDGE('',*,*,#5173,.T.);
#7298=ORIENTED_EDGE('',*,*,#5218,.T.);
#7299=ORIENTED_EDGE('',*,*,#5183,.T.);
#7300=ORIENTED_EDGE('',*,*,#5244,.T.);
#7301=ORIENTED_EDGE('',*,*,#5229,.T.);
#7302=ORIENTED_EDGE('',*,*,#5248,.T.);
#7303=ORIENTED_EDGE('',*,*,#5249,.T.);
#7304=ORIENTED_EDGE('',*,*,#5245,.T.);
#7305=ORIENTED_EDGE('',*,*,#5238,.T.);
#7306=ORIENTED_EDGE('',*,*,#5250,.T.);
#7307=ORIENTED_EDGE('',*,*,#5075,.F.);
#7308=ORIENTED_EDGE('',*,*,#5251,.F.);
#7309=ORIENTED_EDGE('',*,*,#5114,.T.);
#7310=ORIENTED_EDGE('',*,*,#5252,.F.);
#7311=ORIENTED_EDGE('',*,*,#5253,.F.);
#7312=ORIENTED_EDGE('',*,*,#5073,.T.);
#7313=ORIENTED_EDGE('',*,*,#5076,.F.);
#7314=ORIENTED_EDGE('',*,*,#5250,.F.);
#7315=ORIENTED_EDGE('',*,*,#5237,.T.);
#7316=ORIENTED_EDGE('',*,*,#5254,.F.);
#7317=ORIENTED_EDGE('',*,*,#5255,.F.);
#7318=ORIENTED_EDGE('',*,*,#5256,.F.);
#7319=ORIENTED_EDGE('',*,*,#5257,.F.);
#7320=ORIENTED_EDGE('',*,*,#5258,.F.);
#7321=ORIENTED_EDGE('',*,*,#5259,.F.);
#7322=ORIENTED_EDGE('',*,*,#5260,.F.);
#7323=ORIENTED_EDGE('',*,*,#5261,.F.);
#7324=ORIENTED_EDGE('',*,*,#5262,.F.);
#7325=ORIENTED_EDGE('',*,*,#5115,.T.);
#7326=ORIENTED_EDGE('',*,*,#5254,.T.);
#7327=ORIENTED_EDGE('',*,*,#5236,.T.);
#7328=ORIENTED_EDGE('',*,*,#5263,.F.);
#7329=ORIENTED_EDGE('',*,*,#5116,.T.);
#7330=ORIENTED_EDGE('',*,*,#5263,.T.);
#7331=ORIENTED_EDGE('',*,*,#5235,.T.);
#7332=ORIENTED_EDGE('',*,*,#5264,.F.);
#7333=ORIENTED_EDGE('',*,*,#5265,.F.);
#7334=ORIENTED_EDGE('',*,*,#5266,.F.);
#7335=ORIENTED_EDGE('',*,*,#5267,.F.);
#7336=ORIENTED_EDGE('',*,*,#5239,.T.);
#7337=ORIENTED_EDGE('',*,*,#5251,.T.);
#7338=ORIENTED_EDGE('',*,*,#5074,.F.);
#7339=ORIENTED_EDGE('',*,*,#5071,.F.);
#7340=ORIENTED_EDGE('',*,*,#5268,.F.);
#7341=ORIENTED_EDGE('',*,*,#5242,.F.);
#7342=ORIENTED_EDGE('',*,*,#5246,.F.);
#7343=ORIENTED_EDGE('',*,*,#5249,.F.);
#7344=ORIENTED_EDGE('',*,*,#5269,.F.);
#7345=ORIENTED_EDGE('',*,*,#5270,.F.);
#7346=ORIENTED_EDGE('',*,*,#5264,.T.);
#7347=ORIENTED_EDGE('',*,*,#5234,.T.);
#7348=ORIENTED_EDGE('',*,*,#5271,.T.);
#7349=ORIENTED_EDGE('',*,*,#5225,.T.);
#7350=ORIENTED_EDGE('',*,*,#5272,.T.);
#7351=ORIENTED_EDGE('',*,*,#5265,.T.);
#7352=ORIENTED_EDGE('',*,*,#5271,.F.);
#7353=ORIENTED_EDGE('',*,*,#5233,.T.);
#7354=ORIENTED_EDGE('',*,*,#5261,.T.);
#7355=ORIENTED_EDGE('',*,*,#5273,.T.);
#7356=ORIENTED_EDGE('',*,*,#5048,.T.);
#7357=ORIENTED_EDGE('',*,*,#5274,.F.);
#7358=ORIENTED_EDGE('',*,*,#5224,.T.);
#7359=ORIENTED_EDGE('',*,*,#5241,.T.);
#7360=ORIENTED_EDGE('',*,*,#5275,.F.);
#7361=ORIENTED_EDGE('',*,*,#5266,.T.);
#7362=ORIENTED_EDGE('',*,*,#5272,.F.);
#7363=ORIENTED_EDGE('',*,*,#5260,.T.);
#7364=ORIENTED_EDGE('',*,*,#5276,.F.);
#7365=ORIENTED_EDGE('',*,*,#5049,.T.);
#7366=ORIENTED_EDGE('',*,*,#5273,.F.);
#7367=ORIENTED_EDGE('',*,*,#5267,.T.);
#7368=ORIENTED_EDGE('',*,*,#5275,.T.);
#7369=ORIENTED_EDGE('',*,*,#5240,.T.);
#7370=ORIENTED_EDGE('',*,*,#5252,.T.);
#7371=ORIENTED_EDGE('',*,*,#5123,.F.);
#7372=ORIENTED_EDGE('',*,*,#5043,.T.);
#7373=ORIENTED_EDGE('',*,*,#5277,.T.);
#7374=ORIENTED_EDGE('',*,*,#5222,.T.);
#7375=ORIENTED_EDGE('',*,*,#5243,.F.);
#7376=ORIENTED_EDGE('',*,*,#5268,.T.);
#7377=ORIENTED_EDGE('',*,*,#5032,.F.);
#7378=ORIENTED_EDGE('',*,*,#5228,.T.);
#7379=ORIENTED_EDGE('',*,*,#5278,.T.);
#7380=ORIENTED_EDGE('',*,*,#5269,.T.);
#7381=ORIENTED_EDGE('',*,*,#5248,.F.);
#7382=ORIENTED_EDGE('',*,*,#5257,.T.);
#7383=ORIENTED_EDGE('',*,*,#5279,.T.);
#7384=ORIENTED_EDGE('',*,*,#5052,.T.);
#7385=ORIENTED_EDGE('',*,*,#5280,.F.);
#7386=ORIENTED_EDGE('',*,*,#5231,.T.);
#7387=ORIENTED_EDGE('',*,*,#5247,.F.);
#7388=ORIENTED_EDGE('',*,*,#5270,.T.);
#7389=ORIENTED_EDGE('',*,*,#5278,.F.);
#7390=ORIENTED_EDGE('',*,*,#5256,.T.);
#7391=ORIENTED_EDGE('',*,*,#5281,.F.);
#7392=ORIENTED_EDGE('',*,*,#5053,.T.);
#7393=ORIENTED_EDGE('',*,*,#5279,.F.);
#7394=ORIENTED_EDGE('',*,*,#5282,.F.);
#7395=ORIENTED_EDGE('',*,*,#5046,.F.);
#7396=ORIENTED_EDGE('',*,*,#5283,.F.);
#7397=ORIENTED_EDGE('',*,*,#5284,.F.);
#7398=ORIENTED_EDGE('',*,*,#5118,.T.);
#7399=ORIENTED_EDGE('',*,*,#5285,.F.);
#7400=ORIENTED_EDGE('',*,*,#5286,.F.);
#7401=ORIENTED_EDGE('',*,*,#5056,.T.);
#7402=ORIENTED_EDGE('',*,*,#5058,.F.);
#7403=ORIENTED_EDGE('',*,*,#5287,.F.);
#7404=ORIENTED_EDGE('',*,*,#5288,.F.);
#7405=ORIENTED_EDGE('',*,*,#5284,.T.);
#7406=ORIENTED_EDGE('',*,*,#5289,.F.);
#7407=ORIENTED_EDGE('',*,*,#5290,.F.);
#7408=ORIENTED_EDGE('',*,*,#5291,.F.);
#7409=ORIENTED_EDGE('',*,*,#5292,.F.);
#7410=ORIENTED_EDGE('',*,*,#5293,.F.);
#7411=ORIENTED_EDGE('',*,*,#5294,.F.);
#7412=ORIENTED_EDGE('',*,*,#5295,.F.);
#7413=ORIENTED_EDGE('',*,*,#5296,.F.);
#7414=ORIENTED_EDGE('',*,*,#5297,.F.);
#7415=ORIENTED_EDGE('',*,*,#5119,.T.);
#7416=ORIENTED_EDGE('',*,*,#5289,.T.);
#7417=ORIENTED_EDGE('',*,*,#5283,.T.);
#7418=ORIENTED_EDGE('',*,*,#5045,.F.);
#7419=ORIENTED_EDGE('',*,*,#5039,.F.);
#7420=ORIENTED_EDGE('',*,*,#5298,.F.);
#7421=ORIENTED_EDGE('',*,*,#5287,.T.);
#7422=ORIENTED_EDGE('',*,*,#5057,.F.);
#7423=ORIENTED_EDGE('',*,*,#5038,.T.);
#7424=ORIENTED_EDGE('',*,*,#5282,.T.);
#7425=ORIENTED_EDGE('',*,*,#5288,.T.);
#7426=ORIENTED_EDGE('',*,*,#5298,.T.);
#7427=ORIENTED_EDGE('',*,*,#5259,.T.);
#7428=ORIENTED_EDGE('',*,*,#5299,.F.);
#7429=ORIENTED_EDGE('',*,*,#5050,.T.);
#7430=ORIENTED_EDGE('',*,*,#5276,.T.);
#7431=ORIENTED_EDGE('',*,*,#5295,.T.);
#7432=ORIENTED_EDGE('',*,*,#5300,.T.);
#7433=ORIENTED_EDGE('',*,*,#5018,.F.);
#7434=ORIENTED_EDGE('',*,*,#5301,.F.);
#7435=ORIENTED_EDGE('',*,*,#5296,.T.);
#7436=ORIENTED_EDGE('',*,*,#5301,.T.);
#7437=ORIENTED_EDGE('',*,*,#5017,.F.);
#7438=ORIENTED_EDGE('',*,*,#5302,.F.);
#7439=ORIENTED_EDGE('',*,*,#5262,.T.);
#7440=ORIENTED_EDGE('',*,*,#5274,.T.);
#7441=ORIENTED_EDGE('',*,*,#5047,.T.);
#7442=ORIENTED_EDGE('',*,*,#5299,.T.);
#7443=ORIENTED_EDGE('',*,*,#5294,.T.);
#7444=ORIENTED_EDGE('',*,*,#5303,.T.);
#7445=ORIENTED_EDGE('',*,*,#5019,.F.);
#7446=ORIENTED_EDGE('',*,*,#5300,.F.);
#7447=ORIENTED_EDGE('',*,*,#5297,.T.);
#7448=ORIENTED_EDGE('',*,*,#5302,.T.);
#7449=ORIENTED_EDGE('',*,*,#5016,.F.);
#7450=ORIENTED_EDGE('',*,*,#5303,.F.);
#7451=ORIENTED_EDGE('',*,*,#5253,.T.);
#7452=ORIENTED_EDGE('',*,*,#5277,.F.);
#7453=ORIENTED_EDGE('',*,*,#5042,.T.);
#7454=ORIENTED_EDGE('',*,*,#5034,.F.);
#7455=ORIENTED_EDGE('',*,*,#5286,.T.);
#7456=ORIENTED_EDGE('',*,*,#5304,.F.);
#7457=ORIENTED_EDGE('',*,*,#5305,.F.);
#7458=ORIENTED_EDGE('',*,*,#5036,.F.);
#7459=ORIENTED_EDGE('',*,*,#5285,.T.);
#7460=ORIENTED_EDGE('',*,*,#5122,.F.);
#7461=ORIENTED_EDGE('',*,*,#5306,.F.);
#7462=ORIENTED_EDGE('',*,*,#5304,.T.);
#7463=ORIENTED_EDGE('',*,*,#5037,.F.);
#7464=ORIENTED_EDGE('',*,*,#5305,.T.);
#7465=ORIENTED_EDGE('',*,*,#5306,.T.);
#7466=ORIENTED_EDGE('',*,*,#5121,.F.);
#7467=ORIENTED_EDGE('',*,*,#5255,.T.);
#7468=ORIENTED_EDGE('',*,*,#5307,.F.);
#7469=ORIENTED_EDGE('',*,*,#5054,.T.);
#7470=ORIENTED_EDGE('',*,*,#5281,.T.);
#7471=ORIENTED_EDGE('',*,*,#5291,.T.);
#7472=ORIENTED_EDGE('',*,*,#5308,.T.);
#7473=ORIENTED_EDGE('',*,*,#5014,.F.);
#7474=ORIENTED_EDGE('',*,*,#5309,.F.);
#7475=ORIENTED_EDGE('',*,*,#5292,.T.);
#7476=ORIENTED_EDGE('',*,*,#5309,.T.);
#7477=ORIENTED_EDGE('',*,*,#5013,.F.);
#7478=ORIENTED_EDGE('',*,*,#5310,.F.);
#7479=ORIENTED_EDGE('',*,*,#5258,.T.);
#7480=ORIENTED_EDGE('',*,*,#5280,.T.);
#7481=ORIENTED_EDGE('',*,*,#5051,.T.);
#7482=ORIENTED_EDGE('',*,*,#5307,.T.);
#7483=ORIENTED_EDGE('',*,*,#5290,.T.);
#7484=ORIENTED_EDGE('',*,*,#5311,.T.);
#7485=ORIENTED_EDGE('',*,*,#5015,.F.);
#7486=ORIENTED_EDGE('',*,*,#5308,.F.);
#7487=ORIENTED_EDGE('',*,*,#5293,.T.);
#7488=ORIENTED_EDGE('',*,*,#5310,.T.);
#7489=ORIENTED_EDGE('',*,*,#5012,.F.);
#7490=ORIENTED_EDGE('',*,*,#5311,.F.);
#7491=ORIENTED_EDGE('',*,*,#5312,.T.);
#7492=ORIENTED_EDGE('',*,*,#5313,.T.);
#7493=ORIENTED_EDGE('',*,*,#5314,.T.);
#7494=ORIENTED_EDGE('',*,*,#5315,.T.);
#7495=ORIENTED_EDGE('',*,*,#5316,.T.);
#7496=ORIENTED_EDGE('',*,*,#5317,.T.);
#7497=ORIENTED_EDGE('',*,*,#5318,.T.);
#7498=ORIENTED_EDGE('',*,*,#5319,.T.);
#7499=ORIENTED_EDGE('',*,*,#5320,.T.);
#7500=ORIENTED_EDGE('',*,*,#5321,.F.);
#7501=ORIENTED_EDGE('',*,*,#5322,.F.);
#7502=ORIENTED_EDGE('',*,*,#5323,.F.);
#7503=ORIENTED_EDGE('',*,*,#5324,.F.);
#7504=ORIENTED_EDGE('',*,*,#5325,.F.);
#7505=ORIENTED_EDGE('',*,*,#5326,.F.);
#7506=ORIENTED_EDGE('',*,*,#5327,.F.);
#7507=ORIENTED_EDGE('',*,*,#5328,.F.);
#7508=ORIENTED_EDGE('',*,*,#5329,.F.);
#7509=ORIENTED_EDGE('',*,*,#5330,.F.);
#7510=ORIENTED_EDGE('',*,*,#5331,.F.);
#7511=ORIENTED_EDGE('',*,*,#5332,.F.);
#7512=ORIENTED_EDGE('',*,*,#5333,.F.);
#7513=ORIENTED_EDGE('',*,*,#5334,.F.);
#7514=ORIENTED_EDGE('',*,*,#5335,.F.);
#7515=ORIENTED_EDGE('',*,*,#5336,.F.);
#7516=ORIENTED_EDGE('',*,*,#5337,.F.);
#7517=ORIENTED_EDGE('',*,*,#5338,.T.);
#7518=ORIENTED_EDGE('',*,*,#5339,.F.);
#7519=ORIENTED_EDGE('',*,*,#5340,.F.);
#7520=ORIENTED_EDGE('',*,*,#5341,.F.);
#7521=ORIENTED_EDGE('',*,*,#5342,.T.);
#7522=ORIENTED_EDGE('',*,*,#5343,.T.);
#7523=ORIENTED_EDGE('',*,*,#5344,.T.);
#7524=ORIENTED_EDGE('',*,*,#5345,.T.);
#7525=ORIENTED_EDGE('',*,*,#5346,.F.);
#7526=ORIENTED_EDGE('',*,*,#5347,.T.);
#7527=ORIENTED_EDGE('',*,*,#5348,.T.);
#7528=ORIENTED_EDGE('',*,*,#5349,.T.);
#7529=ORIENTED_EDGE('',*,*,#5350,.T.);
#7530=ORIENTED_EDGE('',*,*,#5351,.T.);
#7531=ORIENTED_EDGE('',*,*,#5352,.T.);
#7532=ORIENTED_EDGE('',*,*,#5353,.T.);
#7533=ORIENTED_EDGE('',*,*,#5354,.T.);
#7534=ORIENTED_EDGE('',*,*,#5323,.T.);
#7535=ORIENTED_EDGE('',*,*,#5355,.T.);
#7536=ORIENTED_EDGE('',*,*,#5356,.T.);
#7537=ORIENTED_EDGE('',*,*,#5344,.F.);
#7538=ORIENTED_EDGE('',*,*,#5356,.F.);
#7539=ORIENTED_EDGE('',*,*,#5357,.F.);
#7540=ORIENTED_EDGE('',*,*,#5358,.F.);
#7541=ORIENTED_EDGE('',*,*,#5345,.F.);
#7542=ORIENTED_EDGE('',*,*,#5331,.T.);
#7543=ORIENTED_EDGE('',*,*,#5359,.T.);
#7544=ORIENTED_EDGE('',*,*,#5360,.T.);
#7545=ORIENTED_EDGE('',*,*,#5361,.F.);
#7546=ORIENTED_EDGE('',*,*,#5360,.F.);
#7547=ORIENTED_EDGE('',*,*,#5362,.F.);
#7548=ORIENTED_EDGE('',*,*,#5363,.F.);
#7549=ORIENTED_EDGE('',*,*,#5364,.F.);
#7550=ORIENTED_EDGE('',*,*,#5333,.T.);
#7551=ORIENTED_EDGE('',*,*,#5365,.T.);
#7552=ORIENTED_EDGE('',*,*,#5366,.T.);
#7553=ORIENTED_EDGE('',*,*,#5367,.F.);
#7554=ORIENTED_EDGE('',*,*,#5366,.F.);
#7555=ORIENTED_EDGE('',*,*,#5368,.F.);
#7556=ORIENTED_EDGE('',*,*,#5369,.F.);
#7557=ORIENTED_EDGE('',*,*,#5370,.F.);
#7558=ORIENTED_EDGE('',*,*,#5325,.T.);
#7559=ORIENTED_EDGE('',*,*,#5371,.T.);
#7560=ORIENTED_EDGE('',*,*,#5372,.T.);
#7561=ORIENTED_EDGE('',*,*,#5373,.F.);
#7562=ORIENTED_EDGE('',*,*,#5372,.F.);
#7563=ORIENTED_EDGE('',*,*,#5374,.F.);
#7564=ORIENTED_EDGE('',*,*,#5375,.F.);
#7565=ORIENTED_EDGE('',*,*,#5376,.F.);
#7566=ORIENTED_EDGE('',*,*,#5329,.T.);
#7567=ORIENTED_EDGE('',*,*,#5377,.T.);
#7568=ORIENTED_EDGE('',*,*,#5378,.T.);
#7569=ORIENTED_EDGE('',*,*,#5379,.F.);
#7570=ORIENTED_EDGE('',*,*,#5378,.F.);
#7571=ORIENTED_EDGE('',*,*,#5380,.F.);
#7572=ORIENTED_EDGE('',*,*,#5381,.F.);
#7573=ORIENTED_EDGE('',*,*,#5382,.F.);
#7574=ORIENTED_EDGE('',*,*,#5335,.T.);
#7575=ORIENTED_EDGE('',*,*,#5383,.T.);
#7576=ORIENTED_EDGE('',*,*,#5384,.T.);
#7577=ORIENTED_EDGE('',*,*,#5385,.F.);
#7578=ORIENTED_EDGE('',*,*,#5384,.F.);
#7579=ORIENTED_EDGE('',*,*,#5386,.F.);
#7580=ORIENTED_EDGE('',*,*,#5387,.F.);
#7581=ORIENTED_EDGE('',*,*,#5388,.F.);
#7582=ORIENTED_EDGE('',*,*,#5327,.T.);
#7583=ORIENTED_EDGE('',*,*,#5389,.T.);
#7584=ORIENTED_EDGE('',*,*,#5390,.T.);
#7585=ORIENTED_EDGE('',*,*,#5391,.F.);
#7586=ORIENTED_EDGE('',*,*,#5390,.F.);
#7587=ORIENTED_EDGE('',*,*,#5392,.F.);
#7588=ORIENTED_EDGE('',*,*,#5393,.F.);
#7589=ORIENTED_EDGE('',*,*,#5394,.F.);
#7590=ORIENTED_EDGE('',*,*,#5395,.T.);
#7591=ORIENTED_EDGE('',*,*,#5396,.T.);
#7592=ORIENTED_EDGE('',*,*,#5397,.T.);
#7593=ORIENTED_EDGE('',*,*,#5398,.T.);
#7594=ORIENTED_EDGE('',*,*,#5399,.T.);
#7595=ORIENTED_EDGE('',*,*,#5400,.T.);
#7596=ORIENTED_EDGE('',*,*,#5401,.T.);
#7597=ORIENTED_EDGE('',*,*,#5402,.T.);
#7598=ORIENTED_EDGE('',*,*,#5403,.T.);
#7599=ORIENTED_EDGE('',*,*,#5404,.T.);
#7600=ORIENTED_EDGE('',*,*,#5405,.T.);
#7601=ORIENTED_EDGE('',*,*,#5406,.T.);
#7602=ORIENTED_EDGE('',*,*,#5407,.T.);
#7603=ORIENTED_EDGE('',*,*,#5408,.T.);
#7604=ORIENTED_EDGE('',*,*,#5409,.T.);
#7605=ORIENTED_EDGE('',*,*,#5410,.T.);
#7606=ORIENTED_EDGE('',*,*,#5411,.T.);
#7607=ORIENTED_EDGE('',*,*,#5412,.T.);
#7608=ORIENTED_EDGE('',*,*,#5413,.T.);
#7609=ORIENTED_EDGE('',*,*,#5414,.T.);
#7610=ORIENTED_EDGE('',*,*,#5415,.T.);
#7611=ORIENTED_EDGE('',*,*,#5416,.T.);
#7612=ORIENTED_EDGE('',*,*,#5417,.T.);
#7613=ORIENTED_EDGE('',*,*,#5418,.T.);
#7614=ORIENTED_EDGE('',*,*,#5419,.T.);
#7615=ORIENTED_EDGE('',*,*,#5341,.T.);
#7616=ORIENTED_EDGE('',*,*,#5420,.T.);
#7617=ORIENTED_EDGE('',*,*,#5421,.F.);
#7618=ORIENTED_EDGE('',*,*,#5320,.F.);
#7619=ORIENTED_EDGE('',*,*,#5422,.F.);
#7620=ORIENTED_EDGE('',*,*,#5397,.F.);
#7621=ORIENTED_EDGE('',*,*,#5423,.F.);
#7622=ORIENTED_EDGE('',*,*,#5399,.F.);
#7623=ORIENTED_EDGE('',*,*,#5424,.F.);
#7624=ORIENTED_EDGE('',*,*,#5403,.F.);
#7625=ORIENTED_EDGE('',*,*,#5425,.F.);
#7626=ORIENTED_EDGE('',*,*,#5407,.F.);
#7627=ORIENTED_EDGE('',*,*,#5426,.F.);
#7628=ORIENTED_EDGE('',*,*,#5411,.F.);
#7629=ORIENTED_EDGE('',*,*,#5427,.F.);
#7630=ORIENTED_EDGE('',*,*,#5415,.F.);
#7631=ORIENTED_EDGE('',*,*,#5428,.F.);
#7632=ORIENTED_EDGE('',*,*,#5419,.F.);
#7633=ORIENTED_EDGE('',*,*,#5429,.F.);
#7634=ORIENTED_EDGE('',*,*,#5422,.T.);
#7635=ORIENTED_EDGE('',*,*,#5337,.T.);
#7636=ORIENTED_EDGE('',*,*,#5430,.T.);
#7637=ORIENTED_EDGE('',*,*,#5431,.T.);
#7638=ORIENTED_EDGE('',*,*,#5432,.T.);
#7639=ORIENTED_EDGE('',*,*,#5433,.T.);
#7640=ORIENTED_EDGE('',*,*,#5434,.T.);
#7641=ORIENTED_EDGE('',*,*,#5395,.F.);
#7642=ORIENTED_EDGE('',*,*,#5396,.F.);
#7643=ORIENTED_EDGE('',*,*,#5434,.F.);
#7644=ORIENTED_EDGE('',*,*,#5435,.T.);
#7645=ORIENTED_EDGE('',*,*,#5386,.T.);
#7646=ORIENTED_EDGE('',*,*,#5383,.F.);
#7647=ORIENTED_EDGE('',*,*,#5436,.T.);
#7648=ORIENTED_EDGE('',*,*,#5437,.T.);
#7649=ORIENTED_EDGE('',*,*,#5438,.T.);
#7650=ORIENTED_EDGE('',*,*,#5439,.T.);
#7651=ORIENTED_EDGE('',*,*,#5440,.T.);
#7652=ORIENTED_EDGE('',*,*,#5441,.T.);
#7653=ORIENTED_EDGE('',*,*,#5442,.T.);
#7654=ORIENTED_EDGE('',*,*,#5443,.T.);
#7655=ORIENTED_EDGE('',*,*,#5444,.T.);
#7656=ORIENTED_EDGE('',*,*,#5445,.T.);
#7657=ORIENTED_EDGE('',*,*,#5432,.F.);
#7658=ORIENTED_EDGE('',*,*,#5446,.T.);
#7659=ORIENTED_EDGE('',*,*,#5447,.T.);
#7660=ORIENTED_EDGE('',*,*,#5385,.T.);
#7661=ORIENTED_EDGE('',*,*,#5388,.T.);
#7662=ORIENTED_EDGE('',*,*,#5448,.F.);
#7663=ORIENTED_EDGE('',*,*,#5398,.F.);
#7664=ORIENTED_EDGE('',*,*,#5449,.T.);
#7665=ORIENTED_EDGE('',*,*,#5440,.F.);
#7666=ORIENTED_EDGE('',*,*,#5450,.T.);
#7667=ORIENTED_EDGE('',*,*,#5368,.T.);
#7668=ORIENTED_EDGE('',*,*,#5365,.F.);
#7669=ORIENTED_EDGE('',*,*,#5451,.T.);
#7670=ORIENTED_EDGE('',*,*,#5452,.T.);
#7671=ORIENTED_EDGE('',*,*,#5401,.F.);
#7672=ORIENTED_EDGE('',*,*,#5453,.T.);
#7673=ORIENTED_EDGE('',*,*,#5441,.F.);
#7674=ORIENTED_EDGE('',*,*,#5449,.F.);
#7675=ORIENTED_EDGE('',*,*,#5402,.F.);
#7676=ORIENTED_EDGE('',*,*,#5454,.T.);
#7677=ORIENTED_EDGE('',*,*,#5455,.F.);
#7678=ORIENTED_EDGE('',*,*,#5456,.T.);
#7679=ORIENTED_EDGE('',*,*,#5457,.T.);
#7680=ORIENTED_EDGE('',*,*,#5458,.T.);
#7681=ORIENTED_EDGE('',*,*,#5459,.T.);
#7682=ORIENTED_EDGE('',*,*,#5460,.F.);
#7683=ORIENTED_EDGE('',*,*,#5461,.T.);
#7684=ORIENTED_EDGE('',*,*,#5362,.T.);
#7685=ORIENTED_EDGE('',*,*,#5359,.F.);
#7686=ORIENTED_EDGE('',*,*,#5462,.T.);
#7687=ORIENTED_EDGE('',*,*,#5463,.T.);
#7688=ORIENTED_EDGE('',*,*,#5405,.F.);
#7689=ORIENTED_EDGE('',*,*,#5464,.T.);
#7690=ORIENTED_EDGE('',*,*,#5465,.F.);
#7691=ORIENTED_EDGE('',*,*,#5454,.F.);
#7692=ORIENTED_EDGE('',*,*,#5406,.F.);
#7693=ORIENTED_EDGE('',*,*,#5466,.T.);
#7694=ORIENTED_EDGE('',*,*,#5444,.F.);
#7695=ORIENTED_EDGE('',*,*,#5467,.T.);
#7696=ORIENTED_EDGE('',*,*,#5380,.T.);
#7697=ORIENTED_EDGE('',*,*,#5377,.F.);
#7698=ORIENTED_EDGE('',*,*,#5468,.T.);
#7699=ORIENTED_EDGE('',*,*,#5469,.T.);
#7700=ORIENTED_EDGE('',*,*,#5470,.T.);
#7701=ORIENTED_EDGE('',*,*,#5471,.T.);
#7702=ORIENTED_EDGE('',*,*,#5472,.T.);
#7703=ORIENTED_EDGE('',*,*,#5473,.T.);
#7704=ORIENTED_EDGE('',*,*,#5409,.F.);
#7705=ORIENTED_EDGE('',*,*,#5474,.T.);
#7706=ORIENTED_EDGE('',*,*,#5445,.F.);
#7707=ORIENTED_EDGE('',*,*,#5466,.F.);
#7708=ORIENTED_EDGE('',*,*,#5412,.F.);
#7709=ORIENTED_EDGE('',*,*,#5475,.T.);
#7710=ORIENTED_EDGE('',*,*,#5476,.T.);
#7711=ORIENTED_EDGE('',*,*,#5391,.T.);
#7712=ORIENTED_EDGE('',*,*,#5394,.T.);
#7713=ORIENTED_EDGE('',*,*,#5477,.F.);
#7714=ORIENTED_EDGE('',*,*,#5478,.F.);
#7715=ORIENTED_EDGE('',*,*,#5479,.F.);
#7716=ORIENTED_EDGE('',*,*,#5480,.T.);
#7717=ORIENTED_EDGE('',*,*,#5481,.T.);
#7718=ORIENTED_EDGE('',*,*,#5482,.T.);
#7719=ORIENTED_EDGE('',*,*,#5483,.T.);
#7720=ORIENTED_EDGE('',*,*,#5484,.F.);
#7721=ORIENTED_EDGE('',*,*,#5477,.T.);
#7722=ORIENTED_EDGE('',*,*,#5393,.T.);
#7723=ORIENTED_EDGE('',*,*,#5485,.F.);
#7724=ORIENTED_EDGE('',*,*,#5433,.F.);
#7725=ORIENTED_EDGE('',*,*,#5448,.T.);
#7726=ORIENTED_EDGE('',*,*,#5387,.T.);
#7727=ORIENTED_EDGE('',*,*,#5435,.F.);
#7728=ORIENTED_EDGE('',*,*,#5447,.F.);
#7729=ORIENTED_EDGE('',*,*,#5486,.T.);
#7730=ORIENTED_EDGE('',*,*,#5430,.F.);
#7731=ORIENTED_EDGE('',*,*,#5336,.T.);
#7732=ORIENTED_EDGE('',*,*,#5446,.F.);
#7733=ORIENTED_EDGE('',*,*,#5431,.F.);
#7734=ORIENTED_EDGE('',*,*,#5486,.F.);
#7735=ORIENTED_EDGE('',*,*,#5437,.F.);
#7736=ORIENTED_EDGE('',*,*,#5487,.F.);
#7737=ORIENTED_EDGE('',*,*,#5488,.F.);
#7738=ORIENTED_EDGE('',*,*,#5423,.T.);
#7739=ORIENTED_EDGE('',*,*,#5400,.F.);
#7740=ORIENTED_EDGE('',*,*,#5488,.T.);
#7741=ORIENTED_EDGE('',*,*,#5489,.T.);
#7742=ORIENTED_EDGE('',*,*,#5367,.T.);
#7743=ORIENTED_EDGE('',*,*,#5370,.T.);
#7744=ORIENTED_EDGE('',*,*,#5490,.F.);
#7745=ORIENTED_EDGE('',*,*,#5438,.F.);
#7746=ORIENTED_EDGE('',*,*,#5453,.F.);
#7747=ORIENTED_EDGE('',*,*,#5439,.F.);
#7748=ORIENTED_EDGE('',*,*,#5490,.T.);
#7749=ORIENTED_EDGE('',*,*,#5369,.T.);
#7750=ORIENTED_EDGE('',*,*,#5450,.F.);
#7751=ORIENTED_EDGE('',*,*,#5452,.F.);
#7752=ORIENTED_EDGE('',*,*,#5491,.F.);
#7753=ORIENTED_EDGE('',*,*,#5492,.F.);
#7754=ORIENTED_EDGE('',*,*,#5424,.T.);
#7755=ORIENTED_EDGE('',*,*,#5436,.F.);
#7756=ORIENTED_EDGE('',*,*,#5334,.T.);
#7757=ORIENTED_EDGE('',*,*,#5489,.F.);
#7758=ORIENTED_EDGE('',*,*,#5487,.T.);
#7759=ORIENTED_EDGE('',*,*,#5404,.F.);
#7760=ORIENTED_EDGE('',*,*,#5492,.T.);
#7761=ORIENTED_EDGE('',*,*,#5493,.T.);
#7762=ORIENTED_EDGE('',*,*,#5361,.T.);
#7763=ORIENTED_EDGE('',*,*,#5364,.T.);
#7764=ORIENTED_EDGE('',*,*,#5494,.F.);
#7765=ORIENTED_EDGE('',*,*,#5495,.F.);
#7766=ORIENTED_EDGE('',*,*,#5496,.T.);
#7767=ORIENTED_EDGE('',*,*,#5497,.T.);
#7768=ORIENTED_EDGE('',*,*,#5498,.F.);
#7769=ORIENTED_EDGE('',*,*,#5464,.F.);
#7770=ORIENTED_EDGE('',*,*,#5499,.F.);
#7771=ORIENTED_EDGE('',*,*,#5494,.T.);
#7772=ORIENTED_EDGE('',*,*,#5363,.T.);
#7773=ORIENTED_EDGE('',*,*,#5461,.F.);
#7774=ORIENTED_EDGE('',*,*,#5456,.F.);
#7775=ORIENTED_EDGE('',*,*,#5500,.F.);
#7776=ORIENTED_EDGE('',*,*,#5501,.F.);
#7777=ORIENTED_EDGE('',*,*,#5502,.F.);
#7778=ORIENTED_EDGE('',*,*,#5503,.F.);
#7779=ORIENTED_EDGE('',*,*,#5451,.F.);
#7780=ORIENTED_EDGE('',*,*,#5332,.T.);
#7781=ORIENTED_EDGE('',*,*,#5493,.F.);
#7782=ORIENTED_EDGE('',*,*,#5491,.T.);
#7783=ORIENTED_EDGE('',*,*,#5463,.F.);
#7784=ORIENTED_EDGE('',*,*,#5504,.F.);
#7785=ORIENTED_EDGE('',*,*,#5505,.F.);
#7786=ORIENTED_EDGE('',*,*,#5425,.T.);
#7787=ORIENTED_EDGE('',*,*,#5506,.T.);
#7788=ORIENTED_EDGE('',*,*,#5495,.T.);
#7789=ORIENTED_EDGE('',*,*,#5499,.T.);
#7790=ORIENTED_EDGE('',*,*,#5460,.T.);
#7791=ORIENTED_EDGE('',*,*,#5507,.T.);
#7792=ORIENTED_EDGE('',*,*,#5500,.T.);
#7793=ORIENTED_EDGE('',*,*,#5455,.T.);
#7794=ORIENTED_EDGE('',*,*,#5465,.T.);
#7795=ORIENTED_EDGE('',*,*,#5498,.T.);
#7796=ORIENTED_EDGE('',*,*,#5508,.T.);
#7797=ORIENTED_EDGE('',*,*,#5496,.F.);
#7798=ORIENTED_EDGE('',*,*,#5506,.F.);
#7799=ORIENTED_EDGE('',*,*,#5509,.T.);
#7800=ORIENTED_EDGE('',*,*,#5497,.F.);
#7801=ORIENTED_EDGE('',*,*,#5509,.F.);
#7802=ORIENTED_EDGE('',*,*,#5508,.F.);
#7803=ORIENTED_EDGE('',*,*,#5408,.F.);
#7804=ORIENTED_EDGE('',*,*,#5505,.T.);
#7805=ORIENTED_EDGE('',*,*,#5510,.T.);
#7806=ORIENTED_EDGE('',*,*,#5379,.T.);
#7807=ORIENTED_EDGE('',*,*,#5382,.T.);
#7808=ORIENTED_EDGE('',*,*,#5511,.F.);
#7809=ORIENTED_EDGE('',*,*,#5442,.F.);
#7810=ORIENTED_EDGE('',*,*,#5474,.F.);
#7811=ORIENTED_EDGE('',*,*,#5512,.T.);
#7812=ORIENTED_EDGE('',*,*,#5513,.T.);
#7813=ORIENTED_EDGE('',*,*,#5514,.T.);
#7814=ORIENTED_EDGE('',*,*,#5502,.T.);
#7815=ORIENTED_EDGE('',*,*,#5443,.F.);
#7816=ORIENTED_EDGE('',*,*,#5511,.T.);
#7817=ORIENTED_EDGE('',*,*,#5381,.T.);
#7818=ORIENTED_EDGE('',*,*,#5467,.F.);
#7819=ORIENTED_EDGE('',*,*,#5469,.F.);
#7820=ORIENTED_EDGE('',*,*,#5515,.F.);
#7821=ORIENTED_EDGE('',*,*,#5475,.F.);
#7822=ORIENTED_EDGE('',*,*,#5426,.T.);
#7823=ORIENTED_EDGE('',*,*,#5462,.F.);
#7824=ORIENTED_EDGE('',*,*,#5330,.T.);
#7825=ORIENTED_EDGE('',*,*,#5510,.F.);
#7826=ORIENTED_EDGE('',*,*,#5504,.T.);
#7827=ORIENTED_EDGE('',*,*,#5457,.F.);
#7828=ORIENTED_EDGE('',*,*,#5503,.T.);
#7829=ORIENTED_EDGE('',*,*,#5514,.F.);
#7830=ORIENTED_EDGE('',*,*,#5516,.F.);
#7831=ORIENTED_EDGE('',*,*,#5472,.F.);
#7832=ORIENTED_EDGE('',*,*,#5517,.T.);
#7833=ORIENTED_EDGE('',*,*,#5480,.F.);
#7834=ORIENTED_EDGE('',*,*,#5518,.F.);
#7835=ORIENTED_EDGE('',*,*,#5458,.F.);
#7836=ORIENTED_EDGE('',*,*,#5516,.T.);
#7837=ORIENTED_EDGE('',*,*,#5513,.F.);
#7838=ORIENTED_EDGE('',*,*,#5519,.T.);
#7839=ORIENTED_EDGE('',*,*,#5473,.F.);
#7840=ORIENTED_EDGE('',*,*,#5518,.T.);
#7841=ORIENTED_EDGE('',*,*,#5483,.F.);
#7842=ORIENTED_EDGE('',*,*,#5520,.T.);
#7843=ORIENTED_EDGE('',*,*,#5459,.F.);
#7844=ORIENTED_EDGE('',*,*,#5519,.F.);
#7845=ORIENTED_EDGE('',*,*,#5512,.F.);
#7846=ORIENTED_EDGE('',*,*,#5501,.T.);
#7847=ORIENTED_EDGE('',*,*,#5507,.F.);
#7848=ORIENTED_EDGE('',*,*,#5410,.F.);
#7849=ORIENTED_EDGE('',*,*,#5521,.T.);
#7850=ORIENTED_EDGE('',*,*,#5522,.F.);
#7851=ORIENTED_EDGE('',*,*,#5523,.T.);
#7852=ORIENTED_EDGE('',*,*,#5524,.T.);
#7853=ORIENTED_EDGE('',*,*,#5525,.F.);
#7854=ORIENTED_EDGE('',*,*,#5485,.T.);
#7855=ORIENTED_EDGE('',*,*,#5392,.T.);
#7856=ORIENTED_EDGE('',*,*,#5389,.F.);
#7857=ORIENTED_EDGE('',*,*,#5526,.T.);
#7858=ORIENTED_EDGE('',*,*,#5527,.T.);
#7859=ORIENTED_EDGE('',*,*,#5528,.T.);
#7860=ORIENTED_EDGE('',*,*,#5529,.T.);
#7861=ORIENTED_EDGE('',*,*,#5530,.T.);
#7862=ORIENTED_EDGE('',*,*,#5531,.T.);
#7863=ORIENTED_EDGE('',*,*,#5413,.F.);
#7864=ORIENTED_EDGE('',*,*,#5479,.T.);
#7865=ORIENTED_EDGE('',*,*,#5532,.F.);
#7866=ORIENTED_EDGE('',*,*,#5521,.F.);
#7867=ORIENTED_EDGE('',*,*,#5533,.T.);
#7868=ORIENTED_EDGE('',*,*,#5522,.T.);
#7869=ORIENTED_EDGE('',*,*,#5532,.T.);
#7870=ORIENTED_EDGE('',*,*,#5478,.T.);
#7871=ORIENTED_EDGE('',*,*,#5484,.T.);
#7872=ORIENTED_EDGE('',*,*,#5525,.T.);
#7873=ORIENTED_EDGE('',*,*,#5534,.T.);
#7874=ORIENTED_EDGE('',*,*,#5535,.T.);
#7875=ORIENTED_EDGE('',*,*,#5536,.T.);
#7876=ORIENTED_EDGE('',*,*,#5537,.T.);
#7877=ORIENTED_EDGE('',*,*,#5538,.T.);
#7878=ORIENTED_EDGE('',*,*,#5539,.T.);
#7879=ORIENTED_EDGE('',*,*,#5540,.T.);
#7880=ORIENTED_EDGE('',*,*,#5541,.T.);
#7881=ORIENTED_EDGE('',*,*,#5468,.F.);
#7882=ORIENTED_EDGE('',*,*,#5328,.T.);
#7883=ORIENTED_EDGE('',*,*,#5476,.F.);
#7884=ORIENTED_EDGE('',*,*,#5515,.T.);
#7885=ORIENTED_EDGE('',*,*,#5527,.F.);
#7886=ORIENTED_EDGE('',*,*,#5542,.F.);
#7887=ORIENTED_EDGE('',*,*,#5543,.F.);
#7888=ORIENTED_EDGE('',*,*,#5427,.T.);
#7889=ORIENTED_EDGE('',*,*,#5470,.F.);
#7890=ORIENTED_EDGE('',*,*,#5520,.F.);
#7891=ORIENTED_EDGE('',*,*,#5482,.F.);
#7892=ORIENTED_EDGE('',*,*,#5544,.T.);
#7893=ORIENTED_EDGE('',*,*,#5530,.F.);
#7894=ORIENTED_EDGE('',*,*,#5545,.F.);
#7895=ORIENTED_EDGE('',*,*,#5546,.F.);
#7896=ORIENTED_EDGE('',*,*,#5547,.T.);
#7897=ORIENTED_EDGE('',*,*,#5471,.F.);
#7898=ORIENTED_EDGE('',*,*,#5544,.F.);
#7899=ORIENTED_EDGE('',*,*,#5481,.F.);
#7900=ORIENTED_EDGE('',*,*,#5517,.F.);
#7901=ORIENTED_EDGE('',*,*,#5531,.F.);
#7902=ORIENTED_EDGE('',*,*,#5547,.F.);
#7903=ORIENTED_EDGE('',*,*,#5548,.F.);
#7904=ORIENTED_EDGE('',*,*,#5549,.F.);
#7905=ORIENTED_EDGE('',*,*,#5537,.F.);
#7906=ORIENTED_EDGE('',*,*,#5550,.T.);
#7907=ORIENTED_EDGE('',*,*,#5375,.T.);
#7908=ORIENTED_EDGE('',*,*,#5551,.F.);
#7909=ORIENTED_EDGE('',*,*,#5414,.F.);
#7910=ORIENTED_EDGE('',*,*,#5552,.T.);
#7911=ORIENTED_EDGE('',*,*,#5538,.F.);
#7912=ORIENTED_EDGE('',*,*,#5551,.T.);
#7913=ORIENTED_EDGE('',*,*,#5374,.T.);
#7914=ORIENTED_EDGE('',*,*,#5371,.F.);
#7915=ORIENTED_EDGE('',*,*,#5553,.T.);
#7916=ORIENTED_EDGE('',*,*,#5554,.T.);
#7917=ORIENTED_EDGE('',*,*,#5555,.T.);
#7918=ORIENTED_EDGE('',*,*,#5556,.T.);
#7919=ORIENTED_EDGE('',*,*,#5557,.T.);
#7920=ORIENTED_EDGE('',*,*,#5558,.T.);
#7921=ORIENTED_EDGE('',*,*,#5559,.T.);
#7922=ORIENTED_EDGE('',*,*,#5560,.T.);
#7923=ORIENTED_EDGE('',*,*,#5561,.T.);
#7924=ORIENTED_EDGE('',*,*,#5562,.T.);
#7925=ORIENTED_EDGE('',*,*,#5417,.F.);
#7926=ORIENTED_EDGE('',*,*,#5563,.T.);
#7927=ORIENTED_EDGE('',*,*,#5539,.F.);
#7928=ORIENTED_EDGE('',*,*,#5552,.F.);
#7929=ORIENTED_EDGE('',*,*,#5416,.F.);
#7930=ORIENTED_EDGE('',*,*,#5543,.T.);
#7931=ORIENTED_EDGE('',*,*,#5564,.T.);
#7932=ORIENTED_EDGE('',*,*,#5373,.T.);
#7933=ORIENTED_EDGE('',*,*,#5376,.T.);
#7934=ORIENTED_EDGE('',*,*,#5550,.F.);
#7935=ORIENTED_EDGE('',*,*,#5536,.F.);
#7936=ORIENTED_EDGE('',*,*,#5565,.T.);
#7937=ORIENTED_EDGE('',*,*,#5566,.T.);
#7938=ORIENTED_EDGE('',*,*,#5567,.T.);
#7939=ORIENTED_EDGE('',*,*,#5568,.T.);
#7940=ORIENTED_EDGE('',*,*,#5540,.F.);
#7941=ORIENTED_EDGE('',*,*,#5563,.F.);
#7942=ORIENTED_EDGE('',*,*,#5546,.T.);
#7943=ORIENTED_EDGE('',*,*,#5569,.T.);
#7944=ORIENTED_EDGE('',*,*,#5570,.T.);
#7945=ORIENTED_EDGE('',*,*,#5548,.T.);
#7946=ORIENTED_EDGE('',*,*,#5568,.F.);
#7947=ORIENTED_EDGE('',*,*,#5571,.F.);
#7948=ORIENTED_EDGE('',*,*,#5541,.F.);
#7949=ORIENTED_EDGE('',*,*,#5523,.F.);
#7950=ORIENTED_EDGE('',*,*,#5533,.F.);
#7951=ORIENTED_EDGE('',*,*,#5571,.T.);
#7952=ORIENTED_EDGE('',*,*,#5567,.F.);
#7953=ORIENTED_EDGE('',*,*,#5572,.F.);
#7954=ORIENTED_EDGE('',*,*,#5561,.F.);
#7955=ORIENTED_EDGE('',*,*,#5573,.T.);
#7956=ORIENTED_EDGE('',*,*,#5350,.F.);
#7957=ORIENTED_EDGE('',*,*,#5574,.F.);
#7958=ORIENTED_EDGE('',*,*,#5524,.F.);
#7959=ORIENTED_EDGE('',*,*,#5572,.T.);
#7960=ORIENTED_EDGE('',*,*,#5566,.F.);
#7961=ORIENTED_EDGE('',*,*,#5575,.T.);
#7962=ORIENTED_EDGE('',*,*,#5534,.F.);
#7963=ORIENTED_EDGE('',*,*,#5562,.F.);
#7964=ORIENTED_EDGE('',*,*,#5574,.T.);
#7965=ORIENTED_EDGE('',*,*,#5349,.F.);
#7966=ORIENTED_EDGE('',*,*,#5576,.T.);
#7967=ORIENTED_EDGE('',*,*,#5565,.F.);
#7968=ORIENTED_EDGE('',*,*,#5535,.F.);
#7969=ORIENTED_EDGE('',*,*,#5575,.F.);
#7970=ORIENTED_EDGE('',*,*,#5554,.F.);
#7971=ORIENTED_EDGE('',*,*,#5577,.F.);
#7972=ORIENTED_EDGE('',*,*,#5342,.F.);
#7973=ORIENTED_EDGE('',*,*,#5428,.T.);
#7974=ORIENTED_EDGE('',*,*,#5526,.F.);
#7975=ORIENTED_EDGE('',*,*,#5326,.T.);
#7976=ORIENTED_EDGE('',*,*,#5564,.F.);
#7977=ORIENTED_EDGE('',*,*,#5542,.T.);
#7978=ORIENTED_EDGE('',*,*,#5528,.F.);
#7979=ORIENTED_EDGE('',*,*,#5549,.T.);
#7980=ORIENTED_EDGE('',*,*,#5570,.F.);
#7981=ORIENTED_EDGE('',*,*,#5578,.F.);
#7982=ORIENTED_EDGE('',*,*,#5557,.F.);
#7983=ORIENTED_EDGE('',*,*,#5579,.T.);
#7984=ORIENTED_EDGE('',*,*,#5354,.F.);
#7985=ORIENTED_EDGE('',*,*,#5580,.F.);
#7986=ORIENTED_EDGE('',*,*,#5529,.F.);
#7987=ORIENTED_EDGE('',*,*,#5578,.T.);
#7988=ORIENTED_EDGE('',*,*,#5569,.F.);
#7989=ORIENTED_EDGE('',*,*,#5545,.T.);
#7990=ORIENTED_EDGE('',*,*,#5558,.F.);
#7991=ORIENTED_EDGE('',*,*,#5580,.T.);
#7992=ORIENTED_EDGE('',*,*,#5353,.F.);
#7993=ORIENTED_EDGE('',*,*,#5581,.T.);
#7994=ORIENTED_EDGE('',*,*,#5582,.T.);
#7995=ORIENTED_EDGE('',*,*,#5583,.T.);
#7996=ORIENTED_EDGE('',*,*,#5584,.T.);
#7997=ORIENTED_EDGE('',*,*,#5339,.T.);
#7998=ORIENTED_EDGE('',*,*,#5418,.F.);
#7999=ORIENTED_EDGE('',*,*,#5585,.T.);
#8000=ORIENTED_EDGE('',*,*,#5583,.F.);
#8001=ORIENTED_EDGE('',*,*,#5586,.T.);
#8002=ORIENTED_EDGE('',*,*,#5587,.T.);
#8003=ORIENTED_EDGE('',*,*,#5357,.T.);
#8004=ORIENTED_EDGE('',*,*,#5355,.F.);
#8005=ORIENTED_EDGE('',*,*,#5588,.T.);
#8006=ORIENTED_EDGE('',*,*,#5589,.T.);
#8007=ORIENTED_EDGE('',*,*,#5590,.T.);
#8008=ORIENTED_EDGE('',*,*,#5591,.T.);
#8009=ORIENTED_EDGE('',*,*,#5592,.T.);
#8010=ORIENTED_EDGE('',*,*,#5593,.T.);
#8011=ORIENTED_EDGE('',*,*,#5594,.T.);
#8012=ORIENTED_EDGE('',*,*,#5595,.T.);
#8013=ORIENTED_EDGE('',*,*,#5596,.T.);
#8014=ORIENTED_EDGE('',*,*,#5597,.T.);
#8015=ORIENTED_EDGE('',*,*,#5420,.F.);
#8016=ORIENTED_EDGE('',*,*,#5340,.T.);
#8017=ORIENTED_EDGE('',*,*,#5584,.F.);
#8018=ORIENTED_EDGE('',*,*,#5585,.F.);
#8019=ORIENTED_EDGE('',*,*,#5346,.T.);
#8020=ORIENTED_EDGE('',*,*,#5358,.T.);
#8021=ORIENTED_EDGE('',*,*,#5587,.F.);
#8022=ORIENTED_EDGE('',*,*,#5598,.T.);
#8023=ORIENTED_EDGE('',*,*,#5338,.F.);
#8024=ORIENTED_EDGE('',*,*,#5598,.F.);
#8025=ORIENTED_EDGE('',*,*,#5586,.F.);
#8026=ORIENTED_EDGE('',*,*,#5582,.F.);
#8027=ORIENTED_EDGE('',*,*,#5559,.F.);
#8028=ORIENTED_EDGE('',*,*,#5576,.F.);
#8029=ORIENTED_EDGE('',*,*,#5348,.F.);
#8030=ORIENTED_EDGE('',*,*,#5599,.T.);
#8031=ORIENTED_EDGE('',*,*,#5597,.F.);
#8032=ORIENTED_EDGE('',*,*,#5600,.T.);
#8033=ORIENTED_EDGE('',*,*,#5314,.F.);
#8034=ORIENTED_EDGE('',*,*,#5601,.F.);
#8035=ORIENTED_EDGE('',*,*,#5596,.F.);
#8036=ORIENTED_EDGE('',*,*,#5602,.T.);
#8037=ORIENTED_EDGE('',*,*,#5315,.F.);
#8038=ORIENTED_EDGE('',*,*,#5600,.F.);
#8039=ORIENTED_EDGE('',*,*,#5560,.F.);
#8040=ORIENTED_EDGE('',*,*,#5599,.F.);
#8041=ORIENTED_EDGE('',*,*,#5347,.F.);
#8042=ORIENTED_EDGE('',*,*,#5573,.F.);
#8043=ORIENTED_EDGE('',*,*,#5594,.F.);
#8044=ORIENTED_EDGE('',*,*,#5601,.T.);
#8045=ORIENTED_EDGE('',*,*,#5313,.F.);
#8046=ORIENTED_EDGE('',*,*,#5603,.F.);
#8047=ORIENTED_EDGE('',*,*,#5595,.F.);
#8048=ORIENTED_EDGE('',*,*,#5603,.T.);
#8049=ORIENTED_EDGE('',*,*,#5312,.F.);
#8050=ORIENTED_EDGE('',*,*,#5602,.F.);
#8051=ORIENTED_EDGE('',*,*,#5553,.F.);
#8052=ORIENTED_EDGE('',*,*,#5324,.T.);
#8053=ORIENTED_EDGE('',*,*,#5343,.F.);
#8054=ORIENTED_EDGE('',*,*,#5577,.T.);
#8055=ORIENTED_EDGE('',*,*,#5588,.F.);
#8056=ORIENTED_EDGE('',*,*,#5322,.T.);
#8057=ORIENTED_EDGE('',*,*,#5604,.T.);
#8058=ORIENTED_EDGE('',*,*,#5605,.T.);
#8059=ORIENTED_EDGE('',*,*,#5589,.F.);
#8060=ORIENTED_EDGE('',*,*,#5605,.F.);
#8061=ORIENTED_EDGE('',*,*,#5606,.T.);
#8062=ORIENTED_EDGE('',*,*,#5429,.T.);
#8063=ORIENTED_EDGE('',*,*,#5321,.T.);
#8064=ORIENTED_EDGE('',*,*,#5421,.T.);
#8065=ORIENTED_EDGE('',*,*,#5606,.F.);
#8066=ORIENTED_EDGE('',*,*,#5604,.F.);
#8067=ORIENTED_EDGE('',*,*,#5555,.F.);
#8068=ORIENTED_EDGE('',*,*,#5581,.F.);
#8069=ORIENTED_EDGE('',*,*,#5352,.F.);
#8070=ORIENTED_EDGE('',*,*,#5607,.T.);
#8071=ORIENTED_EDGE('',*,*,#5593,.F.);
#8072=ORIENTED_EDGE('',*,*,#5608,.T.);
#8073=ORIENTED_EDGE('',*,*,#5318,.F.);
#8074=ORIENTED_EDGE('',*,*,#5609,.F.);
#8075=ORIENTED_EDGE('',*,*,#5592,.F.);
#8076=ORIENTED_EDGE('',*,*,#5610,.T.);
#8077=ORIENTED_EDGE('',*,*,#5319,.F.);
#8078=ORIENTED_EDGE('',*,*,#5608,.F.);
#8079=ORIENTED_EDGE('',*,*,#5556,.F.);
#8080=ORIENTED_EDGE('',*,*,#5607,.F.);
#8081=ORIENTED_EDGE('',*,*,#5351,.F.);
#8082=ORIENTED_EDGE('',*,*,#5579,.F.);
#8083=ORIENTED_EDGE('',*,*,#5590,.F.);
#8084=ORIENTED_EDGE('',*,*,#5609,.T.);
#8085=ORIENTED_EDGE('',*,*,#5317,.F.);
#8086=ORIENTED_EDGE('',*,*,#5611,.F.);
#8087=ORIENTED_EDGE('',*,*,#5591,.F.);
#8088=ORIENTED_EDGE('',*,*,#5611,.T.);
#8089=ORIENTED_EDGE('',*,*,#5316,.F.);
#8090=ORIENTED_EDGE('',*,*,#5610,.F.);
#8091=ORIENTED_EDGE('',*,*,#5612,.F.);
#8092=ORIENTED_EDGE('',*,*,#5613,.F.);
#8093=ORIENTED_EDGE('',*,*,#5614,.F.);
#8094=ORIENTED_EDGE('',*,*,#5615,.F.);
#8095=ORIENTED_EDGE('',*,*,#5616,.F.);
#8096=ORIENTED_EDGE('',*,*,#5617,.F.);
#8097=ORIENTED_EDGE('',*,*,#5618,.F.);
#8098=ORIENTED_EDGE('',*,*,#5619,.F.);
#8099=ORIENTED_EDGE('',*,*,#5614,.T.);
#8100=ORIENTED_EDGE('',*,*,#5620,.T.);
#8101=ORIENTED_EDGE('',*,*,#5621,.T.);
#8102=ORIENTED_EDGE('',*,*,#5622,.F.);
#8103=ORIENTED_EDGE('',*,*,#5623,.F.);
#8104=ORIENTED_EDGE('',*,*,#5624,.T.);
#8105=ORIENTED_EDGE('',*,*,#5615,.T.);
#8106=ORIENTED_EDGE('',*,*,#5624,.F.);
#8107=ORIENTED_EDGE('',*,*,#5625,.T.);
#8108=ORIENTED_EDGE('',*,*,#5626,.F.);
#8109=ORIENTED_EDGE('',*,*,#5627,.T.);
#8110=ORIENTED_EDGE('',*,*,#5628,.F.);
#8111=ORIENTED_EDGE('',*,*,#5629,.T.);
#8112=ORIENTED_EDGE('',*,*,#5630,.F.);
#8113=ORIENTED_EDGE('',*,*,#5613,.T.);
#8114=ORIENTED_EDGE('',*,*,#5631,.F.);
#8115=ORIENTED_EDGE('',*,*,#5632,.F.);
#8116=ORIENTED_EDGE('',*,*,#5620,.F.);
#8117=ORIENTED_EDGE('',*,*,#5633,.T.);
#8118=ORIENTED_EDGE('',*,*,#5634,.T.);
#8119=ORIENTED_EDGE('',*,*,#5635,.T.);
#8120=ORIENTED_EDGE('',*,*,#5636,.T.);
#8121=ORIENTED_EDGE('',*,*,#5618,.T.);
#8122=ORIENTED_EDGE('',*,*,#5637,.F.);
#8123=ORIENTED_EDGE('',*,*,#5638,.F.);
#8124=ORIENTED_EDGE('',*,*,#5639,.F.);
#8125=ORIENTED_EDGE('',*,*,#5640,.T.);
#8126=ORIENTED_EDGE('',*,*,#5641,.T.);
#8127=ORIENTED_EDGE('',*,*,#5642,.T.);
#8128=ORIENTED_EDGE('',*,*,#5643,.T.);
#8129=ORIENTED_EDGE('',*,*,#5617,.T.);
#8130=ORIENTED_EDGE('',*,*,#5644,.F.);
#8131=ORIENTED_EDGE('',*,*,#5636,.F.);
#8132=ORIENTED_EDGE('',*,*,#5645,.T.);
#8133=ORIENTED_EDGE('',*,*,#5637,.T.);
#8134=ORIENTED_EDGE('',*,*,#5621,.F.);
#8135=ORIENTED_EDGE('',*,*,#5632,.T.);
#8136=ORIENTED_EDGE('',*,*,#5646,.F.);
#8137=ORIENTED_EDGE('',*,*,#5647,.F.);
#8138=ORIENTED_EDGE('',*,*,#5622,.T.);
#8139=ORIENTED_EDGE('',*,*,#5647,.T.);
#8140=ORIENTED_EDGE('',*,*,#5648,.F.);
#8141=ORIENTED_EDGE('',*,*,#5649,.F.);
#8142=ORIENTED_EDGE('',*,*,#5623,.T.);
#8143=ORIENTED_EDGE('',*,*,#5649,.T.);
#8144=ORIENTED_EDGE('',*,*,#5650,.F.);
#8145=ORIENTED_EDGE('',*,*,#5625,.F.);
#8146=ORIENTED_EDGE('',*,*,#5612,.T.);
#8147=ORIENTED_EDGE('',*,*,#5626,.T.);
#8148=ORIENTED_EDGE('',*,*,#5650,.T.);
#8149=ORIENTED_EDGE('',*,*,#5648,.T.);
#8150=ORIENTED_EDGE('',*,*,#5646,.T.);
#8151=ORIENTED_EDGE('',*,*,#5631,.T.);
#8152=ORIENTED_EDGE('',*,*,#5628,.T.);
#8153=ORIENTED_EDGE('',*,*,#5651,.T.);
#8154=ORIENTED_EDGE('',*,*,#5643,.F.);
#8155=ORIENTED_EDGE('',*,*,#5652,.F.);
#8156=ORIENTED_EDGE('',*,*,#5629,.F.);
#8157=ORIENTED_EDGE('',*,*,#5652,.T.);
#8158=ORIENTED_EDGE('',*,*,#5642,.F.);
#8159=ORIENTED_EDGE('',*,*,#5653,.F.);
#8160=ORIENTED_EDGE('',*,*,#5630,.T.);
#8161=ORIENTED_EDGE('',*,*,#5653,.T.);
#8162=ORIENTED_EDGE('',*,*,#5641,.F.);
#8163=ORIENTED_EDGE('',*,*,#5654,.F.);
#8164=ORIENTED_EDGE('',*,*,#5627,.F.);
#8165=ORIENTED_EDGE('',*,*,#5654,.T.);
#8166=ORIENTED_EDGE('',*,*,#5640,.F.);
#8167=ORIENTED_EDGE('',*,*,#5651,.F.);
#8168=ORIENTED_EDGE('',*,*,#5616,.T.);
#8169=ORIENTED_EDGE('',*,*,#5655,.F.);
#8170=ORIENTED_EDGE('',*,*,#5633,.F.);
#8171=ORIENTED_EDGE('',*,*,#5644,.T.);
#8172=ORIENTED_EDGE('',*,*,#5619,.T.);
#8173=ORIENTED_EDGE('',*,*,#5639,.T.);
#8174=ORIENTED_EDGE('',*,*,#5656,.F.);
#8175=ORIENTED_EDGE('',*,*,#5634,.F.);
#8176=ORIENTED_EDGE('',*,*,#5655,.T.);
#8177=ORIENTED_EDGE('',*,*,#5638,.T.);
#8178=ORIENTED_EDGE('',*,*,#5645,.F.);
#8179=ORIENTED_EDGE('',*,*,#5635,.F.);
#8180=ORIENTED_EDGE('',*,*,#5656,.T.);
#8181=PLANE('',#9112);
#8182=PLANE('',#9113);
#8183=PLANE('',#9114);
#8184=PLANE('',#9115);
#8185=PLANE('',#9116);
#8186=PLANE('',#9117);
#8187=PLANE('',#9118);
#8188=PLANE('',#9119);
#8189=PLANE('',#9120);
#8190=PLANE('',#9121);
#8191=PLANE('',#9122);
#8192=PLANE('',#9123);
#8193=PLANE('',#9124);
#8194=PLANE('',#9125);
#8195=PLANE('',#9126);
#8196=PLANE('',#9127);
#8197=PLANE('',#9128);
#8198=PLANE('',#9129);
#8199=PLANE('',#9130);
#8200=PLANE('',#9131);
#8201=PLANE('',#9132);
#8202=PLANE('',#9133);
#8203=PLANE('',#9134);
#8204=PLANE('',#9135);
#8205=PLANE('',#9136);
#8206=PLANE('',#9137);
#8207=PLANE('',#9138);
#8208=PLANE('',#9139);
#8209=PLANE('',#9141);
#8210=PLANE('',#9142);
#8211=PLANE('',#9143);
#8212=PLANE('',#9144);
#8213=PLANE('',#9145);
#8214=PLANE('',#9146);
#8215=PLANE('',#9147);
#8216=PLANE('',#9148);
#8217=PLANE('',#9149);
#8218=PLANE('',#9150);
#8219=PLANE('',#9151);
#8220=PLANE('',#9152);
#8221=PLANE('',#9153);
#8222=PLANE('',#9154);
#8223=PLANE('',#9155);
#8224=PLANE('',#9156);
#8225=PLANE('',#9157);
#8226=PLANE('',#9158);
#8227=PLANE('',#9159);
#8228=PLANE('',#9160);
#8229=PLANE('',#9161);
#8230=PLANE('',#9162);
#8231=PLANE('',#9163);
#8232=PLANE('',#9164);
#8233=PLANE('',#9165);
#8234=PLANE('',#9166);
#8235=PLANE('',#9167);
#8236=PLANE('',#9171);
#8237=PLANE('',#9172);
#8238=PLANE('',#9175);
#8239=PLANE('',#9176);
#8240=PLANE('',#9177);
#8241=PLANE('',#9178);
#8242=PLANE('',#9179);
#8243=PLANE('',#9180);
#8244=PLANE('',#9181);
#8245=PLANE('',#9182);
#8246=PLANE('',#9183);
#8247=PLANE('',#9184);
#8248=PLANE('',#9185);
#8249=PLANE('',#9186);
#8250=PLANE('',#9187);
#8251=PLANE('',#9188);
#8252=PLANE('',#9194);
#8253=PLANE('',#9195);
#8254=PLANE('',#9201);
#8255=PLANE('',#9207);
#8256=PLANE('',#9213);
#8257=PLANE('',#9219);
#8258=PLANE('',#9225);
#8259=PLANE('',#9231);
#8260=PLANE('',#9237);
#8261=PLANE('',#9238);
#8262=PLANE('',#9244);
#8263=PLANE('',#9250);
#8264=PLANE('',#9256);
#8265=PLANE('',#9262);
#8266=PLANE('',#9268);
#8267=PLANE('',#9274);
#8268=PLANE('',#9275);
#8269=PLANE('',#9276);
#8270=PLANE('',#9277);
#8271=PLANE('',#9278);
#8272=PLANE('',#9279);
#8273=PLANE('',#9280);
#8274=PLANE('',#9281);
#8275=PLANE('',#9282);
#8276=PLANE('',#9283);
#8277=PLANE('',#9284);
#8278=PLANE('',#9285);
#8279=PLANE('',#9286);
#8280=PLANE('',#9287);
#8281=PLANE('',#9288);
#8282=PLANE('',#9289);
#8283=PLANE('',#9290);
#8284=PLANE('',#9291);
#8285=PLANE('',#9292);
#8286=PLANE('',#9293);
#8287=PLANE('',#9294);
#8288=PLANE('',#9295);
#8289=PLANE('',#9296);
#8290=PLANE('',#9297);
#8291=PLANE('',#9298);
#8292=PLANE('',#9299);
#8293=PLANE('',#9300);
#8294=PLANE('',#9301);
#8295=PLANE('',#9302);
#8296=PLANE('',#9303);
#8297=PLANE('',#9304);
#8298=PLANE('',#9305);
#8299=PLANE('',#9306);
#8300=PLANE('',#9307);
#8301=PLANE('',#9308);
#8302=PLANE('',#9309);
#8303=PLANE('',#9310);
#8304=PLANE('',#9311);
#8305=PLANE('',#9312);
#8306=PLANE('',#9313);
#8307=PLANE('',#9314);
#8308=PLANE('',#9315);
#8309=PLANE('',#9316);
#8310=PLANE('',#9317);
#8311=PLANE('',#9318);
#8312=PLANE('',#9319);
#8313=PLANE('',#9320);
#8314=PLANE('',#9321);
#8315=PLANE('',#9322);
#8316=PLANE('',#9323);
#8317=PLANE('',#9324);
#8318=PLANE('',#9325);
#8319=PLANE('',#9326);
#8320=PLANE('',#9327);
#8321=PLANE('',#9328);
#8322=PLANE('',#9329);
#8323=PLANE('',#9330);
#8324=PLANE('',#9331);
#8325=PLANE('',#9332);
#8326=PLANE('',#9333);
#8327=PLANE('',#9334);
#8328=PLANE('',#9335);
#8329=PLANE('',#9336);
#8330=PLANE('',#9337);
#8331=PLANE('',#9338);
#8332=PLANE('',#9339);
#8333=PLANE('',#9340);
#8334=PLANE('',#9341);
#8335=PLANE('',#9342);
#8336=PLANE('',#9343);
#8337=PLANE('',#9344);
#8338=PLANE('',#9345);
#8339=PLANE('',#9346);
#8340=PLANE('',#9347);
#8341=PLANE('',#9348);
#8342=PLANE('',#9349);
#8343=PLANE('',#9350);
#8344=PLANE('',#9351);
#8345=PLANE('',#9352);
#8346=PLANE('',#9353);
#8347=PLANE('',#9354);
#8348=PLANE('',#9355);
#8349=PLANE('',#9356);
#8350=PLANE('',#9357);
#8351=PLANE('',#9358);
#8352=PLANE('',#9359);
#8353=PLANE('',#9360);
#8354=PLANE('',#9361);
#8355=PLANE('',#9362);
#8356=PLANE('',#9363);
#8357=PLANE('',#9364);
#8358=PLANE('',#9365);
#8359=PLANE('',#9366);
#8360=PLANE('',#9367);
#8361=PLANE('',#9368);
#8362=PLANE('',#9369);
#8363=PLANE('',#9370);
#8364=PLANE('',#9371);
#8365=PLANE('',#9372);
#8366=PLANE('',#9373);
#8367=PLANE('',#9374);
#8368=PLANE('',#9375);
#8369=PLANE('',#9376);
#8370=PLANE('',#9377);
#8371=PLANE('',#9378);
#8372=PLANE('',#9379);
#8373=PLANE('',#9380);
#8374=PLANE('',#9381);
#8375=PLANE('',#9382);
#8376=PLANE('',#9383);
#8377=PLANE('',#9384);
#8378=PLANE('',#9385);
#8379=PLANE('',#9386);
#8380=PLANE('',#9387);
#8381=PLANE('',#9388);
#8382=PLANE('',#9389);
#8383=PLANE('',#9390);
#8384=PLANE('',#9391);
#8385=PLANE('',#9392);
#8386=PLANE('',#9393);
#8387=PLANE('',#9394);
#8388=PLANE('',#9395);
#8389=PLANE('',#9396);
#8390=PLANE('',#9397);
#8391=PLANE('',#9398);
#8392=PLANE('',#9399);
#8393=PLANE('',#9400);
#8394=PLANE('',#9401);
#8395=PLANE('',#9402);
#8396=PLANE('',#9403);
#8397=PLANE('',#9404);
#8398=PLANE('',#9405);
#8399=PLANE('',#9406);
#8400=PLANE('',#9407);
#8401=PLANE('',#9408);
#8402=PLANE('',#9409);
#8403=PLANE('',#9410);
#8404=PLANE('',#9411);
#8405=PLANE('',#9412);
#8406=PLANE('',#9413);
#8407=PLANE('',#9414);
#8408=PLANE('',#9415);
#8409=PLANE('',#9416);
#8410=PLANE('',#9417);
#8411=PLANE('',#9418);
#8412=PLANE('',#9419);
#8413=PLANE('',#9420);
#8414=PLANE('',#9421);
#8415=PLANE('',#9422);
#8416=PLANE('',#9423);
#8417=PLANE('',#9424);
#8418=PLANE('',#9425);
#8419=PLANE('',#9426);
#8420=PLANE('',#9427);
#8421=PLANE('',#9428);
#8422=PLANE('',#9429);
#8423=PLANE('',#9430);
#8424=PLANE('',#9431);
#8425=PLANE('',#9432);
#8426=PLANE('',#9433);
#8427=PLANE('',#9434);
#8428=PLANE('',#9435);
#8429=PLANE('',#9436);
#8430=PLANE('',#9437);
#8431=PLANE('',#9438);
#8432=PLANE('',#9439);
#8433=PLANE('',#9440);
#8434=PLANE('',#9441);
#8435=PLANE('',#9442);
#8436=PLANE('',#9443);
#8437=PLANE('',#9444);
#8438=PLANE('',#9445);
#8439=PLANE('',#9446);
#8440=PLANE('',#9447);
#8441=PLANE('',#9448);
#8442=PLANE('',#9449);
#8443=PLANE('',#9450);
#8444=PLANE('',#9451);
#8445=PLANE('',#9452);
#8446=PLANE('',#9453);
#8447=PLANE('',#9454);
#8448=PLANE('',#9455);
#8449=PLANE('',#9456);
#8450=PLANE('',#9457);
#8451=PLANE('',#9458);
#8452=PLANE('',#9459);
#8453=PLANE('',#9460);
#8454=PLANE('',#9461);
#8455=PLANE('',#9462);
#8456=PLANE('',#9463);
#8457=PLANE('',#9464);
#8458=PLANE('',#9465);
#8459=PLANE('',#9466);
#8460=PLANE('',#9467);
#8461=PLANE('',#9468);
#8462=PLANE('',#9469);
#8463=PLANE('',#9470);
#8464=PLANE('',#9471);
#8465=PLANE('',#9472);
#8466=PLANE('',#9473);
#8467=PLANE('',#9474);
#8468=PLANE('',#9475);
#8469=PLANE('',#9476);
#8470=PLANE('',#9477);
#8471=PLANE('',#9478);
#8472=PLANE('',#9479);
#8473=PLANE('',#9480);
#8474=PLANE('',#9481);
#8475=PLANE('',#9482);
#8476=PLANE('',#9483);
#8477=PLANE('',#9484);
#8478=PLANE('',#9485);
#8479=PLANE('',#9486);
#8480=PLANE('',#9487);
#8481=PLANE('',#9488);
#8482=PLANE('',#9489);
#8483=PLANE('',#9490);
#8484=PLANE('',#9491);
#8485=PLANE('',#9492);
#8486=PLANE('',#9493);
#8487=PLANE('',#9494);
#8488=PLANE('',#9495);
#8489=PLANE('',#9496);
#8490=PLANE('',#9497);
#8491=PLANE('',#9498);
#8492=PLANE('',#9499);
#8493=PLANE('',#9500);
#8494=PLANE('',#9501);
#8495=PLANE('',#9502);
#8496=PLANE('',#9503);
#8497=PLANE('',#9504);
#8498=PLANE('',#9505);
#8499=PLANE('',#9506);
#8500=PLANE('',#9507);
#8501=PLANE('',#9508);
#8502=PLANE('',#9509);
#8503=PLANE('',#9510);
#8504=PLANE('',#9511);
#8505=PLANE('',#9512);
#8506=PLANE('',#9513);
#8507=PLANE('',#9514);
#8508=PLANE('',#9515);
#8509=PLANE('',#9516);
#8510=PLANE('',#9517);
#8511=PLANE('',#9518);
#8512=PLANE('',#9519);
#8513=PLANE('',#9520);
#8514=PLANE('',#9521);
#8515=PLANE('',#9522);
#8516=PLANE('',#9523);
#8517=PLANE('',#9524);
#8518=PLANE('',#9525);
#8519=PLANE('',#9526);
#8520=PLANE('',#9527);
#8521=PLANE('',#9528);
#8522=PLANE('',#9529);
#8523=PLANE('',#9530);
#8524=PLANE('',#9531);
#8525=PLANE('',#9532);
#8526=PLANE('',#9533);
#8527=PLANE('',#9534);
#8528=PLANE('',#9535);
#8529=PLANE('',#9536);
#8530=PLANE('',#9537);
#8531=PLANE('',#9538);
#8532=PLANE('',#9539);
#8533=PLANE('',#9540);
#8534=PLANE('',#9541);
#8535=PLANE('',#9542);
#8536=PLANE('',#9543);
#8537=PLANE('',#9544);
#8538=PLANE('',#9545);
#8539=PLANE('',#9546);
#8540=PLANE('',#9547);
#8541=PLANE('',#9548);
#8542=PLANE('',#9549);
#8543=PLANE('',#9550);
#8544=PLANE('',#9551);
#8545=PLANE('',#9552);
#8546=PLANE('',#9553);
#8547=PLANE('',#9554);
#8548=PLANE('',#9555);
#8549=PLANE('',#9556);
#8550=PLANE('',#9557);
#8551=PLANE('',#9558);
#8552=PLANE('',#9559);
#8553=PLANE('',#9560);
#8554=PLANE('',#9561);
#8555=PLANE('',#9562);
#8556=PLANE('',#9563);
#8557=PLANE('',#9564);
#8558=PLANE('',#9565);
#8559=PLANE('',#9566);
#8560=PLANE('',#9567);
#8561=PLANE('',#9568);
#8562=PLANE('',#9569);
#8563=PLANE('',#9570);
#8564=PLANE('',#9571);
#8565=PLANE('',#9572);
#8566=PLANE('',#9573);
#8567=PLANE('',#9574);
#8568=PLANE('',#9575);
#8569=PLANE('',#9576);
#8570=PLANE('',#9577);
#8571=PLANE('',#9578);
#8572=PLANE('',#9579);
#8573=PLANE('',#9580);
#8574=PLANE('',#9581);
#8575=PLANE('',#9582);
#8576=PLANE('',#9583);
#8577=PLANE('',#9584);
#8578=PLANE('',#9585);
#8579=PLANE('',#9586);
#8580=PLANE('',#9587);
#8581=PLANE('',#9588);
#8582=PLANE('',#9589);
#8583=PLANE('',#9590);
#8584=PLANE('',#9591);
#8585=PLANE('',#9592);
#8586=PLANE('',#9593);
#8587=PLANE('',#9594);
#8588=PLANE('',#9595);
#8589=PLANE('',#9596);
#8590=PLANE('',#9597);
#8591=PLANE('',#9598);
#8592=PLANE('',#9599);
#8593=PLANE('',#9600);
#8594=PLANE('',#9601);
#8595=PLANE('',#9602);
#8596=PLANE('',#9603);
#8597=PLANE('',#9604);
#8598=PLANE('',#9605);
#8599=PLANE('',#9606);
#8600=PLANE('',#9607);
#8601=PLANE('',#9608);
#8602=PLANE('',#9611);
#8603=PLANE('',#9612);
#8604=PLANE('',#9615);
#8605=PLANE('',#9616);
#8606=PLANE('',#9617);
#8607=PLANE('',#9618);
#8608=PLANE('',#9619);
#8609=PLANE('',#9621);
#8610=PLANE('',#9623);
#8611=PLANE('',#9624);
#8612=PLANE('',#9625);
#8613=PLANE('',#9626);
#8614=ADVANCED_FACE('',(#154),#8181,.F.);
#8615=ADVANCED_FACE('',(#155),#8182,.F.);
#8616=ADVANCED_FACE('',(#156),#8183,.F.);
#8617=ADVANCED_FACE('',(#157),#8184,.F.);
#8618=ADVANCED_FACE('',(#158),#8185,.T.);
#8619=ADVANCED_FACE('',(#159),#8186,.F.);
#8620=ADVANCED_FACE('',(#160),#8187,.F.);
#8621=ADVANCED_FACE('',(#161),#8188,.F.);
#8622=ADVANCED_FACE('',(#162),#8189,.F.);
#8623=ADVANCED_FACE('',(#163),#8190,.F.);
#8624=ADVANCED_FACE('',(#164),#8191,.F.);
#8625=ADVANCED_FACE('',(#165),#8192,.F.);
#8626=ADVANCED_FACE('',(#166),#8193,.F.);
#8627=ADVANCED_FACE('',(#167),#8194,.F.);
#8628=ADVANCED_FACE('',(#168),#8195,.F.);
#8629=ADVANCED_FACE('',(#169),#8196,.F.);
#8630=ADVANCED_FACE('',(#170),#8197,.F.);
#8631=ADVANCED_FACE('',(#171),#8198,.F.);
#8632=ADVANCED_FACE('',(#172),#8199,.F.);
#8633=ADVANCED_FACE('',(#173),#8200,.F.);
#8634=ADVANCED_FACE('',(#174),#8201,.F.);
#8635=ADVANCED_FACE('',(#175),#8202,.F.);
#8636=ADVANCED_FACE('',(#176),#8203,.T.);
#8637=ADVANCED_FACE('',(#177),#8204,.T.);
#8638=ADVANCED_FACE('',(#178),#8205,.T.);
#8639=ADVANCED_FACE('',(#179),#8206,.T.);
#8640=ADVANCED_FACE('',(#180),#8207,.T.);
#8641=ADVANCED_FACE('',(#181,#109,#110,#111,#112),#8208,.T.);
#8642=ADVANCED_FACE('',(#182),#8209,.T.);
#8643=ADVANCED_FACE('',(#183),#8210,.T.);
#8644=ADVANCED_FACE('',(#184),#8211,.T.);
#8645=ADVANCED_FACE('',(#185),#8212,.T.);
#8646=ADVANCED_FACE('',(#186),#8213,.F.);
#8647=ADVANCED_FACE('',(#187),#8214,.F.);
#8648=ADVANCED_FACE('',(#188),#8215,.T.);
#8649=ADVANCED_FACE('',(#189),#8216,.T.);
#8650=ADVANCED_FACE('',(#190),#8217,.T.);
#8651=ADVANCED_FACE('',(#191),#8218,.T.);
#8652=ADVANCED_FACE('',(#192),#8219,.T.);
#8653=ADVANCED_FACE('',(#193),#8220,.T.);
#8654=ADVANCED_FACE('',(#194),#8221,.T.);
#8655=ADVANCED_FACE('',(#195),#8222,.T.);
#8656=ADVANCED_FACE('',(#196),#8223,.T.);
#8657=ADVANCED_FACE('',(#197),#8224,.T.);
#8658=ADVANCED_FACE('',(#198),#8225,.T.);
#8659=ADVANCED_FACE('',(#199),#8226,.T.);
#8660=ADVANCED_FACE('',(#200),#8227,.T.);
#8661=ADVANCED_FACE('',(#201),#8228,.T.);
#8662=ADVANCED_FACE('',(#202),#8229,.T.);
#8663=ADVANCED_FACE('',(#203),#8230,.T.);
#8664=ADVANCED_FACE('',(#204),#8231,.T.);
#8665=ADVANCED_FACE('',(#205),#8232,.T.);
#8666=ADVANCED_FACE('',(#206),#8233,.T.);
#8667=ADVANCED_FACE('',(#207),#8234,.T.);
#8668=ADVANCED_FACE('',(#208),#8235,.T.);
#8669=ADVANCED_FACE('',(#209),#69,.T.);
#8670=ADVANCED_FACE('',(#210),#8236,.T.);
#8671=ADVANCED_FACE('',(#211),#8237,.T.);
#8672=ADVANCED_FACE('',(#212),#70,.T.);
#8673=ADVANCED_FACE('',(#213,#113),#8238,.T.);
#8674=ADVANCED_FACE('',(#214),#8239,.T.);
#8675=ADVANCED_FACE('',(#215),#8240,.F.);
#8676=ADVANCED_FACE('',(#216),#8241,.T.);
#8677=ADVANCED_FACE('',(#217),#8242,.T.);
#8678=ADVANCED_FACE('',(#218),#8243,.T.);
#8679=ADVANCED_FACE('',(#219),#8244,.T.);
#8680=ADVANCED_FACE('',(#220),#8245,.T.);
#8681=ADVANCED_FACE('',(#221),#8246,.T.);
#8682=ADVANCED_FACE('',(#222),#8247,.T.);
#8683=ADVANCED_FACE('',(#223),#8248,.T.);
#8684=ADVANCED_FACE('',(#224),#8249,.T.);
#8685=ADVANCED_FACE('',(#225),#8250,.T.);
#8686=ADVANCED_FACE('',(#226),#8251,.T.);
#8687=ADVANCED_FACE('',(#227),#17,.T.);
#8688=ADVANCED_FACE('',(#228),#18,.F.);
#8689=ADVANCED_FACE('',(#229),#19,.T.);
#8690=ADVANCED_FACE('',(#230),#8252,.T.);
#8691=ADVANCED_FACE('',(#231),#8253,.T.);
#8692=ADVANCED_FACE('',(#232),#20,.T.);
#8693=ADVANCED_FACE('',(#233),#21,.F.);
#8694=ADVANCED_FACE('',(#234),#22,.T.);
#8695=ADVANCED_FACE('',(#235),#8254,.T.);
#8696=ADVANCED_FACE('',(#236),#23,.T.);
#8697=ADVANCED_FACE('',(#237),#24,.F.);
#8698=ADVANCED_FACE('',(#238),#25,.T.);
#8699=ADVANCED_FACE('',(#239),#8255,.T.);
#8700=ADVANCED_FACE('',(#240),#26,.T.);
#8701=ADVANCED_FACE('',(#241),#27,.F.);
#8702=ADVANCED_FACE('',(#242),#28,.T.);
#8703=ADVANCED_FACE('',(#243),#8256,.T.);
#8704=ADVANCED_FACE('',(#244),#29,.T.);
#8705=ADVANCED_FACE('',(#245),#30,.F.);
#8706=ADVANCED_FACE('',(#246),#31,.T.);
#8707=ADVANCED_FACE('',(#247),#8257,.T.);
#8708=ADVANCED_FACE('',(#248),#32,.T.);
#8709=ADVANCED_FACE('',(#249),#33,.F.);
#8710=ADVANCED_FACE('',(#250),#34,.T.);
#8711=ADVANCED_FACE('',(#251),#8258,.T.);
#8712=ADVANCED_FACE('',(#252),#35,.T.);
#8713=ADVANCED_FACE('',(#253),#36,.F.);
#8714=ADVANCED_FACE('',(#254),#37,.T.);
#8715=ADVANCED_FACE('',(#255),#8259,.T.);
#8716=ADVANCED_FACE('',(#256),#38,.T.);
#8717=ADVANCED_FACE('',(#257),#39,.T.);
#8718=ADVANCED_FACE('',(#258),#40,.F.);
#8719=ADVANCED_FACE('',(#259),#8260,.T.);
#8720=ADVANCED_FACE('',(#260),#8261,.T.);
#8721=ADVANCED_FACE('',(#261),#41,.T.);
#8722=ADVANCED_FACE('',(#262),#42,.T.);
#8723=ADVANCED_FACE('',(#263),#43,.F.);
#8724=ADVANCED_FACE('',(#264),#8262,.T.);
#8725=ADVANCED_FACE('',(#265),#44,.T.);
#8726=ADVANCED_FACE('',(#266),#45,.T.);
#8727=ADVANCED_FACE('',(#267),#46,.F.);
#8728=ADVANCED_FACE('',(#268),#8263,.T.);
#8729=ADVANCED_FACE('',(#269),#47,.T.);
#8730=ADVANCED_FACE('',(#270),#48,.T.);
#8731=ADVANCED_FACE('',(#271),#49,.F.);
#8732=ADVANCED_FACE('',(#272),#8264,.T.);
#8733=ADVANCED_FACE('',(#273),#50,.T.);
#8734=ADVANCED_FACE('',(#274),#51,.T.);
#8735=ADVANCED_FACE('',(#275),#52,.F.);
#8736=ADVANCED_FACE('',(#276),#8265,.T.);
#8737=ADVANCED_FACE('',(#277),#53,.T.);
#8738=ADVANCED_FACE('',(#278),#54,.T.);
#8739=ADVANCED_FACE('',(#279),#55,.F.);
#8740=ADVANCED_FACE('',(#280),#8266,.T.);
#8741=ADVANCED_FACE('',(#281),#56,.T.);
#8742=ADVANCED_FACE('',(#282),#57,.T.);
#8743=ADVANCED_FACE('',(#283),#58,.F.);
#8744=ADVANCED_FACE('',(#284),#8267,.T.);
#8745=ADVANCED_FACE('',(#285),#8268,.F.);
#8746=ADVANCED_FACE('',(#286),#8269,.F.);
#8747=ADVANCED_FACE('',(#287),#8270,.F.);
#8748=ADVANCED_FACE('',(#288),#8271,.F.);
#8749=ADVANCED_FACE('',(#289),#8272,.F.);
#8750=ADVANCED_FACE('',(#290),#8273,.F.);
#8751=ADVANCED_FACE('',(#291),#8274,.F.);
#8752=ADVANCED_FACE('',(#292,#114),#8275,.T.);
#8753=ADVANCED_FACE('',(#293),#8276,.T.);
#8754=ADVANCED_FACE('',(#294,#115),#8277,.T.);
#8755=ADVANCED_FACE('',(#295,#116),#8278,.T.);
#8756=ADVANCED_FACE('',(#296),#8279,.T.);
#8757=ADVANCED_FACE('',(#297,#117),#8280,.T.);
#8758=ADVANCED_FACE('',(#298,#118),#8281,.T.);
#8759=ADVANCED_FACE('',(#299),#8282,.T.);
#8760=ADVANCED_FACE('',(#300,#119),#8283,.T.);
#8761=ADVANCED_FACE('',(#301,#120),#8284,.T.);
#8762=ADVANCED_FACE('',(#302),#8285,.T.);
#8763=ADVANCED_FACE('',(#303,#121),#8286,.T.);
#8764=ADVANCED_FACE('',(#304,#122),#8287,.T.);
#8765=ADVANCED_FACE('',(#305),#8288,.T.);
#8766=ADVANCED_FACE('',(#306,#123),#8289,.T.);
#8767=ADVANCED_FACE('',(#307),#8290,.T.);
#8768=ADVANCED_FACE('',(#308,#124),#8291,.T.);
#8769=ADVANCED_FACE('',(#309),#8292,.T.);
#8770=ADVANCED_FACE('',(#310),#8293,.T.);
#8771=ADVANCED_FACE('',(#311),#8294,.T.);
#8772=ADVANCED_FACE('',(#312),#8295,.T.);
#8773=ADVANCED_FACE('',(#313),#8296,.T.);
#8774=ADVANCED_FACE('',(#314),#8297,.T.);
#8775=ADVANCED_FACE('',(#315),#8298,.T.);
#8776=ADVANCED_FACE('',(#316),#8299,.T.);
#8777=ADVANCED_FACE('',(#317),#8300,.T.);
#8778=ADVANCED_FACE('',(#318),#8301,.T.);
#8779=ADVANCED_FACE('',(#319),#8302,.T.);
#8780=ADVANCED_FACE('',(#320),#8303,.T.);
#8781=ADVANCED_FACE('',(#321),#8304,.T.);
#8782=ADVANCED_FACE('',(#322),#8305,.T.);
#8783=ADVANCED_FACE('',(#323),#8306,.T.);
#8784=ADVANCED_FACE('',(#324),#8307,.T.);
#8785=ADVANCED_FACE('',(#325),#8308,.T.);
#8786=ADVANCED_FACE('',(#326),#8309,.T.);
#8787=ADVANCED_FACE('',(#327),#8310,.T.);
#8788=ADVANCED_FACE('',(#328),#8311,.T.);
#8789=ADVANCED_FACE('',(#329),#8312,.T.);
#8790=ADVANCED_FACE('',(#330),#8313,.T.);
#8791=ADVANCED_FACE('',(#331),#8314,.T.);
#8792=ADVANCED_FACE('',(#332),#8315,.T.);
#8793=ADVANCED_FACE('',(#333),#8316,.T.);
#8794=ADVANCED_FACE('',(#334),#8317,.T.);
#8795=ADVANCED_FACE('',(#335),#8318,.T.);
#8796=ADVANCED_FACE('',(#336),#8319,.T.);
#8797=ADVANCED_FACE('',(#337),#8320,.T.);
#8798=ADVANCED_FACE('',(#338),#8321,.T.);
#8799=ADVANCED_FACE('',(#339),#8322,.T.);
#8800=ADVANCED_FACE('',(#340),#8323,.T.);
#8801=ADVANCED_FACE('',(#341),#8324,.T.);
#8802=ADVANCED_FACE('',(#342),#8325,.T.);
#8803=ADVANCED_FACE('',(#343),#8326,.T.);
#8804=ADVANCED_FACE('',(#344),#8327,.T.);
#8805=ADVANCED_FACE('',(#345),#8328,.T.);
#8806=ADVANCED_FACE('',(#346),#8329,.T.);
#8807=ADVANCED_FACE('',(#347),#8330,.T.);
#8808=ADVANCED_FACE('',(#348),#8331,.T.);
#8809=ADVANCED_FACE('',(#349),#8332,.T.);
#8810=ADVANCED_FACE('',(#350,#125),#8333,.T.);
#8811=ADVANCED_FACE('',(#351),#8334,.T.);
#8812=ADVANCED_FACE('',(#352),#8335,.T.);
#8813=ADVANCED_FACE('',(#353),#8336,.T.);
#8814=ADVANCED_FACE('',(#354),#8337,.T.);
#8815=ADVANCED_FACE('',(#355),#8338,.T.);
#8816=ADVANCED_FACE('',(#356),#8339,.T.);
#8817=ADVANCED_FACE('',(#357),#8340,.T.);
#8818=ADVANCED_FACE('',(#358),#8341,.T.);
#8819=ADVANCED_FACE('',(#359),#8342,.T.);
#8820=ADVANCED_FACE('',(#360),#8343,.T.);
#8821=ADVANCED_FACE('',(#361),#8344,.T.);
#8822=ADVANCED_FACE('',(#362),#8345,.T.);
#8823=ADVANCED_FACE('',(#363),#8346,.T.);
#8824=ADVANCED_FACE('',(#364),#8347,.T.);
#8825=ADVANCED_FACE('',(#365),#8348,.T.);
#8826=ADVANCED_FACE('',(#366),#8349,.T.);
#8827=ADVANCED_FACE('',(#367),#8350,.T.);
#8828=ADVANCED_FACE('',(#368),#8351,.T.);
#8829=ADVANCED_FACE('',(#369,#126),#8352,.T.);
#8830=ADVANCED_FACE('',(#370,#127),#8353,.T.);
#8831=ADVANCED_FACE('',(#371),#8354,.F.);
#8832=ADVANCED_FACE('',(#372),#8355,.F.);
#8833=ADVANCED_FACE('',(#373),#8356,.F.);
#8834=ADVANCED_FACE('',(#374),#8357,.F.);
#8835=ADVANCED_FACE('',(#375),#8358,.F.);
#8836=ADVANCED_FACE('',(#376),#8359,.F.);
#8837=ADVANCED_FACE('',(#377),#8360,.F.);
#8838=ADVANCED_FACE('',(#378),#8361,.T.);
#8839=ADVANCED_FACE('',(#379),#8362,.T.);
#8840=ADVANCED_FACE('',(#380),#8363,.T.);
#8841=ADVANCED_FACE('',(#381),#8364,.T.);
#8842=ADVANCED_FACE('',(#382),#8365,.T.);
#8843=ADVANCED_FACE('',(#383),#8366,.T.);
#8844=ADVANCED_FACE('',(#384),#8367,.T.);
#8845=ADVANCED_FACE('',(#385),#8368,.T.);
#8846=ADVANCED_FACE('',(#386),#8369,.T.);
#8847=ADVANCED_FACE('',(#387),#8370,.T.);
#8848=ADVANCED_FACE('',(#388),#8371,.T.);
#8849=ADVANCED_FACE('',(#389),#8372,.T.);
#8850=ADVANCED_FACE('',(#390),#8373,.T.);
#8851=ADVANCED_FACE('',(#391),#8374,.T.);
#8852=ADVANCED_FACE('',(#392),#8375,.T.);
#8853=ADVANCED_FACE('',(#393),#8376,.T.);
#8854=ADVANCED_FACE('',(#394),#8377,.T.);
#8855=ADVANCED_FACE('',(#395),#8378,.T.);
#8856=ADVANCED_FACE('',(#396),#8379,.T.);
#8857=ADVANCED_FACE('',(#397),#8380,.T.);
#8858=ADVANCED_FACE('',(#398),#8381,.T.);
#8859=ADVANCED_FACE('',(#399,#128,#129),#8382,.T.);
#8860=ADVANCED_FACE('',(#400),#8383,.T.);
#8861=ADVANCED_FACE('',(#401),#8384,.T.);
#8862=ADVANCED_FACE('',(#402),#8385,.T.);
#8863=ADVANCED_FACE('',(#403),#8386,.T.);
#8864=ADVANCED_FACE('',(#404),#8387,.T.);
#8865=ADVANCED_FACE('',(#405),#8388,.T.);
#8866=ADVANCED_FACE('',(#406),#8389,.T.);
#8867=ADVANCED_FACE('',(#407),#8390,.T.);
#8868=ADVANCED_FACE('',(#408),#8391,.T.);
#8869=ADVANCED_FACE('',(#409),#8392,.T.);
#8870=ADVANCED_FACE('',(#410),#8393,.T.);
#8871=ADVANCED_FACE('',(#411),#8394,.T.);
#8872=ADVANCED_FACE('',(#412),#8395,.T.);
#8873=ADVANCED_FACE('',(#413),#8396,.T.);
#8874=ADVANCED_FACE('',(#414),#8397,.F.);
#8875=ADVANCED_FACE('',(#415),#8398,.F.);
#8876=ADVANCED_FACE('',(#416),#8399,.F.);
#8877=ADVANCED_FACE('',(#417),#8400,.F.);
#8878=ADVANCED_FACE('',(#418),#8401,.F.);
#8879=ADVANCED_FACE('',(#419),#8402,.F.);
#8880=ADVANCED_FACE('',(#420),#8403,.F.);
#8881=ADVANCED_FACE('',(#421),#8404,.T.);
#8882=ADVANCED_FACE('',(#422),#8405,.F.);
#8883=ADVANCED_FACE('',(#423),#8406,.T.);
#8884=ADVANCED_FACE('',(#424),#8407,.F.);
#8885=ADVANCED_FACE('',(#425),#8408,.F.);
#8886=ADVANCED_FACE('',(#426),#8409,.T.);
#8887=ADVANCED_FACE('',(#427),#8410,.T.);
#8888=ADVANCED_FACE('',(#428),#8411,.T.);
#8889=ADVANCED_FACE('',(#429),#8412,.T.);
#8890=ADVANCED_FACE('',(#430),#8413,.T.);
#8891=ADVANCED_FACE('',(#431,#130),#8414,.T.);
#8892=ADVANCED_FACE('',(#432),#8415,.T.);
#8893=ADVANCED_FACE('',(#433,#131),#8416,.T.);
#8894=ADVANCED_FACE('',(#434),#8417,.T.);
#8895=ADVANCED_FACE('',(#435),#8418,.T.);
#8896=ADVANCED_FACE('',(#436),#8419,.T.);
#8897=ADVANCED_FACE('',(#437),#8420,.T.);
#8898=ADVANCED_FACE('',(#438),#8421,.T.);
#8899=ADVANCED_FACE('',(#439),#8422,.T.);
#8900=ADVANCED_FACE('',(#440),#8423,.T.);
#8901=ADVANCED_FACE('',(#441),#8424,.T.);
#8902=ADVANCED_FACE('',(#442),#8425,.T.);
#8903=ADVANCED_FACE('',(#443),#8426,.T.);
#8904=ADVANCED_FACE('',(#444),#8427,.T.);
#8905=ADVANCED_FACE('',(#445),#8428,.T.);
#8906=ADVANCED_FACE('',(#446),#8429,.T.);
#8907=ADVANCED_FACE('',(#447),#8430,.T.);
#8908=ADVANCED_FACE('',(#448),#8431,.F.);
#8909=ADVANCED_FACE('',(#449),#8432,.T.);
#8910=ADVANCED_FACE('',(#450),#8433,.T.);
#8911=ADVANCED_FACE('',(#451,#132),#8434,.T.);
#8912=ADVANCED_FACE('',(#452),#8435,.T.);
#8913=ADVANCED_FACE('',(#453),#8436,.T.);
#8914=ADVANCED_FACE('',(#454),#8437,.T.);
#8915=ADVANCED_FACE('',(#455),#8438,.T.);
#8916=ADVANCED_FACE('',(#456),#8439,.T.);
#8917=ADVANCED_FACE('',(#457),#8440,.T.);
#8918=ADVANCED_FACE('',(#458),#8441,.T.);
#8919=ADVANCED_FACE('',(#459),#8442,.T.);
#8920=ADVANCED_FACE('',(#460,#133),#8443,.T.);
#8921=ADVANCED_FACE('',(#461),#8444,.T.);
#8922=ADVANCED_FACE('',(#462),#8445,.F.);
#8923=ADVANCED_FACE('',(#463),#8446,.T.);
#8924=ADVANCED_FACE('',(#464),#8447,.T.);
#8925=ADVANCED_FACE('',(#465),#8448,.T.);
#8926=ADVANCED_FACE('',(#466),#8449,.T.);
#8927=ADVANCED_FACE('',(#467),#8450,.T.);
#8928=ADVANCED_FACE('',(#468),#8451,.T.);
#8929=ADVANCED_FACE('',(#469),#8452,.T.);
#8930=ADVANCED_FACE('',(#470,#134,#135),#8453,.T.);
#8931=ADVANCED_FACE('',(#471),#8454,.T.);
#8932=ADVANCED_FACE('',(#472,#136),#8455,.T.);
#8933=ADVANCED_FACE('',(#473),#8456,.T.);
#8934=ADVANCED_FACE('',(#474),#8457,.T.);
#8935=ADVANCED_FACE('',(#475),#8458,.T.);
#8936=ADVANCED_FACE('',(#476),#8459,.T.);
#8937=ADVANCED_FACE('',(#477),#8460,.T.);
#8938=ADVANCED_FACE('',(#478),#8461,.T.);
#8939=ADVANCED_FACE('',(#479),#8462,.T.);
#8940=ADVANCED_FACE('',(#480),#8463,.T.);
#8941=ADVANCED_FACE('',(#481),#8464,.T.);
#8942=ADVANCED_FACE('',(#482),#8465,.T.);
#8943=ADVANCED_FACE('',(#483),#8466,.T.);
#8944=ADVANCED_FACE('',(#484),#8467,.T.);
#8945=ADVANCED_FACE('',(#485),#8468,.F.);
#8946=ADVANCED_FACE('',(#486,#137,#138),#8469,.T.);
#8947=ADVANCED_FACE('',(#487),#8470,.T.);
#8948=ADVANCED_FACE('',(#488),#8471,.T.);
#8949=ADVANCED_FACE('',(#489),#8472,.T.);
#8950=ADVANCED_FACE('',(#490),#8473,.T.);
#8951=ADVANCED_FACE('',(#491),#8474,.T.);
#8952=ADVANCED_FACE('',(#492),#8475,.T.);
#8953=ADVANCED_FACE('',(#493),#8476,.T.);
#8954=ADVANCED_FACE('',(#494),#8477,.T.);
#8955=ADVANCED_FACE('',(#495),#8478,.T.);
#8956=ADVANCED_FACE('',(#496),#8479,.T.);
#8957=ADVANCED_FACE('',(#497),#8480,.T.);
#8958=ADVANCED_FACE('',(#498),#8481,.T.);
#8959=ADVANCED_FACE('',(#499),#8482,.T.);
#8960=ADVANCED_FACE('',(#500),#8483,.T.);
#8961=ADVANCED_FACE('',(#501),#8484,.T.);
#8962=ADVANCED_FACE('',(#502),#8485,.T.);
#8963=ADVANCED_FACE('',(#503),#8486,.T.);
#8964=ADVANCED_FACE('',(#504),#8487,.T.);
#8965=ADVANCED_FACE('',(#505),#8488,.T.);
#8966=ADVANCED_FACE('',(#506),#8489,.T.);
#8967=ADVANCED_FACE('',(#507),#8490,.T.);
#8968=ADVANCED_FACE('',(#508),#8491,.F.);
#8969=ADVANCED_FACE('',(#509,#139,#140),#8492,.F.);
#8970=ADVANCED_FACE('',(#510),#8493,.F.);
#8971=ADVANCED_FACE('',(#511),#8494,.F.);
#8972=ADVANCED_FACE('',(#512),#8495,.F.);
#8973=ADVANCED_FACE('',(#513),#8496,.F.);
#8974=ADVANCED_FACE('',(#514),#8497,.F.);
#8975=ADVANCED_FACE('',(#515),#8498,.F.);
#8976=ADVANCED_FACE('',(#516),#8499,.F.);
#8977=ADVANCED_FACE('',(#517),#8500,.F.);
#8978=ADVANCED_FACE('',(#518),#8501,.F.);
#8979=ADVANCED_FACE('',(#519),#8502,.F.);
#8980=ADVANCED_FACE('',(#520),#8503,.F.);
#8981=ADVANCED_FACE('',(#521),#8504,.F.);
#8982=ADVANCED_FACE('',(#522),#8505,.F.);
#8983=ADVANCED_FACE('',(#523),#8506,.F.);
#8984=ADVANCED_FACE('',(#524),#8507,.T.);
#8985=ADVANCED_FACE('',(#525),#8508,.T.);
#8986=ADVANCED_FACE('',(#526),#8509,.T.);
#8987=ADVANCED_FACE('',(#527),#8510,.T.);
#8988=ADVANCED_FACE('',(#528),#8511,.T.);
#8989=ADVANCED_FACE('',(#529),#8512,.T.);
#8990=ADVANCED_FACE('',(#530),#8513,.T.);
#8991=ADVANCED_FACE('',(#531),#8514,.F.);
#8992=ADVANCED_FACE('',(#532),#8515,.T.);
#8993=ADVANCED_FACE('',(#533),#8516,.F.);
#8994=ADVANCED_FACE('',(#534),#8517,.T.);
#8995=ADVANCED_FACE('',(#535),#8518,.T.);
#8996=ADVANCED_FACE('',(#536),#8519,.F.);
#8997=ADVANCED_FACE('',(#537),#8520,.F.);
#8998=ADVANCED_FACE('',(#538),#8521,.F.);
#8999=ADVANCED_FACE('',(#539),#8522,.F.);
#9000=ADVANCED_FACE('',(#540),#8523,.F.);
#9001=ADVANCED_FACE('',(#541,#141),#8524,.F.);
#9002=ADVANCED_FACE('',(#542),#8525,.F.);
#9003=ADVANCED_FACE('',(#543,#142),#8526,.F.);
#9004=ADVANCED_FACE('',(#544),#8527,.F.);
#9005=ADVANCED_FACE('',(#545),#8528,.F.);
#9006=ADVANCED_FACE('',(#546),#8529,.F.);
#9007=ADVANCED_FACE('',(#547),#8530,.F.);
#9008=ADVANCED_FACE('',(#548),#8531,.F.);
#9009=ADVANCED_FACE('',(#549),#8532,.F.);
#9010=ADVANCED_FACE('',(#550),#8533,.F.);
#9011=ADVANCED_FACE('',(#551),#8534,.F.);
#9012=ADVANCED_FACE('',(#552),#8535,.F.);
#9013=ADVANCED_FACE('',(#553),#8536,.F.);
#9014=ADVANCED_FACE('',(#554),#8537,.F.);
#9015=ADVANCED_FACE('',(#555),#8538,.F.);
#9016=ADVANCED_FACE('',(#556),#8539,.F.);
#9017=ADVANCED_FACE('',(#557),#8540,.F.);
#9018=ADVANCED_FACE('',(#558),#8541,.T.);
#9019=ADVANCED_FACE('',(#559),#8542,.F.);
#9020=ADVANCED_FACE('',(#560),#8543,.F.);
#9021=ADVANCED_FACE('',(#561,#143),#8544,.F.);
#9022=ADVANCED_FACE('',(#562),#8545,.F.);
#9023=ADVANCED_FACE('',(#563),#8546,.F.);
#9024=ADVANCED_FACE('',(#564),#8547,.F.);
#9025=ADVANCED_FACE('',(#565),#8548,.F.);
#9026=ADVANCED_FACE('',(#566),#8549,.F.);
#9027=ADVANCED_FACE('',(#567),#8550,.F.);
#9028=ADVANCED_FACE('',(#568),#8551,.F.);
#9029=ADVANCED_FACE('',(#569),#8552,.F.);
#9030=ADVANCED_FACE('',(#570,#144),#8553,.F.);
#9031=ADVANCED_FACE('',(#571),#8554,.F.);
#9032=ADVANCED_FACE('',(#572),#8555,.T.);
#9033=ADVANCED_FACE('',(#573),#8556,.F.);
#9034=ADVANCED_FACE('',(#574),#8557,.F.);
#9035=ADVANCED_FACE('',(#575),#8558,.F.);
#9036=ADVANCED_FACE('',(#576),#8559,.F.);
#9037=ADVANCED_FACE('',(#577),#8560,.F.);
#9038=ADVANCED_FACE('',(#578),#8561,.F.);
#9039=ADVANCED_FACE('',(#579),#8562,.F.);
#9040=ADVANCED_FACE('',(#580,#145,#146),#8563,.F.);
#9041=ADVANCED_FACE('',(#581),#8564,.F.);
#9042=ADVANCED_FACE('',(#582,#147),#8565,.F.);
#9043=ADVANCED_FACE('',(#583),#8566,.F.);
#9044=ADVANCED_FACE('',(#584),#8567,.F.);
#9045=ADVANCED_FACE('',(#585),#8568,.F.);
#9046=ADVANCED_FACE('',(#586),#8569,.F.);
#9047=ADVANCED_FACE('',(#587),#8570,.F.);
#9048=ADVANCED_FACE('',(#588),#8571,.F.);
#9049=ADVANCED_FACE('',(#589),#8572,.F.);
#9050=ADVANCED_FACE('',(#590),#8573,.F.);
#9051=ADVANCED_FACE('',(#591),#8574,.F.);
#9052=ADVANCED_FACE('',(#592),#8575,.F.);
#9053=ADVANCED_FACE('',(#593),#8576,.F.);
#9054=ADVANCED_FACE('',(#594),#8577,.F.);
#9055=ADVANCED_FACE('',(#595),#8578,.T.);
#9056=ADVANCED_FACE('',(#596,#148,#149),#8579,.F.);
#9057=ADVANCED_FACE('',(#597),#8580,.F.);
#9058=ADVANCED_FACE('',(#598),#8581,.F.);
#9059=ADVANCED_FACE('',(#599),#8582,.F.);
#9060=ADVANCED_FACE('',(#600),#8583,.F.);
#9061=ADVANCED_FACE('',(#601),#8584,.F.);
#9062=ADVANCED_FACE('',(#602),#8585,.F.);
#9063=ADVANCED_FACE('',(#603),#8586,.F.);
#9064=ADVANCED_FACE('',(#604),#8587,.F.);
#9065=ADVANCED_FACE('',(#605),#8588,.F.);
#9066=ADVANCED_FACE('',(#606),#8589,.F.);
#9067=ADVANCED_FACE('',(#607),#8590,.F.);
#9068=ADVANCED_FACE('',(#608),#8591,.F.);
#9069=ADVANCED_FACE('',(#609),#8592,.F.);
#9070=ADVANCED_FACE('',(#610),#8593,.F.);
#9071=ADVANCED_FACE('',(#611),#8594,.F.);
#9072=ADVANCED_FACE('',(#612),#8595,.F.);
#9073=ADVANCED_FACE('',(#613),#8596,.F.);
#9074=ADVANCED_FACE('',(#614),#8597,.F.);
#9075=ADVANCED_FACE('',(#615),#8598,.F.);
#9076=ADVANCED_FACE('',(#616,#150),#8599,.F.);
#9077=ADVANCED_FACE('',(#617),#8600,.T.);
#9078=ADVANCED_FACE('',(#618,#151),#8601,.T.);
#9079=ADVANCED_FACE('',(#619,#152),#8602,.T.);
#9080=ADVANCED_FACE('',(#620,#153),#8603,.F.);
#9081=ADVANCED_FACE('',(#621),#8604,.T.);
#9082=ADVANCED_FACE('',(#622),#8605,.T.);
#9083=ADVANCED_FACE('',(#623),#8606,.T.);
#9084=ADVANCED_FACE('',(#624),#8607,.T.);
#9085=ADVANCED_FACE('',(#625),#8608,.T.);
#9086=ADVANCED_FACE('',(#626),#71,.F.);
#9087=ADVANCED_FACE('',(#627),#8609,.T.);
#9088=ADVANCED_FACE('',(#628),#72,.F.);
#9089=ADVANCED_FACE('',(#629),#8610,.T.);
#9090=ADVANCED_FACE('',(#630),#8611,.T.);
#9091=ADVANCED_FACE('',(#631),#8612,.T.);
#9092=ADVANCED_FACE('',(#632),#8613,.T.);
#9093=CLOSED_SHELL('',(#8614,#8615,#8616,#8617,#8618,#8619,#8620,#8621,
#8622,#8623,#8624,#8625,#8626,#8627,#8628,#8629,#8630,#8631,#8632,#8633,
#8634,#8635,#8636,#8637,#8638,#8639,#8640,#8641,#8642,#8643,#8644,#8645,
#8646,#8647,#8648,#8649,#8650,#8651,#8652,#8653,#8654,#8655,#8656,#8657,
#8658,#8659,#8660,#8661,#8662,#8663,#8664,#8665,#8666,#8667,#8668,#8669,
#8670,#8671,#8672,#8673,#8674,#8675,#8676,#8677,#8678,#8679,#8680,#8681,
#8682,#8683));
#9094=CLOSED_SHELL('',(#8684,#8685,#8686,#8687,#8688,#8689,#8690,#8691,
#8692,#8693,#8694,#8695,#8696,#8697,#8698,#8699,#8700,#8701,#8702,#8703,
#8704,#8705,#8706,#8707,#8708,#8709,#8710,#8711,#8712,#8713,#8714,#8715,
#8716,#8717,#8718,#8719,#8720,#8721,#8722,#8723,#8724,#8725,#8726,#8727,
#8728,#8729,#8730,#8731,#8732,#8733,#8734,#8735,#8736,#8737,#8738,#8739,
#8740,#8741,#8742,#8743,#8744,#8745,#8746,#8747,#8748,#8749,#8750,#8751,
#8752,#8753,#8754,#8755,#8756,#8757,#8758,#8759,#8760,#8761,#8762,#8763,
#8764,#8765,#8766,#8767,#8768,#8769,#8770,#8771,#8772,#8773,#8774,#8775,
#8776,#8777,#8778,#8779,#8780,#8781,#8782,#8783,#8784,#8785,#8786,#8787,
#8788,#8789,#8790,#8791,#8792,#8793,#8794,#8795,#8796,#8797,#8798,#8799,
#8800,#8801,#8802,#8803,#8804,#8805,#8806,#8807,#8808,#8809,#8810,#8811,
#8812,#8813,#8814,#8815,#8816,#8817,#8818,#8819,#8820,#8821,#8822,#8823,
#8824,#8825,#8826,#8827,#8828,#8829,#8830,#8831,#8832,#8833,#8834,#8835,
#8836,#8837,#8838,#8839,#8840,#8841,#8842,#8843,#8844,#8845,#8846,#8847,
#8848,#8849,#8850,#8851,#8852,#8853,#8854,#8855));
#9095=CLOSED_SHELL('',(#8856,#8857,#8858,#8859,#8860,#8861,#8862,#8863,
#8864,#8865,#8866,#8867,#8868,#8869,#8870,#8871,#8872,#8873,#8874,#8875,
#8876,#8877,#8878,#8879,#8880,#8881,#8882,#8883,#8884,#8885,#8886,#8887,
#8888,#8889,#8890,#8891,#8892,#8893,#8894,#8895,#8896,#8897,#8898,#8899,
#8900,#8901,#8902,#8903,#8904,#8905,#8906,#8907,#8908,#8909,#8910,#8911,
#8912,#8913,#8914,#8915,#8916,#8917,#8918,#8919,#8920,#8921,#8922,#8923,
#8924,#8925,#8926,#8927,#8928,#8929,#8930,#8931,#8932,#8933,#8934,#8935,
#8936,#8937,#8938,#8939,#8940,#8941,#8942,#8943,#8944,#8945,#8946,#8947,
#8948,#8949,#8950,#8951,#8952,#8953,#8954,#8955,#8956,#8957,#8958,#8959,
#8960,#8961,#8962,#8963,#8964,#8965));
#9096=CLOSED_SHELL('',(#8966,#8967,#8968,#8969,#8970,#8971,#8972,#8973,
#8974,#8975,#8976,#8977,#8978,#8979,#8980,#8981,#8982,#8983,#8984,#8985,
#8986,#8987,#8988,#8989,#8990,#8991,#8992,#8993,#8994,#8995,#8996,#8997,
#8998,#8999,#9000,#9001,#9002,#9003,#9004,#9005,#9006,#9007,#9008,#9009,
#9010,#9011,#9012,#9013,#9014,#9015,#9016,#9017,#9018,#9019,#9020,#9021,
#9022,#9023,#9024,#9025,#9026,#9027,#9028,#9029,#9030,#9031,#9032,#9033,
#9034,#9035,#9036,#9037,#9038,#9039,#9040,#9041,#9042,#9043,#9044,#9045,
#9046,#9047,#9048,#9049,#9050,#9051,#9052,#9053,#9054,#9055,#9056,#9057,
#9058,#9059,#9060,#9061,#9062,#9063,#9064,#9065,#9066,#9067,#9068,#9069,
#9070,#9071,#9072,#9073,#9074,#9075));
#9097=CLOSED_SHELL('',(#9076,#9077,#9078,#9079,#9080,#9081,#9082,#9083,
#9084,#9085,#9086,#9087,#9088,#9089,#9090,#9091,#9092));
#9098=DERIVED_UNIT_ELEMENT(#9100,1.);
#9099=DERIVED_UNIT_ELEMENT(#14427,-3.);
#9100=(
MASS_UNIT()
NAMED_UNIT(*)
SI_UNIT(.KILO.,.GRAM.)
);
#9101=DERIVED_UNIT((#9098,#9099));
#9102=MEASURE_REPRESENTATION_ITEM('density measure',
POSITIVE_RATIO_MEASURE(7850.),#9101);
#9103=PROPERTY_DEFINITION_REPRESENTATION(#9108,#9105);
#9104=PROPERTY_DEFINITION_REPRESENTATION(#9109,#9106);
#9105=REPRESENTATION('material name',(#9107),#14424);
#9106=REPRESENTATION('density',(#9102),#14424);
#9107=DESCRIPTIVE_REPRESENTATION_ITEM('Steel','Steel');
#9108=PROPERTY_DEFINITION('material property','material name',#14439);
#9109=PROPERTY_DEFINITION('material property','density of part',#14439);
#9110=AXIS2_PLACEMENT_3D('',#11890,#9628,#9629);
#9111=AXIS2_PLACEMENT_3D('',#11891,#9630,#9631);
#9112=AXIS2_PLACEMENT_3D('',#11892,#9632,#9633);
#9113=AXIS2_PLACEMENT_3D('',#11901,#9638,#9639);
#9114=AXIS2_PLACEMENT_3D('',#11907,#9643,#9644);
#9115=AXIS2_PLACEMENT_3D('',#11916,#9649,#9650);
#9116=AXIS2_PLACEMENT_3D('',#11922,#9654,#9655);
#9117=AXIS2_PLACEMENT_3D('',#11928,#9659,#9660);
#9118=AXIS2_PLACEMENT_3D('',#11983,#9689,#9690);
#9119=AXIS2_PLACEMENT_3D('',#11989,#9694,#9695);
#9120=AXIS2_PLACEMENT_3D('',#11993,#9698,#9699);
#9121=AXIS2_PLACEMENT_3D('',#11997,#9702,#9703);
#9122=AXIS2_PLACEMENT_3D('',#12003,#9707,#9708);
#9123=AXIS2_PLACEMENT_3D('',#12007,#9711,#9712);
#9124=AXIS2_PLACEMENT_3D('',#12011,#9715,#9716);
#9125=AXIS2_PLACEMENT_3D('',#12015,#9719,#9720);
#9126=AXIS2_PLACEMENT_3D('',#12021,#9724,#9725);
#9127=AXIS2_PLACEMENT_3D('',#12027,#9729,#9730);
#9128=AXIS2_PLACEMENT_3D('',#12029,#9732,#9733);
#9129=AXIS2_PLACEMENT_3D('',#12035,#9737,#9738);
#9130=AXIS2_PLACEMENT_3D('',#12039,#9741,#9742);
#9131=AXIS2_PLACEMENT_3D('',#12043,#9745,#9746);
#9132=AXIS2_PLACEMENT_3D('',#12049,#9750,#9751);
#9133=AXIS2_PLACEMENT_3D('',#12053,#9754,#9755);
#9134=AXIS2_PLACEMENT_3D('',#12055,#9757,#9758);
#9135=AXIS2_PLACEMENT_3D('',#12057,#9760,#9761);
#9136=AXIS2_PLACEMENT_3D('',#12061,#9764,#9765);
#9137=AXIS2_PLACEMENT_3D('',#12063,#9767,#9768);
#9138=AXIS2_PLACEMENT_3D('',#12067,#9771,#9772);
#9139=AXIS2_PLACEMENT_3D('',#12069,#9774,#9775);
#9140=AXIS2_PLACEMENT_3D('',#12092,#9788,#9789);
#9141=AXIS2_PLACEMENT_3D('',#12125,#9806,#9807);
#9142=AXIS2_PLACEMENT_3D('',#12126,#9808,#9809);
#9143=AXIS2_PLACEMENT_3D('',#12143,#9818,#9819);
#9144=AXIS2_PLACEMENT_3D('',#12160,#9828,#9829);
#9145=AXIS2_PLACEMENT_3D('',#12163,#9832,#9833);
#9146=AXIS2_PLACEMENT_3D('',#12165,#9835,#9836);
#9147=AXIS2_PLACEMENT_3D('',#12168,#9839,#9840);
#9148=AXIS2_PLACEMENT_3D('',#12174,#9844,#9845);
#9149=AXIS2_PLACEMENT_3D('',#12180,#9849,#9850);
#9150=AXIS2_PLACEMENT_3D('',#12184,#9853,#9854);
#9151=AXIS2_PLACEMENT_3D('',#12186,#9856,#9857);
#9152=AXIS2_PLACEMENT_3D('',#12194,#9862,#9863);
#9153=AXIS2_PLACEMENT_3D('',#12196,#9865,#9866);
#9154=AXIS2_PLACEMENT_3D('',#12198,#9868,#9869);
#9155=AXIS2_PLACEMENT_3D('',#12204,#9873,#9874);
#9156=AXIS2_PLACEMENT_3D('',#12208,#9877,#9878);
#9157=AXIS2_PLACEMENT_3D('',#12212,#9881,#9882);
#9158=AXIS2_PLACEMENT_3D('',#12222,#9888,#9889);
#9159=AXIS2_PLACEMENT_3D('',#12224,#9891,#9892);
#9160=AXIS2_PLACEMENT_3D('',#12226,#9894,#9895);
#9161=AXIS2_PLACEMENT_3D('',#12228,#9897,#9898);
#9162=AXIS2_PLACEMENT_3D('',#12229,#9899,#9900);
#9163=AXIS2_PLACEMENT_3D('',#12232,#9903,#9904);
#9164=AXIS2_PLACEMENT_3D('',#12234,#9906,#9907);
#9165=AXIS2_PLACEMENT_3D('',#12235,#9908,#9909);
#9166=AXIS2_PLACEMENT_3D('',#12237,#9911,#9912);
#9167=AXIS2_PLACEMENT_3D('',#12239,#9914,#9915);
#9168=AXIS2_PLACEMENT_3D('',#12240,#9916,#9917);
#9169=AXIS2_PLACEMENT_3D('',#12242,#9918,#9919);
#9170=AXIS2_PLACEMENT_3D('',#12245,#9921,#9922);
#9171=AXIS2_PLACEMENT_3D('',#12246,#9923,#9924);
#9172=AXIS2_PLACEMENT_3D('',#12247,#9925,#9926);
#9173=AXIS2_PLACEMENT_3D('',#12253,#9930,#9931);
#9174=AXIS2_PLACEMENT_3D('',#12254,#9932,#9933);
#9175=AXIS2_PLACEMENT_3D('',#12255,#9934,#9935);
#9176=AXIS2_PLACEMENT_3D('',#12256,#9936,#9937);
#9177=AXIS2_PLACEMENT_3D('',#12260,#9940,#9941);
#9178=AXIS2_PLACEMENT_3D('',#12264,#9944,#9945);
#9179=AXIS2_PLACEMENT_3D('',#12267,#9948,#9949);
#9180=AXIS2_PLACEMENT_3D('',#12269,#9951,#9952);
#9181=AXIS2_PLACEMENT_3D('',#12270,#9953,#9954);
#9182=AXIS2_PLACEMENT_3D('',#12271,#9955,#9956);
#9183=AXIS2_PLACEMENT_3D('',#12273,#9958,#9959);
#9184=AXIS2_PLACEMENT_3D('',#12274,#9960,#9961);
#9185=AXIS2_PLACEMENT_3D('',#12276,#9963,#9964);
#9186=AXIS2_PLACEMENT_3D('',#12277,#9965,#9966);
#9187=AXIS2_PLACEMENT_3D('',#12286,#9971,#9972);
#9188=AXIS2_PLACEMENT_3D('',#12295,#9977,#9978);
#9189=AXIS2_PLACEMENT_3D('',#12304,#9983,#9984);
#9190=AXIS2_PLACEMENT_3D('',#12309,#9986,#9987);
#9191=AXIS2_PLACEMENT_3D('',#12311,#9989,#9990);
#9192=AXIS2_PLACEMENT_3D('',#12317,#9993,#9994);
#9193=AXIS2_PLACEMENT_3D('',#12318,#9995,#9996);
#9194=AXIS2_PLACEMENT_3D('',#12321,#9999,#10000);
#9195=AXIS2_PLACEMENT_3D('',#12323,#10002,#10003);
#9196=AXIS2_PLACEMENT_3D('',#12354,#10020,#10021);
#9197=AXIS2_PLACEMENT_3D('',#12358,#10023,#10024);
#9198=AXIS2_PLACEMENT_3D('',#12360,#10026,#10027);
#9199=AXIS2_PLACEMENT_3D('',#12365,#10030,#10031);
#9200=AXIS2_PLACEMENT_3D('',#12366,#10032,#10033);
#9201=AXIS2_PLACEMENT_3D('',#12369,#10036,#10037);
#9202=AXIS2_PLACEMENT_3D('',#12370,#10038,#10039);
#9203=AXIS2_PLACEMENT_3D('',#12374,#10041,#10042);
#9204=AXIS2_PLACEMENT_3D('',#12376,#10044,#10045);
#9205=AXIS2_PLACEMENT_3D('',#12381,#10048,#10049);
#9206=AXIS2_PLACEMENT_3D('',#12382,#10050,#10051);
#9207=AXIS2_PLACEMENT_3D('',#12385,#10054,#10055);
#9208=AXIS2_PLACEMENT_3D('',#12386,#10056,#10057);
#9209=AXIS2_PLACEMENT_3D('',#12390,#10059,#10060);
#9210=AXIS2_PLACEMENT_3D('',#12392,#10062,#10063);
#9211=AXIS2_PLACEMENT_3D('',#12397,#10066,#10067);
#9212=AXIS2_PLACEMENT_3D('',#12398,#10068,#10069);
#9213=AXIS2_PLACEMENT_3D('',#12401,#10072,#10073);
#9214=AXIS2_PLACEMENT_3D('',#12402,#10074,#10075);
#9215=AXIS2_PLACEMENT_3D('',#12406,#10077,#10078);
#9216=AXIS2_PLACEMENT_3D('',#12408,#10080,#10081);
#9217=AXIS2_PLACEMENT_3D('',#12413,#10084,#10085);
#9218=AXIS2_PLACEMENT_3D('',#12414,#10086,#10087);
#9219=AXIS2_PLACEMENT_3D('',#12417,#10090,#10091);
#9220=AXIS2_PLACEMENT_3D('',#12418,#10092,#10093);
#9221=AXIS2_PLACEMENT_3D('',#12422,#10095,#10096);
#9222=AXIS2_PLACEMENT_3D('',#12424,#10098,#10099);
#9223=AXIS2_PLACEMENT_3D('',#12429,#10102,#10103);
#9224=AXIS2_PLACEMENT_3D('',#12430,#10104,#10105);
#9225=AXIS2_PLACEMENT_3D('',#12433,#10108,#10109);
#9226=AXIS2_PLACEMENT_3D('',#12434,#10110,#10111);
#9227=AXIS2_PLACEMENT_3D('',#12438,#10113,#10114);
#9228=AXIS2_PLACEMENT_3D('',#12440,#10116,#10117);
#9229=AXIS2_PLACEMENT_3D('',#12445,#10120,#10121);
#9230=AXIS2_PLACEMENT_3D('',#12446,#10122,#10123);
#9231=AXIS2_PLACEMENT_3D('',#12449,#10126,#10127);
#9232=AXIS2_PLACEMENT_3D('',#12450,#10128,#10129);
#9233=AXIS2_PLACEMENT_3D('',#12456,#10132,#10133);
#9234=AXIS2_PLACEMENT_3D('',#12457,#10134,#10135);
#9235=AXIS2_PLACEMENT_3D('',#12462,#10138,#10139);
#9236=AXIS2_PLACEMENT_3D('',#12463,#10140,#10141);
#9237=AXIS2_PLACEMENT_3D('',#12467,#10144,#10145);
#9238=AXIS2_PLACEMENT_3D('',#12469,#10147,#10148);
#9239=AXIS2_PLACEMENT_3D('',#12500,#10165,#10166);
#9240=AXIS2_PLACEMENT_3D('',#12505,#10169,#10170);
#9241=AXIS2_PLACEMENT_3D('',#12506,#10171,#10172);
#9242=AXIS2_PLACEMENT_3D('',#12511,#10175,#10176);
#9243=AXIS2_PLACEMENT_3D('',#12512,#10177,#10178);
#9244=AXIS2_PLACEMENT_3D('',#12515,#10181,#10182);
#9245=AXIS2_PLACEMENT_3D('',#12516,#10183,#10184);
#9246=AXIS2_PLACEMENT_3D('',#12521,#10187,#10188);
#9247=AXIS2_PLACEMENT_3D('',#12522,#10189,#10190);
#9248=AXIS2_PLACEMENT_3D('',#12527,#10193,#10194);
#9249=AXIS2_PLACEMENT_3D('',#12528,#10195,#10196);
#9250=AXIS2_PLACEMENT_3D('',#12531,#10199,#10200);
#9251=AXIS2_PLACEMENT_3D('',#12532,#10201,#10202);
#9252=AXIS2_PLACEMENT_3D('',#12537,#10205,#10206);
#9253=AXIS2_PLACEMENT_3D('',#12538,#10207,#10208);
#9254=AXIS2_PLACEMENT_3D('',#12543,#10211,#10212);
#9255=AXIS2_PLACEMENT_3D('',#12544,#10213,#10214);
#9256=AXIS2_PLACEMENT_3D('',#12547,#10217,#10218);
#9257=AXIS2_PLACEMENT_3D('',#12548,#10219,#10220);
#9258=AXIS2_PLACEMENT_3D('',#12553,#10223,#10224);
#9259=AXIS2_PLACEMENT_3D('',#12554,#10225,#10226);
#9260=AXIS2_PLACEMENT_3D('',#12559,#10229,#10230);
#9261=AXIS2_PLACEMENT_3D('',#12560,#10231,#10232);
#9262=AXIS2_PLACEMENT_3D('',#12563,#10235,#10236);
#9263=AXIS2_PLACEMENT_3D('',#12564,#10237,#10238);
#9264=AXIS2_PLACEMENT_3D('',#12569,#10241,#10242);
#9265=AXIS2_PLACEMENT_3D('',#12570,#10243,#10244);
#9266=AXIS2_PLACEMENT_3D('',#12575,#10247,#10248);
#9267=AXIS2_PLACEMENT_3D('',#12576,#10249,#10250);
#9268=AXIS2_PLACEMENT_3D('',#12579,#10253,#10254);
#9269=AXIS2_PLACEMENT_3D('',#12580,#10255,#10256);
#9270=AXIS2_PLACEMENT_3D('',#12585,#10259,#10260);
#9271=AXIS2_PLACEMENT_3D('',#12586,#10261,#10262);
#9272=AXIS2_PLACEMENT_3D('',#12591,#10265,#10266);
#9273=AXIS2_PLACEMENT_3D('',#12592,#10267,#10268);
#9274=AXIS2_PLACEMENT_3D('',#12595,#10271,#10272);
#9275=AXIS2_PLACEMENT_3D('',#12596,#10273,#10274);
#9276=AXIS2_PLACEMENT_3D('',#12605,#10279,#10280);
#9277=AXIS2_PLACEMENT_3D('',#12614,#10285,#10286);
#9278=AXIS2_PLACEMENT_3D('',#12623,#10291,#10292);
#9279=AXIS2_PLACEMENT_3D('',#12632,#10297,#10298);
#9280=AXIS2_PLACEMENT_3D('',#12641,#10303,#10304);
#9281=AXIS2_PLACEMENT_3D('',#12650,#10309,#10310);
#9282=AXIS2_PLACEMENT_3D('',#12659,#10315,#10316);
#9283=AXIS2_PLACEMENT_3D('',#12679,#10328,#10329);
#9284=AXIS2_PLACEMENT_3D('',#12683,#10332,#10333);
#9285=AXIS2_PLACEMENT_3D('',#12701,#10344,#10345);
#9286=AXIS2_PLACEMENT_3D('',#12721,#10357,#10358);
#9287=AXIS2_PLACEMENT_3D('',#12725,#10361,#10362);
#9288=AXIS2_PLACEMENT_3D('',#12743,#10373,#10374);
#9289=AXIS2_PLACEMENT_3D('',#12763,#10386,#10387);
#9290=AXIS2_PLACEMENT_3D('',#12767,#10390,#10391);
#9291=AXIS2_PLACEMENT_3D('',#12785,#10402,#10403);
#9292=AXIS2_PLACEMENT_3D('',#12805,#10415,#10416);
#9293=AXIS2_PLACEMENT_3D('',#12809,#10419,#10420);
#9294=AXIS2_PLACEMENT_3D('',#12827,#10431,#10432);
#9295=AXIS2_PLACEMENT_3D('',#12847,#10444,#10445);
#9296=AXIS2_PLACEMENT_3D('',#12851,#10448,#10449);
#9297=AXIS2_PLACEMENT_3D('',#12869,#10460,#10461);
#9298=AXIS2_PLACEMENT_3D('',#12875,#10465,#10466);
#9299=AXIS2_PLACEMENT_3D('',#12893,#10477,#10478);
#9300=AXIS2_PLACEMENT_3D('',#12899,#10482,#10483);
#9301=AXIS2_PLACEMENT_3D('',#12908,#10488,#10489);
#9302=AXIS2_PLACEMENT_3D('',#12909,#10490,#10491);
#9303=AXIS2_PLACEMENT_3D('',#12912,#10494,#10495);
#9304=AXIS2_PLACEMENT_3D('',#12914,#10497,#10498);
#9305=AXIS2_PLACEMENT_3D('',#12917,#10501,#10502);
#9306=AXIS2_PLACEMENT_3D('',#12919,#10504,#10505);
#9307=AXIS2_PLACEMENT_3D('',#12921,#10507,#10508);
#9308=AXIS2_PLACEMENT_3D('',#12922,#10509,#10510);
#9309=AXIS2_PLACEMENT_3D('',#12923,#10511,#10512);
#9310=AXIS2_PLACEMENT_3D('',#12925,#10514,#10515);
#9311=AXIS2_PLACEMENT_3D('',#12926,#10516,#10517);
#9312=AXIS2_PLACEMENT_3D('',#12927,#10518,#10519);
#9313=AXIS2_PLACEMENT_3D('',#12930,#10522,#10523);
#9314=AXIS2_PLACEMENT_3D('',#12932,#10525,#10526);
#9315=AXIS2_PLACEMENT_3D('',#12935,#10529,#10530);
#9316=AXIS2_PLACEMENT_3D('',#12937,#10532,#10533);
#9317=AXIS2_PLACEMENT_3D('',#12939,#10535,#10536);
#9318=AXIS2_PLACEMENT_3D('',#12940,#10537,#10538);
#9319=AXIS2_PLACEMENT_3D('',#12941,#10539,#10540);
#9320=AXIS2_PLACEMENT_3D('',#12947,#10544,#10545);
#9321=AXIS2_PLACEMENT_3D('',#12951,#10548,#10549);
#9322=AXIS2_PLACEMENT_3D('',#12957,#10553,#10554);
#9323=AXIS2_PLACEMENT_3D('',#12961,#10557,#10558);
#9324=AXIS2_PLACEMENT_3D('',#12965,#10561,#10562);
#9325=AXIS2_PLACEMENT_3D('',#12967,#10564,#10565);
#9326=AXIS2_PLACEMENT_3D('',#12969,#10567,#10568);
#9327=AXIS2_PLACEMENT_3D('',#12972,#10571,#10572);
#9328=AXIS2_PLACEMENT_3D('',#12974,#10574,#10575);
#9329=AXIS2_PLACEMENT_3D('',#12976,#10577,#10578);
#9330=AXIS2_PLACEMENT_3D('',#12978,#10580,#10581);
#9331=AXIS2_PLACEMENT_3D('',#12979,#10582,#10583);
#9332=AXIS2_PLACEMENT_3D('',#12980,#10584,#10585);
#9333=AXIS2_PLACEMENT_3D('',#12981,#10586,#10587);
#9334=AXIS2_PLACEMENT_3D('',#12987,#10591,#10592);
#9335=AXIS2_PLACEMENT_3D('',#12991,#10595,#10596);
#9336=AXIS2_PLACEMENT_3D('',#12995,#10599,#10600);
#9337=AXIS2_PLACEMENT_3D('',#12999,#10603,#10604);
#9338=AXIS2_PLACEMENT_3D('',#13001,#10606,#10607);
#9339=AXIS2_PLACEMENT_3D('',#13003,#10609,#10610);
#9340=AXIS2_PLACEMENT_3D('',#13006,#10613,#10614);
#9341=AXIS2_PLACEMENT_3D('',#13015,#10620,#10621);
#9342=AXIS2_PLACEMENT_3D('',#13019,#10624,#10625);
#9343=AXIS2_PLACEMENT_3D('',#13025,#10629,#10630);
#9344=AXIS2_PLACEMENT_3D('',#13043,#10646,#10647);
#9345=AXIS2_PLACEMENT_3D('',#13045,#10649,#10650);
#9346=AXIS2_PLACEMENT_3D('',#13049,#10653,#10654);
#9347=AXIS2_PLACEMENT_3D('',#13051,#10656,#10657);
#9348=AXIS2_PLACEMENT_3D('',#13053,#10659,#10660);
#9349=AXIS2_PLACEMENT_3D('',#13055,#10662,#10663);
#9350=AXIS2_PLACEMENT_3D('',#13057,#10665,#10666);
#9351=AXIS2_PLACEMENT_3D('',#13059,#10668,#10669);
#9352=AXIS2_PLACEMENT_3D('',#13061,#10671,#10672);
#9353=AXIS2_PLACEMENT_3D('',#13063,#10674,#10675);
#9354=AXIS2_PLACEMENT_3D('',#13064,#10676,#10677);
#9355=AXIS2_PLACEMENT_3D('',#13065,#10678,#10679);
#9356=AXIS2_PLACEMENT_3D('',#13066,#10680,#10681);
#9357=AXIS2_PLACEMENT_3D('',#13067,#10682,#10683);
#9358=AXIS2_PLACEMENT_3D('',#13068,#10684,#10685);
#9359=AXIS2_PLACEMENT_3D('',#13069,#10686,#10687);
#9360=AXIS2_PLACEMENT_3D('',#13074,#10691,#10692);
#9361=AXIS2_PLACEMENT_3D('',#13079,#10696,#10697);
#9362=AXIS2_PLACEMENT_3D('',#13080,#10698,#10699);
#9363=AXIS2_PLACEMENT_3D('',#13081,#10700,#10701);
#9364=AXIS2_PLACEMENT_3D('',#13082,#10702,#10703);
#9365=AXIS2_PLACEMENT_3D('',#13083,#10704,#10705);
#9366=AXIS2_PLACEMENT_3D('',#13084,#10706,#10707);
#9367=AXIS2_PLACEMENT_3D('',#13085,#10708,#10709);
#9368=AXIS2_PLACEMENT_3D('',#13086,#10710,#10711);
#9369=AXIS2_PLACEMENT_3D('',#13092,#10715,#10716);
#9370=AXIS2_PLACEMENT_3D('',#13095,#10719,#10720);
#9371=AXIS2_PLACEMENT_3D('',#13096,#10721,#10722);
#9372=AXIS2_PLACEMENT_3D('',#13099,#10725,#10726);
#9373=AXIS2_PLACEMENT_3D('',#13102,#10729,#10730);
#9374=AXIS2_PLACEMENT_3D('',#13105,#10733,#10734);
#9375=AXIS2_PLACEMENT_3D('',#13108,#10737,#10738);
#9376=AXIS2_PLACEMENT_3D('',#13111,#10741,#10742);
#9377=AXIS2_PLACEMENT_3D('',#13114,#10745,#10746);
#9378=AXIS2_PLACEMENT_3D('',#13117,#10749,#10750);
#9379=AXIS2_PLACEMENT_3D('',#13118,#10751,#10752);
#9380=AXIS2_PLACEMENT_3D('',#13119,#10753,#10754);
#9381=AXIS2_PLACEMENT_3D('',#13120,#10755,#10756);
#9382=AXIS2_PLACEMENT_3D('',#13121,#10757,#10758);
#9383=AXIS2_PLACEMENT_3D('',#13122,#10759,#10760);
#9384=AXIS2_PLACEMENT_3D('',#13123,#10761,#10762);
#9385=AXIS2_PLACEMENT_3D('',#13124,#10763,#10764);
#9386=AXIS2_PLACEMENT_3D('',#13125,#10765,#10766);
#9387=AXIS2_PLACEMENT_3D('',#13134,#10771,#10772);
#9388=AXIS2_PLACEMENT_3D('',#13143,#10777,#10778);
#9389=AXIS2_PLACEMENT_3D('',#13180,#10797,#10798);
#9390=AXIS2_PLACEMENT_3D('',#13214,#10816,#10817);
#9391=AXIS2_PLACEMENT_3D('',#13218,#10820,#10821);
#9392=AXIS2_PLACEMENT_3D('',#13222,#10824,#10825);
#9393=AXIS2_PLACEMENT_3D('',#13228,#10829,#10830);
#9394=AXIS2_PLACEMENT_3D('',#13234,#10834,#10835);
#9395=AXIS2_PLACEMENT_3D('',#13240,#10839,#10840);
#9396=AXIS2_PLACEMENT_3D('',#13246,#10844,#10845);
#9397=AXIS2_PLACEMENT_3D('',#13252,#10849,#10850);
#9398=AXIS2_PLACEMENT_3D('',#13258,#10854,#10855);
#9399=AXIS2_PLACEMENT_3D('',#13264,#10859,#10860);
#9400=AXIS2_PLACEMENT_3D('',#13270,#10864,#10865);
#9401=AXIS2_PLACEMENT_3D('',#13276,#10869,#10870);
#9402=AXIS2_PLACEMENT_3D('',#13282,#10874,#10875);
#9403=AXIS2_PLACEMENT_3D('',#13288,#10879,#10880);
#9404=AXIS2_PLACEMENT_3D('',#13294,#10884,#10885);
#9405=AXIS2_PLACEMENT_3D('',#13301,#10889,#10890);
#9406=AXIS2_PLACEMENT_3D('',#13310,#10895,#10896);
#9407=AXIS2_PLACEMENT_3D('',#13319,#10901,#10902);
#9408=AXIS2_PLACEMENT_3D('',#13328,#10907,#10908);
#9409=AXIS2_PLACEMENT_3D('',#13337,#10913,#10914);
#9410=AXIS2_PLACEMENT_3D('',#13346,#10919,#10920);
#9411=AXIS2_PLACEMENT_3D('',#13352,#10924,#10925);
#9412=AXIS2_PLACEMENT_3D('',#13363,#10935,#10936);
#9413=AXIS2_PLACEMENT_3D('',#13373,#10942,#10943);
#9414=AXIS2_PLACEMENT_3D('',#13378,#10947,#10948);
#9415=AXIS2_PLACEMENT_3D('',#13387,#10953,#10954);
#9416=AXIS2_PLACEMENT_3D('',#13396,#10959,#10960);
#9417=AXIS2_PLACEMENT_3D('',#13401,#10964,#10965);
#9418=AXIS2_PLACEMENT_3D('',#13407,#10970,#10971);
#9419=AXIS2_PLACEMENT_3D('',#13409,#10973,#10974);
#9420=AXIS2_PLACEMENT_3D('',#13428,#10985,#10986);
#9421=AXIS2_PLACEMENT_3D('',#13432,#10989,#10990);
#9422=AXIS2_PLACEMENT_3D('',#13446,#10999,#11000);
#9423=AXIS2_PLACEMENT_3D('',#13448,#11002,#11003);
#9424=AXIS2_PLACEMENT_3D('',#13465,#11013,#11014);
#9425=AXIS2_PLACEMENT_3D('',#13469,#11017,#11018);
#9426=AXIS2_PLACEMENT_3D('',#13470,#11019,#11020);
#9427=AXIS2_PLACEMENT_3D('',#13472,#11022,#11023);
#9428=AXIS2_PLACEMENT_3D('',#13473,#11024,#11025);
#9429=AXIS2_PLACEMENT_3D('',#13477,#11028,#11029);
#9430=AXIS2_PLACEMENT_3D('',#13480,#11032,#11033);
#9431=AXIS2_PLACEMENT_3D('',#13481,#11034,#11035);
#9432=AXIS2_PLACEMENT_3D('',#13485,#11038,#11039);
#9433=AXIS2_PLACEMENT_3D('',#13486,#11040,#11041);
#9434=AXIS2_PLACEMENT_3D('',#13497,#11048,#11049);
#9435=AXIS2_PLACEMENT_3D('',#13499,#11051,#11052);
#9436=AXIS2_PLACEMENT_3D('',#13507,#11057,#11058);
#9437=AXIS2_PLACEMENT_3D('',#13508,#11059,#11060);
#9438=AXIS2_PLACEMENT_3D('',#13512,#11063,#11064);
#9439=AXIS2_PLACEMENT_3D('',#13517,#11068,#11069);
#9440=AXIS2_PLACEMENT_3D('',#13519,#11071,#11072);
#9441=AXIS2_PLACEMENT_3D('',#13520,#11073,#11074);
#9442=AXIS2_PLACEMENT_3D('',#13528,#11080,#11081);
#9443=AXIS2_PLACEMENT_3D('',#13529,#11082,#11083);
#9444=AXIS2_PLACEMENT_3D('',#13531,#11085,#11086);
#9445=AXIS2_PLACEMENT_3D('',#13532,#11087,#11088);
#9446=AXIS2_PLACEMENT_3D('',#13534,#11090,#11091);
#9447=AXIS2_PLACEMENT_3D('',#13537,#11094,#11095);
#9448=AXIS2_PLACEMENT_3D('',#13539,#11097,#11098);
#9449=AXIS2_PLACEMENT_3D('',#13541,#11100,#11101);
#9450=AXIS2_PLACEMENT_3D('',#13542,#11102,#11103);
#9451=AXIS2_PLACEMENT_3D('',#13563,#11115,#11116);
#9452=AXIS2_PLACEMENT_3D('',#13565,#11118,#11119);
#9453=AXIS2_PLACEMENT_3D('',#13583,#11129,#11130);
#9454=AXIS2_PLACEMENT_3D('',#13584,#11131,#11132);
#9455=AXIS2_PLACEMENT_3D('',#13588,#11135,#11136);
#9456=AXIS2_PLACEMENT_3D('',#13590,#11138,#11139);
#9457=AXIS2_PLACEMENT_3D('',#13596,#11143,#11144);
#9458=AXIS2_PLACEMENT_3D('',#13597,#11145,#11146);
#9459=AXIS2_PLACEMENT_3D('',#13601,#11149,#11150);
#9460=AXIS2_PLACEMENT_3D('',#13604,#11153,#11154);
#9461=AXIS2_PLACEMENT_3D('',#13625,#11166,#11167);
#9462=AXIS2_PLACEMENT_3D('',#13627,#11169,#11170);
#9463=AXIS2_PLACEMENT_3D('',#13639,#11178,#11179);
#9464=AXIS2_PLACEMENT_3D('',#13641,#11181,#11182);
#9465=AXIS2_PLACEMENT_3D('',#13643,#11184,#11185);
#9466=AXIS2_PLACEMENT_3D('',#13646,#11188,#11189);
#9467=AXIS2_PLACEMENT_3D('',#13648,#11191,#11192);
#9468=AXIS2_PLACEMENT_3D('',#13650,#11194,#11195);
#9469=AXIS2_PLACEMENT_3D('',#13651,#11196,#11197);
#9470=AXIS2_PLACEMENT_3D('',#13653,#11199,#11200);
#9471=AXIS2_PLACEMENT_3D('',#13654,#11201,#11202);
#9472=AXIS2_PLACEMENT_3D('',#13656,#11204,#11205);
#9473=AXIS2_PLACEMENT_3D('',#13659,#11208,#11209);
#9474=AXIS2_PLACEMENT_3D('',#13660,#11210,#11211);
#9475=AXIS2_PLACEMENT_3D('',#13662,#11213,#11214);
#9476=AXIS2_PLACEMENT_3D('',#13668,#11218,#11219);
#9477=AXIS2_PLACEMENT_3D('',#13692,#11233,#11234);
#9478=AXIS2_PLACEMENT_3D('',#13693,#11235,#11236);
#9479=AXIS2_PLACEMENT_3D('',#13695,#11238,#11239);
#9480=AXIS2_PLACEMENT_3D('',#13696,#11240,#11241);
#9481=AXIS2_PLACEMENT_3D('',#13698,#11243,#11244);
#9482=AXIS2_PLACEMENT_3D('',#13701,#11247,#11248);
#9483=AXIS2_PLACEMENT_3D('',#13703,#11250,#11251);
#9484=AXIS2_PLACEMENT_3D('',#13704,#11252,#11253);
#9485=AXIS2_PLACEMENT_3D('',#13706,#11255,#11256);
#9486=AXIS2_PLACEMENT_3D('',#13707,#11257,#11258);
#9487=AXIS2_PLACEMENT_3D('',#13708,#11259,#11260);
#9488=AXIS2_PLACEMENT_3D('',#13712,#11263,#11264);
#9489=AXIS2_PLACEMENT_3D('',#13714,#11266,#11267);
#9490=AXIS2_PLACEMENT_3D('',#13715,#11268,#11269);
#9491=AXIS2_PLACEMENT_3D('',#13717,#11271,#11272);
#9492=AXIS2_PLACEMENT_3D('',#13720,#11275,#11276);
#9493=AXIS2_PLACEMENT_3D('',#13722,#11278,#11279);
#9494=AXIS2_PLACEMENT_3D('',#13723,#11280,#11281);
#9495=AXIS2_PLACEMENT_3D('',#13725,#11283,#11284);
#9496=AXIS2_PLACEMENT_3D('',#13726,#11285,#11286);
#9497=AXIS2_PLACEMENT_3D('',#13735,#11291,#11292);
#9498=AXIS2_PLACEMENT_3D('',#13744,#11297,#11298);
#9499=AXIS2_PLACEMENT_3D('',#13781,#11317,#11318);
#9500=AXIS2_PLACEMENT_3D('',#13815,#11336,#11337);
#9501=AXIS2_PLACEMENT_3D('',#13819,#11340,#11341);
#9502=AXIS2_PLACEMENT_3D('',#13823,#11344,#11345);
#9503=AXIS2_PLACEMENT_3D('',#13829,#11349,#11350);
#9504=AXIS2_PLACEMENT_3D('',#13835,#11354,#11355);
#9505=AXIS2_PLACEMENT_3D('',#13841,#11359,#11360);
#9506=AXIS2_PLACEMENT_3D('',#13847,#11364,#11365);
#9507=AXIS2_PLACEMENT_3D('',#13853,#11369,#11370);
#9508=AXIS2_PLACEMENT_3D('',#13859,#11374,#11375);
#9509=AXIS2_PLACEMENT_3D('',#13865,#11379,#11380);
#9510=AXIS2_PLACEMENT_3D('',#13871,#11384,#11385);
#9511=AXIS2_PLACEMENT_3D('',#13877,#11389,#11390);
#9512=AXIS2_PLACEMENT_3D('',#13883,#11394,#11395);
#9513=AXIS2_PLACEMENT_3D('',#13889,#11399,#11400);
#9514=AXIS2_PLACEMENT_3D('',#13895,#11404,#11405);
#9515=AXIS2_PLACEMENT_3D('',#13902,#11409,#11410);
#9516=AXIS2_PLACEMENT_3D('',#13911,#11415,#11416);
#9517=AXIS2_PLACEMENT_3D('',#13920,#11421,#11422);
#9518=AXIS2_PLACEMENT_3D('',#13929,#11427,#11428);
#9519=AXIS2_PLACEMENT_3D('',#13938,#11433,#11434);
#9520=AXIS2_PLACEMENT_3D('',#13947,#11439,#11440);
#9521=AXIS2_PLACEMENT_3D('',#13953,#11444,#11445);
#9522=AXIS2_PLACEMENT_3D('',#13964,#11455,#11456);
#9523=AXIS2_PLACEMENT_3D('',#13974,#11462,#11463);
#9524=AXIS2_PLACEMENT_3D('',#13979,#11467,#11468);
#9525=AXIS2_PLACEMENT_3D('',#13988,#11473,#11474);
#9526=AXIS2_PLACEMENT_3D('',#13997,#11479,#11480);
#9527=AXIS2_PLACEMENT_3D('',#14002,#11484,#11485);
#9528=AXIS2_PLACEMENT_3D('',#14008,#11490,#11491);
#9529=AXIS2_PLACEMENT_3D('',#14010,#11493,#11494);
#9530=AXIS2_PLACEMENT_3D('',#14029,#11505,#11506);
#9531=AXIS2_PLACEMENT_3D('',#14033,#11509,#11510);
#9532=AXIS2_PLACEMENT_3D('',#14047,#11519,#11520);
#9533=AXIS2_PLACEMENT_3D('',#14049,#11522,#11523);
#9534=AXIS2_PLACEMENT_3D('',#14066,#11533,#11534);
#9535=AXIS2_PLACEMENT_3D('',#14070,#11537,#11538);
#9536=AXIS2_PLACEMENT_3D('',#14071,#11539,#11540);
#9537=AXIS2_PLACEMENT_3D('',#14073,#11542,#11543);
#9538=AXIS2_PLACEMENT_3D('',#14074,#11544,#11545);
#9539=AXIS2_PLACEMENT_3D('',#14078,#11548,#11549);
#9540=AXIS2_PLACEMENT_3D('',#14081,#11552,#11553);
#9541=AXIS2_PLACEMENT_3D('',#14082,#11554,#11555);
#9542=AXIS2_PLACEMENT_3D('',#14086,#11558,#11559);
#9543=AXIS2_PLACEMENT_3D('',#14087,#11560,#11561);
#9544=AXIS2_PLACEMENT_3D('',#14098,#11568,#11569);
#9545=AXIS2_PLACEMENT_3D('',#14100,#11571,#11572);
#9546=AXIS2_PLACEMENT_3D('',#14108,#11577,#11578);
#9547=AXIS2_PLACEMENT_3D('',#14109,#11579,#11580);
#9548=AXIS2_PLACEMENT_3D('',#14113,#11583,#11584);
#9549=AXIS2_PLACEMENT_3D('',#14118,#11588,#11589);
#9550=AXIS2_PLACEMENT_3D('',#14120,#11591,#11592);
#9551=AXIS2_PLACEMENT_3D('',#14121,#11593,#11594);
#9552=AXIS2_PLACEMENT_3D('',#14129,#11600,#11601);
#9553=AXIS2_PLACEMENT_3D('',#14130,#11602,#11603);
#9554=AXIS2_PLACEMENT_3D('',#14132,#11605,#11606);
#9555=AXIS2_PLACEMENT_3D('',#14133,#11607,#11608);
#9556=AXIS2_PLACEMENT_3D('',#14135,#11610,#11611);
#9557=AXIS2_PLACEMENT_3D('',#14138,#11614,#11615);
#9558=AXIS2_PLACEMENT_3D('',#14140,#11617,#11618);
#9559=AXIS2_PLACEMENT_3D('',#14142,#11620,#11621);
#9560=AXIS2_PLACEMENT_3D('',#14143,#11622,#11623);
#9561=AXIS2_PLACEMENT_3D('',#14164,#11635,#11636);
#9562=AXIS2_PLACEMENT_3D('',#14166,#11638,#11639);
#9563=AXIS2_PLACEMENT_3D('',#14184,#11649,#11650);
#9564=AXIS2_PLACEMENT_3D('',#14185,#11651,#11652);
#9565=AXIS2_PLACEMENT_3D('',#14189,#11655,#11656);
#9566=AXIS2_PLACEMENT_3D('',#14191,#11658,#11659);
#9567=AXIS2_PLACEMENT_3D('',#14197,#11663,#11664);
#9568=AXIS2_PLACEMENT_3D('',#14198,#11665,#11666);
#9569=AXIS2_PLACEMENT_3D('',#14202,#11669,#11670);
#9570=AXIS2_PLACEMENT_3D('',#14205,#11673,#11674);
#9571=AXIS2_PLACEMENT_3D('',#14226,#11686,#11687);
#9572=AXIS2_PLACEMENT_3D('',#14228,#11689,#11690);
#9573=AXIS2_PLACEMENT_3D('',#14240,#11698,#11699);
#9574=AXIS2_PLACEMENT_3D('',#14242,#11701,#11702);
#9575=AXIS2_PLACEMENT_3D('',#14244,#11704,#11705);
#9576=AXIS2_PLACEMENT_3D('',#14247,#11708,#11709);
#9577=AXIS2_PLACEMENT_3D('',#14249,#11711,#11712);
#9578=AXIS2_PLACEMENT_3D('',#14251,#11714,#11715);
#9579=AXIS2_PLACEMENT_3D('',#14252,#11716,#11717);
#9580=AXIS2_PLACEMENT_3D('',#14254,#11719,#11720);
#9581=AXIS2_PLACEMENT_3D('',#14255,#11721,#11722);
#9582=AXIS2_PLACEMENT_3D('',#14257,#11724,#11725);
#9583=AXIS2_PLACEMENT_3D('',#14260,#11728,#11729);
#9584=AXIS2_PLACEMENT_3D('',#14261,#11730,#11731);
#9585=AXIS2_PLACEMENT_3D('',#14263,#11733,#11734);
#9586=AXIS2_PLACEMENT_3D('',#14269,#11738,#11739);
#9587=AXIS2_PLACEMENT_3D('',#14293,#11753,#11754);
#9588=AXIS2_PLACEMENT_3D('',#14294,#11755,#11756);
#9589=AXIS2_PLACEMENT_3D('',#14296,#11758,#11759);
#9590=AXIS2_PLACEMENT_3D('',#14297,#11760,#11761);
#9591=AXIS2_PLACEMENT_3D('',#14299,#11763,#11764);
#9592=AXIS2_PLACEMENT_3D('',#14302,#11767,#11768);
#9593=AXIS2_PLACEMENT_3D('',#14304,#11770,#11771);
#9594=AXIS2_PLACEMENT_3D('',#14305,#11772,#11773);
#9595=AXIS2_PLACEMENT_3D('',#14307,#11775,#11776);
#9596=AXIS2_PLACEMENT_3D('',#14308,#11777,#11778);
#9597=AXIS2_PLACEMENT_3D('',#14309,#11779,#11780);
#9598=AXIS2_PLACEMENT_3D('',#14313,#11783,#11784);
#9599=AXIS2_PLACEMENT_3D('',#14315,#11786,#11787);
#9600=AXIS2_PLACEMENT_3D('',#14316,#11788,#11789);
#9601=AXIS2_PLACEMENT_3D('',#14318,#11791,#11792);
#9602=AXIS2_PLACEMENT_3D('',#14321,#11795,#11796);
#9603=AXIS2_PLACEMENT_3D('',#14323,#11798,#11799);
#9604=AXIS2_PLACEMENT_3D('',#14324,#11800,#11801);
#9605=AXIS2_PLACEMENT_3D('',#14326,#11803,#11804);
#9606=AXIS2_PLACEMENT_3D('',#14327,#11805,#11806);
#9607=AXIS2_PLACEMENT_3D('',#14344,#11815,#11816);
#9608=AXIS2_PLACEMENT_3D('',#14354,#11822,#11823);
#9609=AXIS2_PLACEMENT_3D('',#14362,#11827,#11828);
#9610=AXIS2_PLACEMENT_3D('',#14365,#11830,#11831);
#9611=AXIS2_PLACEMENT_3D('',#14366,#11832,#11833);
#9612=AXIS2_PLACEMENT_3D('',#14378,#11840,#11841);
#9613=AXIS2_PLACEMENT_3D('',#14388,#11846,#11847);
#9614=AXIS2_PLACEMENT_3D('',#14391,#11849,#11850);
#9615=AXIS2_PLACEMENT_3D('',#14392,#11851,#11852);
#9616=AXIS2_PLACEMENT_3D('',#14395,#11855,#11856);
#9617=AXIS2_PLACEMENT_3D('',#14399,#11859,#11860);
#9618=AXIS2_PLACEMENT_3D('',#14403,#11863,#11864);
#9619=AXIS2_PLACEMENT_3D('',#14405,#11866,#11867);
#9620=AXIS2_PLACEMENT_3D('',#14406,#11868,#11869);
#9621=AXIS2_PLACEMENT_3D('',#14409,#11872,#11873);
#9622=AXIS2_PLACEMENT_3D('',#14411,#11875,#11876);
#9623=AXIS2_PLACEMENT_3D('',#14413,#11878,#11879);
#9624=AXIS2_PLACEMENT_3D('',#14414,#11880,#11881);
#9625=AXIS2_PLACEMENT_3D('',#14416,#11883,#11884);
#9626=AXIS2_PLACEMENT_3D('',#14418,#11886,#11887);
#9627=AXIS2_PLACEMENT_3D('',#14419,#11888,#11889);
#9628=DIRECTION('axis',(0.,0.,1.));
#9629=DIRECTION('refdir',(1.,0.,0.));
#9630=DIRECTION('axis',(0.,0.,1.));
#9631=DIRECTION('refdir',(1.,0.,0.));
#9632=DIRECTION('center_axis',(0.,-1.,0.));
#9633=DIRECTION('ref_axis',(-1.,0.,0.));
#9634=DIRECTION('',(-1.,0.,0.));
#9635=DIRECTION('',(0.,0.,-1.));
#9636=DIRECTION('',(1.,0.,0.));
#9637=DIRECTION('',(0.,0.,-1.));
#9638=DIRECTION('center_axis',(1.,0.,0.));
#9639=DIRECTION('ref_axis',(0.,-1.,0.));
#9640=DIRECTION('',(0.,-1.,0.));
#9641=DIRECTION('',(0.,0.,1.));
#9642=DIRECTION('',(0.,1.,0.));
#9643=DIRECTION('center_axis',(1.,0.,0.));
#9644=DIRECTION('ref_axis',(0.,-1.,1.28059444374579E-15));
#9645=DIRECTION('',(0.,-1.,0.));
#9646=DIRECTION('',(0.,0.,-1.));
#9647=DIRECTION('',(0.,1.,0.));
#9648=DIRECTION('',(0.,0.,-1.));
#9649=DIRECTION('center_axis',(0.,1.,0.));
#9650=DIRECTION('ref_axis',(1.,0.,0.));
#9651=DIRECTION('',(1.,0.,0.));
#9652=DIRECTION('',(0.,0.,1.));
#9653=DIRECTION('',(-1.,0.,0.));
#9654=DIRECTION('center_axis',(-1.,0.,0.));
#9655=DIRECTION('ref_axis',(0.,-1.,0.));
#9656=DIRECTION('',(0.,1.,0.));
#9657=DIRECTION('',(0.,0.,1.));
#9658=DIRECTION('',(0.,-1.,0.));
#9659=DIRECTION('center_axis',(0.,0.,1.));
#9660=DIRECTION('ref_axis',(-1.,0.,0.));
#9661=DIRECTION('',(-1.,0.,0.));
#9662=DIRECTION('',(0.,-1.,0.));
#9663=DIRECTION('',(1.,2.04716639102081E-15,0.));
#9664=DIRECTION('',(0.,1.,0.));
#9665=DIRECTION('',(-1.,0.,0.));
#9666=DIRECTION('',(0.,-1.,0.));
#9667=DIRECTION('',(1.,2.27565666127906E-15,0.));
#9668=DIRECTION('',(0.,1.,0.));
#9669=DIRECTION('',(-1.,0.,0.));
#9670=DIRECTION('',(0.,1.,0.));
#9671=DIRECTION('',(-1.,0.,6.37803320621306E-17));
#9672=DIRECTION('',(0.,-1.,0.));
#9673=DIRECTION('',(1.,0.,-7.97254150776633E-18));
#9674=DIRECTION('',(0.,-1.,0.));
#9675=DIRECTION('',(1.,0.,0.));
#9676=DIRECTION('',(0.,1.,0.));
#9677=DIRECTION('',(-1.,0.,0.));
#9678=DIRECTION('',(0.,-1.,0.));
#9679=DIRECTION('',(0.0429312173882388,-0.999078030272693,0.));
#9680=DIRECTION('',(1.,0.,0.));
#9681=DIRECTION('',(0.,1.,0.));
#9682=DIRECTION('',(-1.,2.87133578784218E-15,0.));
#9683=DIRECTION('',(0.,-1.,0.));
#9684=DIRECTION('',(1.,0.,0.));
#9685=DIRECTION('',(0.,1.,0.));
#9686=DIRECTION('',(1.,0.,0.));
#9687=DIRECTION('',(0.,1.,0.));
#9688=DIRECTION('',(-1.,0.,0.));
#9689=DIRECTION('center_axis',(-1.,0.,0.));
#9690=DIRECTION('ref_axis',(0.,1.,0.));
#9691=DIRECTION('',(0.,1.,0.));
#9692=DIRECTION('',(0.,0.,-1.));
#9693=DIRECTION('',(0.,0.,-1.));
#9694=DIRECTION('center_axis',(2.27565666127906E-15,-1.,0.));
#9695=DIRECTION('ref_axis',(-1.,-2.27565666127906E-15,0.));
#9696=DIRECTION('',(-1.,-2.27565666127906E-15,0.));
#9697=DIRECTION('',(0.,0.,-1.));
#9698=DIRECTION('center_axis',(1.,0.,0.));
#9699=DIRECTION('ref_axis',(0.,-1.,0.));
#9700=DIRECTION('',(0.,-1.,0.));
#9701=DIRECTION('',(0.,0.,1.));
#9702=DIRECTION('center_axis',(1.,0.,0.));
#9703=DIRECTION('ref_axis',(0.,-1.,0.));
#9704=DIRECTION('',(0.,-1.,0.));
#9705=DIRECTION('',(0.,0.,-1.));
#9706=DIRECTION('',(0.,0.,-1.));
#9707=DIRECTION('center_axis',(0.,1.,0.));
#9708=DIRECTION('ref_axis',(1.,0.,0.));
#9709=DIRECTION('',(1.,0.,0.));
#9710=DIRECTION('',(0.,0.,-1.));
#9711=DIRECTION('center_axis',(-1.,0.,0.));
#9712=DIRECTION('ref_axis',(0.,1.,0.));
#9713=DIRECTION('',(0.,1.,0.));
#9714=DIRECTION('',(0.,0.,-1.));
#9715=DIRECTION('center_axis',(-0.999078030272693,-0.0429312173882388,0.));
#9716=DIRECTION('ref_axis',(-0.0429312173882388,0.999078030272693,0.));
#9717=DIRECTION('',(-0.0429312173882388,0.999078030272693,0.));
#9718=DIRECTION('',(0.,0.,1.));
#9719=DIRECTION('center_axis',(1.,0.,0.));
#9720=DIRECTION('ref_axis',(0.,-1.,0.));
#9721=DIRECTION('',(0.,-1.,0.));
#9722=DIRECTION('',(0.,0.,1.));
#9723=DIRECTION('',(0.,0.,-1.));
#9724=DIRECTION('center_axis',(-1.,0.,0.));
#9725=DIRECTION('ref_axis',(0.,1.,0.));
#9726=DIRECTION('',(0.,1.,0.));
#9727=DIRECTION('',(0.,0.,-1.));
#9728=DIRECTION('',(0.,0.,-1.));
#9729=DIRECTION('center_axis',(2.04716639102081E-15,-1.,0.));
#9730=DIRECTION('ref_axis',(-1.,-2.04716639102081E-15,0.));
#9731=DIRECTION('',(-1.,-2.04716639102081E-15,0.));
#9732=DIRECTION('center_axis',(1.,0.,0.));
#9733=DIRECTION('ref_axis',(0.,-1.,0.));
#9734=DIRECTION('',(0.,-1.,0.));
#9735=DIRECTION('',(0.,0.,-1.));
#9736=DIRECTION('',(0.,0.,-1.));
#9737=DIRECTION('center_axis',(2.87133578784218E-15,1.,0.));
#9738=DIRECTION('ref_axis',(1.,-2.87133578784218E-15,0.));
#9739=DIRECTION('',(1.,-2.87133578784218E-15,0.));
#9740=DIRECTION('',(0.,0.,-1.));
#9741=DIRECTION('center_axis',(-1.,0.,0.));
#9742=DIRECTION('ref_axis',(0.,1.,0.));
#9743=DIRECTION('',(0.,1.,0.));
#9744=DIRECTION('',(0.,0.,1.));
#9745=DIRECTION('center_axis',(0.,-1.,0.));
#9746=DIRECTION('ref_axis',(-1.,0.,0.));
#9747=DIRECTION('',(-1.,0.,0.));
#9748=DIRECTION('',(0.,0.,-1.));
#9749=DIRECTION('',(0.,0.,-1.));
#9750=DIRECTION('center_axis',(1.,0.,0.));
#9751=DIRECTION('ref_axis',(0.,-1.,0.));
#9752=DIRECTION('',(0.,-1.,0.));
#9753=DIRECTION('',(0.,0.,-1.));
#9754=DIRECTION('center_axis',(0.,1.,0.));
#9755=DIRECTION('ref_axis',(1.,0.,0.));
#9756=DIRECTION('',(1.,0.,0.));
#9757=DIRECTION('center_axis',(0.,1.,0.));
#9758=DIRECTION('ref_axis',(0.819152044288992,0.,-0.573576436351046));
#9759=DIRECTION('',(-1.,0.,0.));
#9760=DIRECTION('center_axis',(0.,1.,0.));
#9761=DIRECTION('ref_axis',(0.819152044288992,0.,-0.573576436351046));
#9762=DIRECTION('',(-1.,0.,0.));
#9763=DIRECTION('',(0.819152044288992,0.,-0.573576436351046));
#9764=DIRECTION('center_axis',(0.,1.,0.));
#9765=DIRECTION('ref_axis',(0.819152044288992,0.,-0.573576436351046));
#9766=DIRECTION('',(-1.,0.,0.));
#9767=DIRECTION('center_axis',(0.,-1.,0.));
#9768=DIRECTION('ref_axis',(-0.819152044288992,0.,0.573576436351046));
#9769=DIRECTION('',(-0.819152044288992,0.,0.573576436351046));
#9770=DIRECTION('',(1.,0.,0.));
#9771=DIRECTION('center_axis',(0.,-1.,0.));
#9772=DIRECTION('ref_axis',(-0.819152044288992,0.,0.573576436351046));
#9773=DIRECTION('',(1.,0.,0.));
#9774=DIRECTION('center_axis',(0.,0.,1.));
#9775=DIRECTION('ref_axis',(1.,0.,0.));
#9776=DIRECTION('',(0.,-1.,0.));
#9777=DIRECTION('',(1.,0.,0.));
#9778=DIRECTION('',(0.,-1.,0.));
#9779=DIRECTION('',(1.,0.,0.));
#9780=DIRECTION('',(0.,1.,0.));
#9781=DIRECTION('',(-1.,0.,0.));
#9782=DIRECTION('',(0.,-1.,0.));
#9783=DIRECTION('',(0.,-1.,0.));
#9784=DIRECTION('',(-1.,0.,0.));
#9785=DIRECTION('',(-4.53747641332776E-33,1.,0.));
#9786=DIRECTION('',(1.,0.,0.));
#9787=DIRECTION('',(0.,1.,0.));
#9788=DIRECTION('center_axis',(0.,0.,-1.));
#9789=DIRECTION('ref_axis',(-1.,0.,0.));
#9790=DIRECTION('',(-1.,4.91291866029853E-16,0.));
#9791=DIRECTION('',(0.,1.,0.));
#9792=DIRECTION('',(1.,-5.2755386449611E-16,0.));
#9793=DIRECTION('',(0.70710678118655,0.707106781186545,0.));
#9794=DIRECTION('',(-2.9687197999009E-16,1.,0.));
#9795=DIRECTION('',(1.,0.,0.));
#9796=DIRECTION('',(3.63540148916292E-16,-1.,0.));
#9797=DIRECTION('',(-0.707106781186549,-0.707106781186546,0.));
#9798=DIRECTION('',(-0.70710678118655,0.707106781186545,0.));
#9799=DIRECTION('',(0.,1.,0.));
#9800=DIRECTION('',(1.,0.,0.));
#9801=DIRECTION('',(0.,-1.,0.));
#9802=DIRECTION('',(0.707106781186552,-0.707106781186543,0.));
#9803=DIRECTION('',(1.,-5.2755386449611E-16,0.));
#9804=DIRECTION('',(0.,-1.,0.));
#9805=DIRECTION('',(-1.,0.,0.));
#9806=DIRECTION('center_axis',(-1.,0.,0.));
#9807=DIRECTION('ref_axis',(0.,-1.,0.));
#9808=DIRECTION('center_axis',(0.,0.,1.));
#9809=DIRECTION('ref_axis',(1.,0.,0.));
#9810=DIRECTION('',(1.,0.,0.));
#9811=DIRECTION('',(0.,1.,0.));
#9812=DIRECTION('',(-1.,0.,0.));
#9813=DIRECTION('',(-0.707106781186551,0.707106781186544,0.));
#9814=DIRECTION('',(0.,1.,0.));
#9815=DIRECTION('',(-1.,0.,0.));
#9816=DIRECTION('',(0.,-1.,0.));
#9817=DIRECTION('',(0.70710678118655,-0.707106781186545,0.));
#9818=DIRECTION('center_axis',(0.,0.,1.));
#9819=DIRECTION('ref_axis',(1.,0.,0.));
#9820=DIRECTION('',(1.,0.,0.));
#9821=DIRECTION('',(0.707106781186549,0.707106781186546,0.));
#9822=DIRECTION('',(-3.63540148916292E-16,1.,0.));
#9823=DIRECTION('',(-1.,0.,0.));
#9824=DIRECTION('',(0.,-1.,0.));
#9825=DIRECTION('',(-0.707106781186549,-0.707106781186546,0.));
#9826=DIRECTION('',(-1.,0.,0.));
#9827=DIRECTION('',(0.,-1.,0.));
#9828=DIRECTION('center_axis',(0.707106781186546,-0.707106781186549,0.));
#9829=DIRECTION('ref_axis',(0.707106781186549,0.707106781186546,0.));
#9830=DIRECTION('',(0.,0.,-1.));
#9831=DIRECTION('',(0.,0.,1.));
#9832=DIRECTION('center_axis',(0.,1.,0.));
#9833=DIRECTION('ref_axis',(0.,0.,1.));
#9834=DIRECTION('',(0.,0.,1.));
#9835=DIRECTION('center_axis',(0.,1.,0.));
#9836=DIRECTION('ref_axis',(0.,0.,1.));
#9837=DIRECTION('',(0.,0.,-1.));
#9838=DIRECTION('',(0.,0.,1.));
#9839=DIRECTION('center_axis',(1.,0.,0.));
#9840=DIRECTION('ref_axis',(0.,1.,0.));
#9841=DIRECTION('',(0.,0.,1.));
#9842=DIRECTION('',(0.,1.,0.));
#9843=DIRECTION('',(0.,0.,1.));
#9844=DIRECTION('center_axis',(1.,0.,0.));
#9845=DIRECTION('ref_axis',(0.,1.,0.));
#9846=DIRECTION('',(0.,0.,1.));
#9847=DIRECTION('',(0.,1.,0.));
#9848=DIRECTION('',(0.,0.,1.));
#9849=DIRECTION('center_axis',(0.707106781186543,0.707106781186552,0.));
#9850=DIRECTION('ref_axis',(-0.707106781186552,0.707106781186543,0.));
#9851=DIRECTION('',(-0.707106781186552,0.707106781186543,0.));
#9852=DIRECTION('',(0.,0.,1.));
#9853=DIRECTION('center_axis',(5.2755386449611E-16,1.,0.));
#9854=DIRECTION('ref_axis',(-1.,5.2755386449611E-16,0.));
#9855=DIRECTION('',(-1.,5.2755386449611E-16,0.));
#9856=DIRECTION('center_axis',(0.,0.,1.));
#9857=DIRECTION('ref_axis',(1.,0.,0.));
#9858=DIRECTION('',(-1.,0.,0.));
#9859=DIRECTION('',(-1.,0.,0.));
#9860=DIRECTION('',(0.,1.,0.));
#9861=DIRECTION('',(-0.707106781186551,0.707106781186544,0.));
#9862=DIRECTION('center_axis',(0.,1.,0.));
#9863=DIRECTION('ref_axis',(-1.,0.,0.));
#9864=DIRECTION('',(0.,0.,1.));
#9865=DIRECTION('center_axis',(0.707106781186544,0.707106781186551,0.));
#9866=DIRECTION('ref_axis',(-0.707106781186551,0.707106781186544,0.));
#9867=DIRECTION('',(0.,0.,1.));
#9868=DIRECTION('center_axis',(5.2755386449611E-16,1.,0.));
#9869=DIRECTION('ref_axis',(-1.,5.2755386449611E-16,0.));
#9870=DIRECTION('',(0.,0.,1.));
#9871=DIRECTION('',(-1.,5.2755386449611E-16,0.));
#9872=DIRECTION('',(0.,0.,1.));
#9873=DIRECTION('center_axis',(-0.707106781186545,0.70710678118655,0.));
#9874=DIRECTION('ref_axis',(-0.70710678118655,-0.707106781186545,0.));
#9875=DIRECTION('',(-0.70710678118655,-0.707106781186545,0.));
#9876=DIRECTION('',(0.,0.,1.));
#9877=DIRECTION('center_axis',(-1.,-2.9687197999009E-16,0.));
#9878=DIRECTION('ref_axis',(2.9687197999009E-16,-1.,0.));
#9879=DIRECTION('',(2.9687197999009E-16,-1.,0.));
#9880=DIRECTION('',(0.,0.,1.));
#9881=DIRECTION('center_axis',(0.,0.,1.));
#9882=DIRECTION('ref_axis',(1.,0.,0.));
#9883=DIRECTION('',(0.,-1.,0.));
#9884=DIRECTION('',(-1.,0.,0.));
#9885=DIRECTION('',(0.,-1.,0.));
#9886=DIRECTION('',(-1.,0.,0.));
#9887=DIRECTION('',(-0.707106781186549,-0.707106781186546,0.));
#9888=DIRECTION('center_axis',(-0.707106781186545,-0.70710678118655,0.));
#9889=DIRECTION('ref_axis',(0.70710678118655,-0.707106781186545,0.));
#9890=DIRECTION('',(0.,0.,1.));
#9891=DIRECTION('center_axis',(-1.,0.,0.));
#9892=DIRECTION('ref_axis',(0.,-1.,0.));
#9893=DIRECTION('',(0.,0.,1.));
#9894=DIRECTION('center_axis',(0.,1.,0.));
#9895=DIRECTION('ref_axis',(-1.,0.,0.));
#9896=DIRECTION('',(0.,0.,1.));
#9897=DIRECTION('center_axis',(1.,0.,0.));
#9898=DIRECTION('ref_axis',(0.,1.,0.));
#9899=DIRECTION('center_axis',(-1.,0.,0.));
#9900=DIRECTION('ref_axis',(0.,-1.,0.));
#9901=DIRECTION('',(0.,0.,1.));
#9902=DIRECTION('',(0.,0.,1.));
#9903=DIRECTION('center_axis',(0.,1.,0.));
#9904=DIRECTION('ref_axis',(-1.,0.,0.));
#9905=DIRECTION('',(0.,0.,1.));
#9906=DIRECTION('center_axis',(1.,3.63540148916292E-16,0.));
#9907=DIRECTION('ref_axis',(-3.63540148916292E-16,1.,0.));
#9908=DIRECTION('center_axis',(-1.,0.,0.));
#9909=DIRECTION('ref_axis',(0.,-1.,0.));
#9910=DIRECTION('',(0.,0.,1.));
#9911=DIRECTION('center_axis',(0.,1.,0.));
#9912=DIRECTION('ref_axis',(-1.,0.,0.));
#9913=DIRECTION('',(0.,0.,1.));
#9914=DIRECTION('center_axis',(-0.707106781186546,0.707106781186549,0.));
#9915=DIRECTION('ref_axis',(-0.707106781186549,-0.707106781186546,0.));
#9916=DIRECTION('center_axis',(0.,0.,1.));
#9917=DIRECTION('ref_axis',(-1.,0.,0.));
#9918=DIRECTION('center_axis',(0.,0.,1.));
#9919=DIRECTION('ref_axis',(-1.,0.,0.));
#9920=DIRECTION('',(0.,0.,-1.));
#9921=DIRECTION('center_axis',(0.,0.,-1.));
#9922=DIRECTION('ref_axis',(-1.,0.,0.));
#9923=DIRECTION('center_axis',(0.,0.,1.));
#9924=DIRECTION('ref_axis',(-1.,0.,0.));
#9925=DIRECTION('center_axis',(-1.,0.,0.));
#9926=DIRECTION('ref_axis',(0.,-1.,0.));
#9927=DIRECTION('',(0.,0.,1.));
#9928=DIRECTION('',(0.,-1.,0.));
#9929=DIRECTION('',(0.,0.,1.));
#9930=DIRECTION('center_axis',(0.,0.,1.));
#9931=DIRECTION('ref_axis',(1.,-1.22464679914735E-16,0.));
#9932=DIRECTION('center_axis',(0.,0.,1.));
#9933=DIRECTION('ref_axis',(-1.,0.,0.));
#9934=DIRECTION('center_axis',(0.,0.,1.));
#9935=DIRECTION('ref_axis',(-1.,0.,0.));
#9936=DIRECTION('center_axis',(0.,-1.,0.));
#9937=DIRECTION('ref_axis',(-0.819152044288992,0.,0.573576436351046));
#9938=DIRECTION('',(0.819152044288992,0.,-0.573576436351046));
#9939=DIRECTION('',(-0.573576436351046,0.,-0.819152044288992));
#9940=DIRECTION('center_axis',(-0.573576436351046,-2.60258955118347E-33,
-0.819152044288992));
#9941=DIRECTION('ref_axis',(1.49278404005228E-33,-1.,2.13191655129711E-33));
#9942=DIRECTION('',(-0.819152044288992,0.,0.573576436351046));
#9943=DIRECTION('',(1.49278404005228E-33,-1.,2.13191655129711E-33));
#9944=DIRECTION('center_axis',(0.573576436351046,0.,0.819152044288992));
#9945=DIRECTION('ref_axis',(0.,1.,0.));
#9946=DIRECTION('',(-0.819152044288992,0.,0.573576436351046));
#9947=DIRECTION('',(0.819152044288992,0.,-0.573576436351046));
#9948=DIRECTION('center_axis',(-0.573576436351046,0.,-0.819152044288992));
#9949=DIRECTION('ref_axis',(-0.819152044288992,0.,0.573576436351046));
#9950=DIRECTION('',(0.819152044288992,0.,-0.573576436351046));
#9951=DIRECTION('center_axis',(0.,-1.,0.));
#9952=DIRECTION('ref_axis',(-0.819152044288992,0.,0.573576436351046));
#9953=DIRECTION('center_axis',(0.,-1.,0.));
#9954=DIRECTION('ref_axis',(0.,0.,-1.));
#9955=DIRECTION('center_axis',(-0.819152044288992,0.,0.573576436351046));
#9956=DIRECTION('ref_axis',(0.,1.,0.));
#9957=DIRECTION('',(-0.573576436351046,0.,-0.819152044288992));
#9958=DIRECTION('center_axis',(0.,1.,0.));
#9959=DIRECTION('ref_axis',(0.819152044288992,0.,-0.573576436351046));
#9960=DIRECTION('center_axis',(0.,1.,0.));
#9961=DIRECTION('ref_axis',(0.,0.,1.));
#9962=DIRECTION('',(-0.819152044288992,0.,0.573576436351046));
#9963=DIRECTION('center_axis',(-0.573576436351046,0.,-0.819152044288992));
#9964=DIRECTION('ref_axis',(-0.819152044288992,0.,0.573576436351046));
#9965=DIRECTION('center_axis',(0.,0.,-1.));
#9966=DIRECTION('ref_axis',(-1.,0.,0.));
#9967=DIRECTION('',(0.,-1.,0.));
#9968=DIRECTION('',(-1.,0.,0.));
#9969=DIRECTION('',(0.,1.,0.));
#9970=DIRECTION('',(1.,0.,0.));
#9971=DIRECTION('center_axis',(0.,0.,-1.));
#9972=DIRECTION('ref_axis',(-1.,0.,0.));
#9973=DIRECTION('',(-1.,0.,0.));
#9974=DIRECTION('',(0.,1.,0.));
#9975=DIRECTION('',(1.,0.,0.));
#9976=DIRECTION('',(0.,-1.,0.));
#9977=DIRECTION('center_axis',(0.,-1.77635683940025E-15,-1.));
#9978=DIRECTION('ref_axis',(-1.,0.,0.));
#9979=DIRECTION('',(-1.,0.,0.));
#9980=DIRECTION('',(0.,1.,0.));
#9981=DIRECTION('',(1.,0.,0.));
#9982=DIRECTION('',(0.,-1.,0.));
#9983=DIRECTION('center_axis',(0.,0.,-1.));
#9984=DIRECTION('ref_axis',(-1.,0.,0.));
#9985=DIRECTION('',(-0.707106781186547,0.,-0.707106781186547));
#9986=DIRECTION('center_axis',(0.,0.,1.));
#9987=DIRECTION('ref_axis',(-1.,0.,0.));
#9988=DIRECTION('',(-4.32978028117746E-17,-0.707106781186547,-0.707106781186548));
#9989=DIRECTION('center_axis',(0.,0.,-1.));
#9990=DIRECTION('ref_axis',(-1.,0.,0.));
#9991=DIRECTION('',(-0.707106781186548,0.,-0.707106781186547));
#9992=DIRECTION('',(4.32978028117747E-17,0.707106781186548,0.707106781186547));
#9993=DIRECTION('center_axis',(0.,0.,1.));
#9994=DIRECTION('ref_axis',(-1.,3.36547571150561E-15,0.));
#9995=DIRECTION('center_axis',(0.,0.,1.));
#9996=DIRECTION('ref_axis',(-1.,0.,0.));
#9997=DIRECTION('',(-0.707106781186548,0.,0.707106781186548));
#9998=DIRECTION('',(4.32978028117747E-17,0.707106781186548,-0.707106781186547));
#9999=DIRECTION('center_axis',(1.,-6.12323399573677E-17,0.));
#10000=DIRECTION('ref_axis',(6.12323399573677E-17,1.,0.));
#10001=DIRECTION('',(0.,0.,-1.));
#10002=DIRECTION('center_axis',(0.,-1.,0.));
#10003=DIRECTION('ref_axis',(1.,0.,0.));
#10004=DIRECTION('',(0.,0.,1.));
#10005=DIRECTION('',(0.,0.,-1.));
#10006=DIRECTION('',(0.819152044288991,0.,-0.573576436351047));
#10007=DIRECTION('',(2.05587050014785E-16,0.,-1.));
#10008=DIRECTION('',(0.,0.,-1.));
#10009=DIRECTION('',(0.,0.,1.));
#10010=DIRECTION('',(0.,0.,-1.));
#10011=DIRECTION('',(0.,0.,1.));
#10012=DIRECTION('',(0.,0.,-1.));
#10013=DIRECTION('',(0.,0.,1.));
#10014=DIRECTION('',(0.,0.,-1.));
#10015=DIRECTION('',(0.,0.,1.));
#10016=DIRECTION('',(0.,0.,-1.));
#10017=DIRECTION('',(0.,0.,1.));
#10018=DIRECTION('',(0.,0.,-1.));
#10019=DIRECTION('',(0.,0.,1.));
#10020=DIRECTION('center_axis',(0.,0.,-1.));
#10021=DIRECTION('ref_axis',(-1.,0.,0.));
#10022=DIRECTION('',(-0.707106781186548,0.,-0.707106781186548));
#10023=DIRECTION('center_axis',(0.,0.,1.));
#10024=DIRECTION('ref_axis',(-1.,2.65429439857024E-15,0.));
#10025=DIRECTION('',(-4.32978028117746E-17,-0.707106781186547,-0.707106781186548));
#10026=DIRECTION('center_axis',(0.,0.,-1.));
#10027=DIRECTION('ref_axis',(-1.,0.,0.));
#10028=DIRECTION('',(-0.707106781186548,0.,-0.707106781186547));
#10029=DIRECTION('',(4.32978028117746E-17,0.707106781186546,0.707106781186549));
#10030=DIRECTION('center_axis',(0.,0.,1.));
#10031=DIRECTION('ref_axis',(-1.,3.36547571150565E-15,0.));
#10032=DIRECTION('center_axis',(0.,0.,1.));
#10033=DIRECTION('ref_axis',(-1.,0.,0.));
#10034=DIRECTION('',(-0.707106781186548,0.,0.707106781186548));
#10035=DIRECTION('',(4.32978028117747E-17,0.707106781186548,-0.707106781186548));
#10036=DIRECTION('center_axis',(1.,-6.12323399573677E-17,0.));
#10037=DIRECTION('ref_axis',(6.12323399573677E-17,1.,0.));
#10038=DIRECTION('center_axis',(0.,0.,-1.));
#10039=DIRECTION('ref_axis',(-1.,0.,0.));
#10040=DIRECTION('',(-0.707106781186547,0.,-0.707106781186547));
#10041=DIRECTION('center_axis',(0.,0.,1.));
#10042=DIRECTION('ref_axis',(-1.,0.,0.));
#10043=DIRECTION('',(-4.32978028117747E-17,-0.707106781186548,-0.707106781186548));
#10044=DIRECTION('center_axis',(0.,0.,-1.));
#10045=DIRECTION('ref_axis',(-1.,0.,0.));
#10046=DIRECTION('',(-0.707106781186548,0.,-0.707106781186547));
#10047=DIRECTION('',(4.32978028117747E-17,0.707106781186549,0.707106781186546));
#10048=DIRECTION('center_axis',(0.,0.,1.));
#10049=DIRECTION('ref_axis',(-1.,3.36547571150565E-15,0.));
#10050=DIRECTION('center_axis',(0.,0.,1.));
#10051=DIRECTION('ref_axis',(-1.,0.,0.));
#10052=DIRECTION('',(-0.707106781186548,0.,0.707106781186548));
#10053=DIRECTION('',(4.32978028117744E-17,0.707106781186543,-0.707106781186552));
#10054=DIRECTION('center_axis',(1.,-6.12323399573677E-17,0.));
#10055=DIRECTION('ref_axis',(6.12323399573677E-17,1.,0.));
#10056=DIRECTION('center_axis',(0.,0.,-1.));
#10057=DIRECTION('ref_axis',(-1.,0.,0.));
#10058=DIRECTION('',(-0.707106781186548,0.,-0.707106781186548));
#10059=DIRECTION('center_axis',(0.,0.,1.));
#10060=DIRECTION('ref_axis',(-1.,0.,0.));
#10061=DIRECTION('',(-4.32978028117747E-17,-0.707106781186548,-0.707106781186547));
#10062=DIRECTION('center_axis',(0.,0.,-1.));
#10063=DIRECTION('ref_axis',(-1.,0.,0.));
#10064=DIRECTION('',(-0.707106781186548,0.,-0.707106781186547));
#10065=DIRECTION('',(4.32978028117747E-17,0.707106781186548,0.707106781186547));
#10066=DIRECTION('center_axis',(0.,0.,1.));
#10067=DIRECTION('ref_axis',(-1.,3.36547571150561E-15,0.));
#10068=DIRECTION('center_axis',(0.,0.,1.));
#10069=DIRECTION('ref_axis',(-1.,0.,0.));
#10070=DIRECTION('',(-0.707106781186548,0.,0.707106781186548));
#10071=DIRECTION('',(4.32978028117747E-17,0.707106781186548,-0.707106781186548));
#10072=DIRECTION('center_axis',(1.,-6.12323399573677E-17,0.));
#10073=DIRECTION('ref_axis',(6.12323399573677E-17,1.,0.));
#10074=DIRECTION('center_axis',(0.,0.,-1.));
#10075=DIRECTION('ref_axis',(-1.,0.,0.));
#10076=DIRECTION('',(-0.707106781186548,0.,-0.707106781186547));
#10077=DIRECTION('center_axis',(0.,0.,1.));
#10078=DIRECTION('ref_axis',(-1.,-5.30858879714045E-15,0.));
#10079=DIRECTION('',(-4.32978028117747E-17,-0.707106781186549,-0.707106781186546));
#10080=DIRECTION('center_axis',(0.,0.,-1.));
#10081=DIRECTION('ref_axis',(-1.,0.,0.));
#10082=DIRECTION('',(-0.707106781186548,0.,-0.707106781186547));
#10083=DIRECTION('',(4.32978028117747E-17,0.707106781186548,0.707106781186547));
#10084=DIRECTION('center_axis',(0.,0.,1.));
#10085=DIRECTION('ref_axis',(-1.,-3.36547571150561E-15,0.));
#10086=DIRECTION('center_axis',(0.,0.,1.));
#10087=DIRECTION('ref_axis',(-1.,0.,0.));
#10088=DIRECTION('',(-0.707106781186548,0.,0.707106781186548));
#10089=DIRECTION('',(4.32978028117747E-17,0.707106781186548,-0.707106781186548));
#10090=DIRECTION('center_axis',(1.,-6.12323399573677E-17,0.));
#10091=DIRECTION('ref_axis',(6.12323399573677E-17,1.,0.));
#10092=DIRECTION('center_axis',(0.,0.,-1.));
#10093=DIRECTION('ref_axis',(-1.,0.,0.));
#10094=DIRECTION('',(-0.707106781186548,0.,-0.707106781186548));
#10095=DIRECTION('center_axis',(0.,0.,1.));
#10096=DIRECTION('ref_axis',(-1.,-2.65429439857024E-15,0.));
#10097=DIRECTION('',(-4.32978028117747E-17,-0.707106781186547,-0.707106781186547));
#10098=DIRECTION('center_axis',(0.,0.,-1.));
#10099=DIRECTION('ref_axis',(-1.,0.,0.));
#10100=DIRECTION('',(-0.707106781186548,0.,-0.707106781186547));
#10101=DIRECTION('',(4.32978028117747E-17,0.707106781186547,0.707106781186547));
#10102=DIRECTION('center_axis',(0.,0.,1.));
#10103=DIRECTION('ref_axis',(-1.,-3.36547571150565E-15,0.));
#10104=DIRECTION('center_axis',(0.,0.,1.));
#10105=DIRECTION('ref_axis',(-1.,0.,0.));
#10106=DIRECTION('',(-0.707106781186548,0.,0.707106781186548));
#10107=DIRECTION('',(4.32978028117747E-17,0.707106781186548,-0.707106781186548));
#10108=DIRECTION('center_axis',(1.,-6.12323399573677E-17,0.));
#10109=DIRECTION('ref_axis',(6.12323399573677E-17,1.,0.));
#10110=DIRECTION('center_axis',(0.,0.,-1.));
#10111=DIRECTION('ref_axis',(-1.,0.,0.));
#10112=DIRECTION('',(-0.707106781186548,0.,-0.707106781186548));
#10113=DIRECTION('center_axis',(0.,0.,1.));
#10114=DIRECTION('ref_axis',(-1.,-2.65429439857022E-15,0.));
#10115=DIRECTION('',(-4.32978028117746E-17,-0.707106781186547,-0.707106781186548));
#10116=DIRECTION('center_axis',(0.,0.,-1.));
#10117=DIRECTION('ref_axis',(-1.,0.,0.));
#10118=DIRECTION('',(-0.707106781186548,0.,-0.707106781186547));
#10119=DIRECTION('',(4.32978028117747E-17,0.707106781186548,0.707106781186547));
#10120=DIRECTION('center_axis',(0.,0.,1.));
#10121=DIRECTION('ref_axis',(-1.,0.,0.));
#10122=DIRECTION('center_axis',(0.,0.,1.));
#10123=DIRECTION('ref_axis',(-1.,0.,0.));
#10124=DIRECTION('',(-0.707106781186548,0.,0.707106781186548));
#10125=DIRECTION('',(4.32978028117747E-17,0.707106781186549,-0.707106781186546));
#10126=DIRECTION('center_axis',(1.,-6.12323399573677E-17,0.));
#10127=DIRECTION('ref_axis',(6.12323399573677E-17,1.,0.));
#10128=DIRECTION('center_axis',(0.,0.,-1.));
#10129=DIRECTION('ref_axis',(-1.,0.,0.));
#10130=DIRECTION('',(0.707106781186547,0.,0.707106781186547));
#10131=DIRECTION('',(4.32978028117746E-17,-0.707106781186547,0.707106781186548));
#10132=DIRECTION('center_axis',(1.00125523993112E-16,-1.00125523993112E-16,
-1.));
#10133=DIRECTION('ref_axis',(-1.,1.65893399910639E-16,-8.29466999553195E-17));
#10134=DIRECTION('center_axis',(0.,0.,1.));
#10135=DIRECTION('ref_axis',(-1.,0.,0.));
#10136=DIRECTION('',(0.707106781186548,0.,-0.707106781186548));
#10137=DIRECTION('',(-4.32978028117747E-17,0.707106781186548,0.707106781186547));
#10138=DIRECTION('center_axis',(2.53905534579816E-16,-2.53905534579816E-16,
-1.));
#10139=DIRECTION('ref_axis',(-1.,4.20684463938202E-16,-2.10342231969101E-16));
#10140=DIRECTION('center_axis',(0.,0.,-1.));
#10141=DIRECTION('ref_axis',(-1.,0.,0.));
#10142=DIRECTION('',(-0.707106781186548,0.,-0.707106781186547));
#10143=DIRECTION('',(-4.32978028117747E-17,0.707106781186548,-0.707106781186547));
#10144=DIRECTION('center_axis',(1.,6.12323399573677E-17,0.));
#10145=DIRECTION('ref_axis',(-6.12323399573677E-17,1.,0.));
#10146=DIRECTION('',(0.,0.,1.));
#10147=DIRECTION('center_axis',(0.,1.,0.));
#10148=DIRECTION('ref_axis',(0.,0.,1.));
#10149=DIRECTION('',(-2.05587050014785E-16,0.,1.));
#10150=DIRECTION('',(0.,0.,1.));
#10151=DIRECTION('',(-2.05587050014785E-16,0.,1.));
#10152=DIRECTION('',(0.,0.,1.));
#10153=DIRECTION('',(-2.05587050014785E-16,0.,1.));
#10154=DIRECTION('',(0.,0.,1.));
#10155=DIRECTION('',(-2.05587050014785E-16,0.,1.));
#10156=DIRECTION('',(0.,0.,1.));
#10157=DIRECTION('',(-2.05587050014785E-16,0.,1.));
#10158=DIRECTION('',(0.,0.,1.));
#10159=DIRECTION('',(-2.05587050014785E-16,0.,1.));
#10160=DIRECTION('',(0.,0.,1.));
#10161=DIRECTION('',(-2.05587050014785E-16,0.,1.));
#10162=DIRECTION('',(0.819152044288991,0.,-0.573576436351047));
#10163=DIRECTION('',(-3.42830546405885E-15,0.,-1.));
#10164=DIRECTION('',(0.,0.,-1.));
#10165=DIRECTION('center_axis',(0.,0.,-1.));
#10166=DIRECTION('ref_axis',(-1.,0.,0.));
#10167=DIRECTION('',(0.707106781186548,0.,0.707106781186548));
#10168=DIRECTION('',(4.32978028117746E-17,-0.707106781186547,0.707106781186548));
#10169=DIRECTION('center_axis',(0.,0.,-1.));
#10170=DIRECTION('ref_axis',(-1.,4.97680199731921E-16,0.));
#10171=DIRECTION('center_axis',(0.,0.,1.));
#10172=DIRECTION('ref_axis',(-1.,0.,0.));
#10173=DIRECTION('',(0.707106781186548,0.,-0.707106781186548));
#10174=DIRECTION('',(-4.32978028117747E-17,0.707106781186548,0.707106781186548));
#10175=DIRECTION('center_axis',(0.,0.,-1.));
#10176=DIRECTION('ref_axis',(-1.,4.20684463938206E-16,0.));
#10177=DIRECTION('center_axis',(0.,0.,-1.));
#10178=DIRECTION('ref_axis',(-1.,0.,0.));
#10179=DIRECTION('',(-0.707106781186548,0.,-0.707106781186547));
#10180=DIRECTION('',(-4.32978028117746E-17,0.707106781186546,-0.707106781186549));
#10181=DIRECTION('center_axis',(1.,6.12323399573677E-17,0.));
#10182=DIRECTION('ref_axis',(-6.12323399573677E-17,1.,0.));
#10183=DIRECTION('center_axis',(0.,0.,-1.));
#10184=DIRECTION('ref_axis',(-1.,0.,0.));
#10185=DIRECTION('',(0.707106781186547,0.,0.707106781186547));
#10186=DIRECTION('',(4.32978028117747E-17,-0.707106781186548,0.707106781186548));
#10187=DIRECTION('center_axis',(0.,0.,-1.));
#10188=DIRECTION('ref_axis',(-1.,-2.32250759874898E-15,0.));
#10189=DIRECTION('center_axis',(0.,0.,1.));
#10190=DIRECTION('ref_axis',(-1.,0.,0.));
#10191=DIRECTION('',(0.707106781186548,0.,-0.707106781186548));
#10192=DIRECTION('',(-4.32978028117744E-17,0.707106781186543,0.707106781186552));
#10193=DIRECTION('center_axis',(0.,0.,-1.));
#10194=DIRECTION('ref_axis',(-1.,4.20684463938206E-16,0.));
#10195=DIRECTION('center_axis',(0.,0.,-1.));
#10196=DIRECTION('ref_axis',(-1.,0.,0.));
#10197=DIRECTION('',(-0.707106781186548,0.,-0.707106781186547));
#10198=DIRECTION('',(-4.32978028117747E-17,0.707106781186549,-0.707106781186546));
#10199=DIRECTION('center_axis',(1.,6.12323399573677E-17,0.));
#10200=DIRECTION('ref_axis',(-6.12323399573677E-17,1.,0.));
#10201=DIRECTION('center_axis',(0.,0.,-1.));
#10202=DIRECTION('ref_axis',(-1.,0.,0.));
#10203=DIRECTION('',(0.707106781186548,0.,0.707106781186548));
#10204=DIRECTION('',(4.32978028117747E-17,-0.707106781186548,0.707106781186547));
#10205=DIRECTION('center_axis',(0.,0.,-1.));
#10206=DIRECTION('ref_axis',(-1.,1.65893399910639E-16,0.));
#10207=DIRECTION('center_axis',(0.,0.,1.));
#10208=DIRECTION('ref_axis',(-1.,0.,0.));
#10209=DIRECTION('',(0.707106781186548,0.,-0.707106781186548));
#10210=DIRECTION('',(-4.32978028117747E-17,0.707106781186548,0.707106781186548));
#10211=DIRECTION('center_axis',(0.,0.,-1.));
#10212=DIRECTION('ref_axis',(-1.,4.20684463938202E-16,0.));
#10213=DIRECTION('center_axis',(0.,0.,-1.));
#10214=DIRECTION('ref_axis',(-1.,0.,0.));
#10215=DIRECTION('',(-0.707106781186548,0.,-0.707106781186547));
#10216=DIRECTION('',(-4.32978028117747E-17,0.707106781186548,-0.707106781186547));
#10217=DIRECTION('center_axis',(1.,6.12323399573677E-17,0.));
#10218=DIRECTION('ref_axis',(-6.12323399573677E-17,1.,0.));
#10219=DIRECTION('center_axis',(0.,0.,-1.));
#10220=DIRECTION('ref_axis',(-1.,0.,0.));
#10221=DIRECTION('',(0.707106781186548,0.,0.707106781186547));
#10222=DIRECTION('',(4.32978028117747E-17,-0.707106781186549,0.707106781186546));
#10223=DIRECTION('center_axis',(0.,0.,-1.));
#10224=DIRECTION('ref_axis',(-1.,-9.95360399463839E-16,0.));
#10225=DIRECTION('center_axis',(0.,0.,1.));
#10226=DIRECTION('ref_axis',(-1.,0.,0.));
#10227=DIRECTION('',(0.707106781186548,0.,-0.707106781186548));
#10228=DIRECTION('',(-4.32978028117747E-17,0.707106781186548,0.707106781186548));
#10229=DIRECTION('center_axis',(0.,0.,-1.));
#10230=DIRECTION('ref_axis',(-1.,-1.68273785575282E-15,0.));
#10231=DIRECTION('center_axis',(0.,0.,-1.));
#10232=DIRECTION('ref_axis',(-1.,0.,0.));
#10233=DIRECTION('',(-0.707106781186548,0.,-0.707106781186547));
#10234=DIRECTION('',(-4.32978028117747E-17,0.707106781186548,-0.707106781186547));
#10235=DIRECTION('center_axis',(1.,6.12323399573677E-17,0.));
#10236=DIRECTION('ref_axis',(-6.12323399573677E-17,1.,0.));
#10237=DIRECTION('center_axis',(0.,0.,-1.));
#10238=DIRECTION('ref_axis',(-1.,0.,0.));
#10239=DIRECTION('',(0.707106781186548,0.,0.707106781186548));
#10240=DIRECTION('',(4.32978028117747E-17,-0.707106781186547,0.707106781186547));
#10241=DIRECTION('center_axis',(0.,0.,-1.));
#10242=DIRECTION('ref_axis',(-1.,-2.32250759874898E-15,0.));
#10243=DIRECTION('center_axis',(0.,0.,1.));
#10244=DIRECTION('ref_axis',(-1.,0.,0.));
#10245=DIRECTION('',(0.707106781186548,0.,-0.707106781186548));
#10246=DIRECTION('',(-4.32978028117747E-17,0.707106781186548,0.707106781186548));
#10247=DIRECTION('center_axis',(0.,0.,-1.));
#10248=DIRECTION('ref_axis',(-1.,-2.94479124756747E-15,0.));
#10249=DIRECTION('center_axis',(0.,0.,-1.));
#10250=DIRECTION('ref_axis',(-1.,0.,0.));
#10251=DIRECTION('',(-0.707106781186548,0.,-0.707106781186547));
#10252=DIRECTION('',(-4.32978028117747E-17,0.707106781186547,-0.707106781186547));
#10253=DIRECTION('center_axis',(1.,6.12323399573677E-17,0.));
#10254=DIRECTION('ref_axis',(-6.12323399573677E-17,1.,0.));
#10255=DIRECTION('center_axis',(0.,0.,-1.));
#10256=DIRECTION('ref_axis',(-1.,0.,0.));
#10257=DIRECTION('',(0.707106781186548,0.,0.707106781186548));
#10258=DIRECTION('',(4.32978028117746E-17,-0.707106781186547,0.707106781186548));
#10259=DIRECTION('center_axis',(0.,0.,-1.));
#10260=DIRECTION('ref_axis',(-1.,-2.65429439857024E-15,0.));
#10261=DIRECTION('center_axis',(0.,0.,1.));
#10262=DIRECTION('ref_axis',(-1.,0.,0.));
#10263=DIRECTION('',(0.707106781186548,0.,-0.707106781186548));
#10264=DIRECTION('',(-4.32978028117747E-17,0.707106781186549,0.707106781186546));
#10265=DIRECTION('center_axis',(0.,0.,-1.));
#10266=DIRECTION('ref_axis',(-1.,-3.78616017544384E-15,0.));
#10267=DIRECTION('center_axis',(0.,0.,-1.));
#10268=DIRECTION('ref_axis',(-1.,0.,0.));
#10269=DIRECTION('',(-0.707106781186548,0.,-0.707106781186547));
#10270=DIRECTION('',(-4.32978028117747E-17,0.707106781186548,-0.707106781186547));
#10271=DIRECTION('center_axis',(1.,6.12323399573677E-17,0.));
#10272=DIRECTION('ref_axis',(-6.12323399573677E-17,1.,0.));
#10273=DIRECTION('center_axis',(0.,1.,0.));
#10274=DIRECTION('ref_axis',(-1.,0.,0.));
#10275=DIRECTION('',(-0.707106781186548,0.,-0.707106781186547));
#10276=DIRECTION('',(0.707106781186545,0.,-0.70710678118655));
#10277=DIRECTION('',(0.707106781186548,0.,0.707106781186548));
#10278=DIRECTION('',(0.,0.,1.));
#10279=DIRECTION('center_axis',(0.,1.,0.));
#10280=DIRECTION('ref_axis',(-1.,0.,0.));
#10281=DIRECTION('',(0.707106781186547,0.,0.707106781186547));
#10282=DIRECTION('',(0.,0.,1.));
#10283=DIRECTION('',(-0.707106781186548,0.,-0.707106781186547));
#10284=DIRECTION('',(0.707106781186545,0.,-0.70710678118655));
#10285=DIRECTION('center_axis',(0.,1.,0.));
#10286=DIRECTION('ref_axis',(-1.,0.,0.));
#10287=DIRECTION('',(0.707106781186548,0.,0.707106781186548));
#10288=DIRECTION('',(0.,0.,1.));
#10289=DIRECTION('',(-0.707106781186548,0.,-0.707106781186547));
#10290=DIRECTION('',(0.707106781186545,0.,-0.70710678118655));
#10291=DIRECTION('center_axis',(0.,1.,0.));
#10292=DIRECTION('ref_axis',(-1.,0.,0.));
#10293=DIRECTION('',(0.707106781186548,0.,0.707106781186547));
#10294=DIRECTION('',(0.,0.,1.));
#10295=DIRECTION('',(-0.707106781186548,0.,-0.707106781186547));
#10296=DIRECTION('',(0.707106781186543,0.,-0.707106781186552));
#10297=DIRECTION('center_axis',(0.,1.,0.));
#10298=DIRECTION('ref_axis',(-1.,0.,0.));
#10299=DIRECTION('',(0.707106781186548,0.,0.707106781186548));
#10300=DIRECTION('',(0.,0.,1.));
#10301=DIRECTION('',(-0.707106781186548,0.,-0.707106781186547));
#10302=DIRECTION('',(0.707106781186545,0.,-0.70710678118655));
#10303=DIRECTION('center_axis',(0.,1.,0.));
#10304=DIRECTION('ref_axis',(-1.,0.,0.));
#10305=DIRECTION('',(0.707106781186548,0.,0.707106781186548));
#10306=DIRECTION('',(0.,0.,1.));
#10307=DIRECTION('',(-0.707106781186548,0.,-0.707106781186547));
#10308=DIRECTION('',(0.707106781186548,0.,-0.707106781186548));
#10309=DIRECTION('center_axis',(0.,1.,0.));
#10310=DIRECTION('ref_axis',(-1.,0.,0.));
#10311=DIRECTION('',(0.707106781186548,0.,0.707106781186548));
#10312=DIRECTION('',(0.,0.,1.));
#10313=DIRECTION('',(-0.707106781186548,0.,-0.707106781186547));
#10314=DIRECTION('',(0.707106781186545,0.,-0.70710678118655));
#10315=DIRECTION('center_axis',(-0.707106781186548,0.,0.707106781186548));
#10316=DIRECTION('ref_axis',(0.707106781186548,0.,0.707106781186548));
#10317=DIRECTION('',(0.,-1.,0.));
#10318=DIRECTION('',(-0.707106781186548,0.,-0.707106781186548));
#10319=DIRECTION('',(-0.707106781186548,0.,-0.707106781186548));
#10320=DIRECTION('',(0.,1.,0.));
#10321=DIRECTION('',(0.,1.,0.));
#10322=DIRECTION('',(0.,1.,0.));
#10323=DIRECTION('',(0.707106781186548,0.,0.707106781186548));
#10324=DIRECTION('',(-0.707106781186548,0.,-0.707106781186548));
#10325=DIRECTION('',(0.,1.,0.));
#10326=DIRECTION('',(0.707106781186548,0.,0.707106781186548));
#10327=DIRECTION('',(0.,-1.,0.));
#10328=DIRECTION('center_axis',(0.70710678118655,0.,0.707106781186545));
#10329=DIRECTION('ref_axis',(0.707106781186545,0.,-0.70710678118655));
#10330=DIRECTION('',(0.,1.,0.));
#10331=DIRECTION('',(0.707106781186545,0.,-0.70710678118655));
#10332=DIRECTION('center_axis',(0.707106781186547,0.,-0.707106781186548));
#10333=DIRECTION('ref_axis',(-0.707106781186548,0.,-0.707106781186547));
#10334=DIRECTION('',(-0.707106781186548,0.,-0.707106781186547));
#10335=DIRECTION('',(0.,-1.,0.));
#10336=DIRECTION('',(0.,-1.,0.));
#10337=DIRECTION('',(0.,-1.,0.));
#10338=DIRECTION('',(0.707106781186548,0.,0.707106781186547));
#10339=DIRECTION('',(0.707106781186548,0.,0.707106781186547));
#10340=DIRECTION('',(0.707106781186548,0.,0.707106781186547));
#10341=DIRECTION('',(0.,1.,0.));
#10342=DIRECTION('',(-0.707106781186548,0.,-0.707106781186547));
#10343=DIRECTION('',(0.,-1.,0.));
#10344=DIRECTION('center_axis',(-0.707106781186548,0.,0.707106781186548));
#10345=DIRECTION('ref_axis',(0.707106781186548,0.,0.707106781186548));
#10346=DIRECTION('',(0.,1.,0.));
#10347=DIRECTION('',(-0.707106781186548,0.,-0.707106781186548));
#10348=DIRECTION('',(-0.707106781186548,0.,-0.707106781186548));
#10349=DIRECTION('',(0.,1.,0.));
#10350=DIRECTION('',(0.,1.,0.));
#10351=DIRECTION('',(0.,1.,0.));
#10352=DIRECTION('',(0.707106781186548,0.,0.707106781186548));
#10353=DIRECTION('',(0.,1.,0.));
#10354=DIRECTION('',(0.707106781186548,0.,0.707106781186548));
#10355=DIRECTION('',(0.,-1.,0.));
#10356=DIRECTION('',(-0.707106781186548,0.,-0.707106781186548));
#10357=DIRECTION('center_axis',(0.707106781186548,0.,0.707106781186548));
#10358=DIRECTION('ref_axis',(0.707106781186548,0.,-0.707106781186548));
#10359=DIRECTION('',(0.,1.,0.));
#10360=DIRECTION('',(-0.707106781186548,0.,0.707106781186548));
#10361=DIRECTION('center_axis',(0.707106781186547,0.,-0.707106781186548));
#10362=DIRECTION('ref_axis',(-0.707106781186548,0.,-0.707106781186547));
#10363=DIRECTION('',(-0.707106781186548,0.,-0.707106781186547));
#10364=DIRECTION('',(0.,-1.,0.));
#10365=DIRECTION('',(0.,-1.,0.));
#10366=DIRECTION('',(0.,-1.,0.));
#10367=DIRECTION('',(0.707106781186548,0.,0.707106781186547));
#10368=DIRECTION('',(0.707106781186548,0.,0.707106781186547));
#10369=DIRECTION('',(0.,-1.,0.));
#10370=DIRECTION('',(0.707106781186548,0.,0.707106781186547));
#10371=DIRECTION('',(0.,1.,0.));
#10372=DIRECTION('',(-0.707106781186548,0.,-0.707106781186547));
#10373=DIRECTION('center_axis',(-0.707106781186548,0.,0.707106781186548));
#10374=DIRECTION('ref_axis',(0.707106781186548,0.,0.707106781186548));
#10375=DIRECTION('',(0.,1.,0.));
#10376=DIRECTION('',(-0.707106781186548,0.,-0.707106781186548));
#10377=DIRECTION('',(-0.707106781186548,0.,-0.707106781186548));
#10378=DIRECTION('',(0.,1.,0.));
#10379=DIRECTION('',(0.,1.,0.));
#10380=DIRECTION('',(0.,1.,0.));
#10381=DIRECTION('',(0.707106781186548,0.,0.707106781186548));
#10382=DIRECTION('',(0.,-1.,0.));
#10383=DIRECTION('',(-0.707106781186548,0.,-0.707106781186548));
#10384=DIRECTION('',(0.,1.,0.));
#10385=DIRECTION('',(0.707106781186548,0.,0.707106781186548));
#10386=DIRECTION('center_axis',(0.70710678118655,0.,0.707106781186545));
#10387=DIRECTION('ref_axis',(0.707106781186545,0.,-0.70710678118655));
#10388=DIRECTION('',(0.,1.,0.));
#10389=DIRECTION('',(-0.707106781186545,0.,0.70710678118655));
#10390=DIRECTION('center_axis',(0.707106781186547,0.,-0.707106781186548));
#10391=DIRECTION('ref_axis',(-0.707106781186548,0.,-0.707106781186547));
#10392=DIRECTION('',(-0.707106781186548,0.,-0.707106781186547));
#10393=DIRECTION('',(0.,-1.,0.));
#10394=DIRECTION('',(0.,-1.,0.));
#10395=DIRECTION('',(0.,-1.,0.));
#10396=DIRECTION('',(0.707106781186548,0.,0.707106781186547));
#10397=DIRECTION('',(0.707106781186548,0.,0.707106781186547));
#10398=DIRECTION('',(0.,1.,0.));
#10399=DIRECTION('',(-0.707106781186548,0.,-0.707106781186547));
#10400=DIRECTION('',(0.,-1.,0.));
#10401=DIRECTION('',(0.707106781186548,0.,0.707106781186547));
#10402=DIRECTION('center_axis',(-0.707106781186547,0.,0.707106781186548));
#10403=DIRECTION('ref_axis',(0.707106781186548,0.,0.707106781186547));
#10404=DIRECTION('',(0.,1.,0.));
#10405=DIRECTION('',(-0.707106781186548,0.,-0.707106781186547));
#10406=DIRECTION('',(-0.707106781186548,0.,-0.707106781186547));
#10407=DIRECTION('',(0.,1.,0.));
#10408=DIRECTION('',(0.,1.,0.));
#10409=DIRECTION('',(0.,1.,0.));
#10410=DIRECTION('',(0.707106781186548,0.,0.707106781186547));
#10411=DIRECTION('',(0.707106781186548,0.,0.707106781186547));
#10412=DIRECTION('',(0.,-1.,0.));
#10413=DIRECTION('',(-0.707106781186548,0.,-0.707106781186547));
#10414=DIRECTION('',(0.,1.,0.));
#10415=DIRECTION('center_axis',(0.707106781186552,0.,0.707106781186543));
#10416=DIRECTION('ref_axis',(0.707106781186543,0.,-0.707106781186552));
#10417=DIRECTION('',(0.,1.,0.));
#10418=DIRECTION('',(-0.707106781186543,0.,0.707106781186552));
#10419=DIRECTION('center_axis',(0.707106781186547,0.,-0.707106781186548));
#10420=DIRECTION('ref_axis',(-0.707106781186548,0.,-0.707106781186547));
#10421=DIRECTION('',(-0.707106781186548,0.,-0.707106781186547));
#10422=DIRECTION('',(0.,-1.,0.));
#10423=DIRECTION('',(0.,-1.,0.));
#10424=DIRECTION('',(0.,-1.,0.));
#10425=DIRECTION('',(0.707106781186548,0.,0.707106781186547));
#10426=DIRECTION('',(0.707106781186548,0.,0.707106781186547));
#10427=DIRECTION('',(-0.707106781186548,0.,-0.707106781186547));
#10428=DIRECTION('',(0.,-1.,0.));
#10429=DIRECTION('',(0.707106781186548,0.,0.707106781186547));
#10430=DIRECTION('',(0.,1.,0.));
#10431=DIRECTION('center_axis',(-0.707106781186548,0.,0.707106781186548));
#10432=DIRECTION('ref_axis',(0.707106781186548,0.,0.707106781186548));
#10433=DIRECTION('',(0.,1.,0.));
#10434=DIRECTION('',(-0.707106781186548,0.,-0.707106781186548));
#10435=DIRECTION('',(-0.707106781186548,0.,-0.707106781186548));
#10436=DIRECTION('',(0.,1.,0.));
#10437=DIRECTION('',(0.,1.,0.));
#10438=DIRECTION('',(0.,1.,0.));
#10439=DIRECTION('',(0.707106781186548,0.,0.707106781186548));
#10440=DIRECTION('',(0.,1.,0.));
#10441=DIRECTION('',(0.707106781186548,0.,0.707106781186548));
#10442=DIRECTION('',(0.,-1.,0.));
#10443=DIRECTION('',(-0.707106781186548,0.,-0.707106781186548));
#10444=DIRECTION('center_axis',(0.70710678118655,0.,0.707106781186545));
#10445=DIRECTION('ref_axis',(0.707106781186545,0.,-0.70710678118655));
#10446=DIRECTION('',(0.,1.,0.));
#10447=DIRECTION('',(-0.707106781186545,0.,0.70710678118655));
#10448=DIRECTION('center_axis',(0.707106781186547,0.,-0.707106781186548));
#10449=DIRECTION('ref_axis',(-0.707106781186548,0.,-0.707106781186547));
#10450=DIRECTION('',(-0.707106781186548,0.,-0.707106781186547));
#10451=DIRECTION('',(0.,-1.,0.));
#10452=DIRECTION('',(0.,-1.,0.));
#10453=DIRECTION('',(0.,-1.,0.));
#10454=DIRECTION('',(0.707106781186548,0.,0.707106781186547));
#10455=DIRECTION('',(0.707106781186548,0.,0.707106781186547));
#10456=DIRECTION('',(0.,-1.,0.));
#10457=DIRECTION('',(0.707106781186548,0.,0.707106781186547));
#10458=DIRECTION('',(0.,1.,0.));
#10459=DIRECTION('',(-0.707106781186548,0.,-0.707106781186547));
#10460=DIRECTION('center_axis',(0.70710678118655,0.,0.707106781186545));
#10461=DIRECTION('ref_axis',(0.707106781186545,0.,-0.70710678118655));
#10462=DIRECTION('',(0.,1.,0.));
#10463=DIRECTION('',(-0.707106781186545,0.,0.70710678118655));
#10464=DIRECTION('',(0.,1.,0.));
#10465=DIRECTION('center_axis',(0.707106781186547,0.,-0.707106781186548));
#10466=DIRECTION('ref_axis',(-0.707106781186548,0.,-0.707106781186547));
#10467=DIRECTION('',(-0.707106781186548,0.,-0.707106781186547));
#10468=DIRECTION('',(0.,-1.,0.));
#10469=DIRECTION('',(0.,-1.,0.));
#10470=DIRECTION('',(0.,-1.,0.));
#10471=DIRECTION('',(0.707106781186548,0.,0.707106781186547));
#10472=DIRECTION('',(0.707106781186548,0.,0.707106781186547));
#10473=DIRECTION('',(0.707106781186548,0.,0.707106781186547));
#10474=DIRECTION('',(0.,1.,0.));
#10475=DIRECTION('',(-0.707106781186548,0.,-0.707106781186547));
#10476=DIRECTION('',(0.,-1.,0.));
#10477=DIRECTION('center_axis',(0.70710678118655,0.,0.707106781186545));
#10478=DIRECTION('ref_axis',(0.707106781186545,0.,-0.70710678118655));
#10479=DIRECTION('',(0.,1.,0.));
#10480=DIRECTION('',(-0.707106781186545,0.,0.70710678118655));
#10481=DIRECTION('',(0.,1.,0.));
#10482=DIRECTION('center_axis',(0.573576436351047,0.,0.819152044288991));
#10483=DIRECTION('ref_axis',(0.819152044288991,0.,-0.573576436351047));
#10484=DIRECTION('',(-0.819152044288991,0.,0.573576436351047));
#10485=DIRECTION('',(0.,1.,0.));
#10486=DIRECTION('',(0.819152044288991,0.,-0.573576436351047));
#10487=DIRECTION('',(0.,1.,0.));
#10488=DIRECTION('center_axis',(-0.707106781186548,0.,-0.707106781186548));
#10489=DIRECTION('ref_axis',(-0.707106781186548,0.,0.707106781186548));
#10490=DIRECTION('center_axis',(0.,1.,0.));
#10491=DIRECTION('ref_axis',(0.,0.,1.));
#10492=DIRECTION('',(-2.05587050014785E-16,0.,1.));
#10493=DIRECTION('',(-3.42830546405885E-15,0.,-1.));
#10494=DIRECTION('center_axis',(1.,0.,-3.42830546405885E-15));
#10495=DIRECTION('ref_axis',(-3.42830546405885E-15,0.,-1.));
#10496=DIRECTION('',(3.42830546405885E-15,0.,1.));
#10497=DIRECTION('center_axis',(-1.,0.,-2.05587050014785E-16));
#10498=DIRECTION('ref_axis',(-2.05587050014785E-16,0.,1.));
#10499=DIRECTION('',(-2.05587050014785E-16,0.,1.));
#10500=DIRECTION('',(2.05587050014785E-16,0.,-1.));
#10501=DIRECTION('center_axis',(-1.,0.,-2.05587050014785E-16));
#10502=DIRECTION('ref_axis',(-2.05587050014785E-16,0.,1.));
#10503=DIRECTION('',(2.05587050014785E-16,0.,-1.));
#10504=DIRECTION('center_axis',(0.,-1.,0.));
#10505=DIRECTION('ref_axis',(1.,0.,0.));
#10506=DIRECTION('',(3.42830546405885E-15,0.,1.));
#10507=DIRECTION('center_axis',(0.,-1.,0.));
#10508=DIRECTION('ref_axis',(1.,0.,0.));
#10509=DIRECTION('center_axis',(-0.707106781186548,0.,-0.707106781186548));
#10510=DIRECTION('ref_axis',(-0.707106781186548,0.,0.707106781186548));
#10511=DIRECTION('center_axis',(0.,1.,0.));
#10512=DIRECTION('ref_axis',(0.,0.,1.));
#10513=DIRECTION('',(-3.42830546405885E-15,0.,-1.));
#10514=DIRECTION('center_axis',(1.,0.,-3.42830546405885E-15));
#10515=DIRECTION('ref_axis',(-3.42830546405885E-15,0.,-1.));
#10516=DIRECTION('center_axis',(-0.707106781186548,0.,-0.707106781186548));
#10517=DIRECTION('ref_axis',(-0.707106781186548,0.,0.707106781186548));
#10518=DIRECTION('center_axis',(1.,0.,-3.42830546405885E-15));
#10519=DIRECTION('ref_axis',(-3.42830546405885E-15,0.,-1.));
#10520=DIRECTION('',(-3.42830546405885E-15,0.,-1.));
#10521=DIRECTION('',(3.42830546405885E-15,0.,1.));
#10522=DIRECTION('center_axis',(0.,-1.,0.));
#10523=DIRECTION('ref_axis',(1.,0.,0.));
#10524=DIRECTION('',(2.05587050014785E-16,0.,-1.));
#10525=DIRECTION('center_axis',(0.,1.,0.));
#10526=DIRECTION('ref_axis',(0.,0.,1.));
#10527=DIRECTION('',(-3.42830546405885E-15,0.,-1.));
#10528=DIRECTION('',(-2.05587050014785E-16,0.,1.));
#10529=DIRECTION('center_axis',(0.,1.,0.));
#10530=DIRECTION('ref_axis',(0.,0.,1.));
#10531=DIRECTION('',(-2.05587050014785E-16,0.,1.));
#10532=DIRECTION('center_axis',(-1.,0.,-2.05587050014785E-16));
#10533=DIRECTION('ref_axis',(-2.05587050014785E-16,0.,1.));
#10534=DIRECTION('',(2.05587050014785E-16,0.,-1.));
#10535=DIRECTION('center_axis',(-1.,0.,-2.05587050014785E-16));
#10536=DIRECTION('ref_axis',(-2.05587050014785E-16,0.,1.));
#10537=DIRECTION('center_axis',(-0.707106781186548,0.,-0.707106781186548));
#10538=DIRECTION('ref_axis',(-0.707106781186548,0.,0.707106781186548));
#10539=DIRECTION('center_axis',(0.,1.,0.));
#10540=DIRECTION('ref_axis',(0.,0.,1.));
#10541=DIRECTION('',(-0.707106781186548,0.,-0.707106781186548));
#10542=DIRECTION('',(-2.05587050014785E-16,0.,1.));
#10543=DIRECTION('',(-3.42830546405885E-15,0.,-1.));
#10544=DIRECTION('center_axis',(1.,0.,-3.42830546405885E-15));
#10545=DIRECTION('ref_axis',(-3.42830546405885E-15,0.,-1.));
#10546=DIRECTION('',(0.,1.,0.));
#10547=DIRECTION('',(3.42830546405885E-15,0.,1.));
#10548=DIRECTION('center_axis',(-1.,0.,-2.05587050014785E-16));
#10549=DIRECTION('ref_axis',(-2.05587050014785E-16,0.,1.));
#10550=DIRECTION('',(0.,1.,0.));
#10551=DIRECTION('',(0.,-1.77635683940025E-15,-1.));
#10552=DIRECTION('',(2.05587050014785E-16,0.,-1.));
#10553=DIRECTION('center_axis',(-1.,0.,-2.05587050014785E-16));
#10554=DIRECTION('ref_axis',(-2.05587050014785E-16,0.,1.));
#10555=DIRECTION('',(0.,-1.,0.));
#10556=DIRECTION('',(2.05587050014785E-16,0.,-1.));
#10557=DIRECTION('center_axis',(0.,-1.,0.));
#10558=DIRECTION('ref_axis',(1.,0.,0.));
#10559=DIRECTION('',(-0.707106781186548,0.,-0.707106781186547));
#10560=DIRECTION('',(3.42830546405885E-15,0.,1.));
#10561=DIRECTION('center_axis',(0.,-1.,0.));
#10562=DIRECTION('ref_axis',(1.,0.,0.));
#10563=DIRECTION('',(0.707106781186548,0.,0.707106781186548));
#10564=DIRECTION('center_axis',(-0.707106781186548,0.,-0.707106781186548));
#10565=DIRECTION('ref_axis',(-0.707106781186548,0.,0.707106781186548));
#10566=DIRECTION('',(0.,1.,0.));
#10567=DIRECTION('center_axis',(-1.,0.,-2.05587050014785E-16));
#10568=DIRECTION('ref_axis',(-2.05587050014785E-16,0.,1.));
#10569=DIRECTION('',(2.05587050014785E-16,0.,-1.));
#10570=DIRECTION('',(-2.05587050014785E-16,0.,1.));
#10571=DIRECTION('center_axis',(0.,1.,0.));
#10572=DIRECTION('ref_axis',(0.,0.,1.));
#10573=DIRECTION('',(-3.42830546405885E-15,0.,-1.));
#10574=DIRECTION('center_axis',(1.,0.,-3.42830546405885E-15));
#10575=DIRECTION('ref_axis',(-3.42830546405885E-15,0.,-1.));
#10576=DIRECTION('',(3.42830546405885E-15,0.,1.));
#10577=DIRECTION('center_axis',(1.,0.,-3.42830546405885E-15));
#10578=DIRECTION('ref_axis',(-3.42830546405885E-15,0.,-1.));
#10579=DIRECTION('',(3.42830546405885E-15,0.,1.));
#10580=DIRECTION('center_axis',(0.,-1.,0.));
#10581=DIRECTION('ref_axis',(1.,0.,0.));
#10582=DIRECTION('center_axis',(0.,-1.,0.));
#10583=DIRECTION('ref_axis',(1.,0.,0.));
#10584=DIRECTION('center_axis',(-0.707106781186548,0.,-0.707106781186548));
#10585=DIRECTION('ref_axis',(-0.707106781186548,0.,0.707106781186548));
#10586=DIRECTION('center_axis',(0.,-1.,0.));
#10587=DIRECTION('ref_axis',(1.,0.,0.));
#10588=DIRECTION('',(0.707106781186548,0.,0.707106781186548));
#10589=DIRECTION('',(3.42830546405885E-15,0.,1.));
#10590=DIRECTION('',(2.05587050014785E-16,0.,-1.));
#10591=DIRECTION('center_axis',(-1.,0.,-2.05587050014785E-16));
#10592=DIRECTION('ref_axis',(-2.05587050014785E-16,0.,1.));
#10593=DIRECTION('',(0.,-1.,0.));
#10594=DIRECTION('',(-2.05587050014785E-16,0.,1.));
#10595=DIRECTION('center_axis',(0.,1.,0.));
#10596=DIRECTION('ref_axis',(0.,0.,1.));
#10597=DIRECTION('',(0.707106781186548,0.,0.707106781186547));
#10598=DIRECTION('',(-3.42830546405885E-15,0.,-1.));
#10599=DIRECTION('center_axis',(0.,1.,0.));
#10600=DIRECTION('ref_axis',(0.,0.,1.));
#10601=DIRECTION('',(-0.707106781186548,0.,-0.707106781186548));
#10602=DIRECTION('',(-3.42830546405885E-15,0.,-1.));
#10603=DIRECTION('center_axis',(1.,0.,-3.42830546405885E-15));
#10604=DIRECTION('ref_axis',(-3.42830546405885E-15,0.,-1.));
#10605=DIRECTION('',(0.,-1.,0.));
#10606=DIRECTION('center_axis',(1.,0.,-3.42830546405885E-15));
#10607=DIRECTION('ref_axis',(-3.42830546405885E-15,0.,-1.));
#10608=DIRECTION('',(0.,1.,0.));
#10609=DIRECTION('center_axis',(-0.707106781186548,0.,-0.707106781186548));
#10610=DIRECTION('ref_axis',(-0.707106781186548,0.,0.707106781186548));
#10611=DIRECTION('',(0.,1.,0.));
#10612=DIRECTION('',(0.,-1.,0.));
#10613=DIRECTION('center_axis',(-0.707106781186548,0.,0.707106781186548));
#10614=DIRECTION('ref_axis',(0.707106781186548,0.,0.707106781186548));
#10615=DIRECTION('',(-0.707106781186547,0.,-0.707106781186547));
#10616=DIRECTION('',(-0.707106781186548,0.,-0.707106781186548));
#10617=DIRECTION('',(0.,1.,0.));
#10618=DIRECTION('',(0.,1.,0.));
#10619=DIRECTION('',(0.707106781186548,0.,0.707106781186548));
#10620=DIRECTION('center_axis',(-1.,0.,-2.05587050014785E-16));
#10621=DIRECTION('ref_axis',(-2.05587050014785E-16,0.,1.));
#10622=DIRECTION('',(0.,1.,0.));
#10623=DIRECTION('',(2.05587050014785E-16,0.,-1.));
#10624=DIRECTION('center_axis',(0.573576436351047,0.,0.819152044288991));
#10625=DIRECTION('ref_axis',(0.819152044288991,0.,-0.573576436351047));
#10626=DIRECTION('',(-0.819152044288991,0.,0.573576436351047));
#10627=DIRECTION('',(0.,1.,0.));
#10628=DIRECTION('',(0.,1.,0.));
#10629=DIRECTION('center_axis',(1.,0.,-3.42830546405885E-15));
#10630=DIRECTION('ref_axis',(-3.42830546405885E-15,0.,-1.));
#10631=DIRECTION('',(3.42830546405885E-15,0.,1.));
#10632=DIRECTION('',(0.,0.,1.));
#10633=DIRECTION('',(3.42830546405885E-15,0.,1.));
#10634=DIRECTION('',(0.,0.,1.));
#10635=DIRECTION('',(3.42830546405885E-15,0.,1.));
#10636=DIRECTION('',(0.,0.,1.));
#10637=DIRECTION('',(3.42830546405885E-15,0.,1.));
#10638=DIRECTION('',(0.,0.,1.));
#10639=DIRECTION('',(3.42830546405885E-15,0.,1.));
#10640=DIRECTION('',(0.,0.,1.));
#10641=DIRECTION('',(3.42830546405885E-15,0.,1.));
#10642=DIRECTION('',(0.,0.,1.));
#10643=DIRECTION('',(3.42830546405885E-15,0.,1.));
#10644=DIRECTION('',(0.,0.,1.));
#10645=DIRECTION('',(3.42830546405885E-15,0.,1.));
#10646=DIRECTION('center_axis',(0.,-1.,0.));
#10647=DIRECTION('ref_axis',(1.,0.,0.));
#10648=DIRECTION('',(-0.707106781186548,0.,-0.707106781186548));
#10649=DIRECTION('center_axis',(0.,-1.,0.));
#10650=DIRECTION('ref_axis',(1.,0.,0.));
#10651=DIRECTION('',(0.707106781186548,0.,0.707106781186547));
#10652=DIRECTION('',(2.05587050014785E-16,0.,-1.));
#10653=DIRECTION('center_axis',(0.,-1.,0.));
#10654=DIRECTION('ref_axis',(1.,0.,0.));
#10655=DIRECTION('',(2.05587050014785E-16,0.,-1.));
#10656=DIRECTION('center_axis',(0.,-1.,0.));
#10657=DIRECTION('ref_axis',(1.,0.,0.));
#10658=DIRECTION('',(2.05587050014785E-16,0.,-1.));
#10659=DIRECTION('center_axis',(0.,-1.,0.));
#10660=DIRECTION('ref_axis',(1.,0.,0.));
#10661=DIRECTION('',(2.05587050014785E-16,0.,-1.));
#10662=DIRECTION('center_axis',(0.,-1.,0.));
#10663=DIRECTION('ref_axis',(1.,0.,0.));
#10664=DIRECTION('',(2.05587050014785E-16,0.,-1.));
#10665=DIRECTION('center_axis',(0.,-1.,0.));
#10666=DIRECTION('ref_axis',(1.,0.,0.));
#10667=DIRECTION('',(2.05587050014785E-16,0.,-1.));
#10668=DIRECTION('center_axis',(0.,-1.,0.));
#10669=DIRECTION('ref_axis',(1.,0.,0.));
#10670=DIRECTION('',(2.05587050014785E-16,0.,-1.));
#10671=DIRECTION('center_axis',(-1.,0.,-2.05587050014785E-16));
#10672=DIRECTION('ref_axis',(-2.05587050014785E-16,0.,1.));
#10673=DIRECTION('',(0.,-1.,0.));
#10674=DIRECTION('center_axis',(-1.,0.,-2.05587050014785E-16));
#10675=DIRECTION('ref_axis',(-2.05587050014785E-16,0.,1.));
#10676=DIRECTION('center_axis',(-1.,0.,-2.05587050014785E-16));
#10677=DIRECTION('ref_axis',(-2.05587050014785E-16,0.,1.));
#10678=DIRECTION('center_axis',(-1.,0.,-2.05587050014785E-16));
#10679=DIRECTION('ref_axis',(-2.05587050014785E-16,0.,1.));
#10680=DIRECTION('center_axis',(-1.,0.,-2.05587050014785E-16));
#10681=DIRECTION('ref_axis',(-2.05587050014785E-16,0.,1.));
#10682=DIRECTION('center_axis',(-1.,0.,-2.05587050014785E-16));
#10683=DIRECTION('ref_axis',(-2.05587050014785E-16,0.,1.));
#10684=DIRECTION('center_axis',(-1.,0.,-2.05587050014785E-16));
#10685=DIRECTION('ref_axis',(-2.05587050014785E-16,0.,1.));
#10686=DIRECTION('center_axis',(-0.707106781186548,0.,0.707106781186548));
#10687=DIRECTION('ref_axis',(0.707106781186548,0.,0.707106781186548));
#10688=DIRECTION('',(-0.707106781186548,0.,-0.707106781186548));
#10689=DIRECTION('',(0.,1.,0.));
#10690=DIRECTION('',(0.707106781186548,0.,0.707106781186548));
#10691=DIRECTION('center_axis',(0.707106781186547,0.,-0.707106781186548));
#10692=DIRECTION('ref_axis',(-0.707106781186548,0.,-0.707106781186547));
#10693=DIRECTION('',(-0.707106781186548,0.,-0.707106781186547));
#10694=DIRECTION('',(0.,-1.,0.));
#10695=DIRECTION('',(0.707106781186548,0.,0.707106781186547));
#10696=DIRECTION('center_axis',(0.,-1.,0.));
#10697=DIRECTION('ref_axis',(1.,0.,0.));
#10698=DIRECTION('center_axis',(0.,-1.,0.));
#10699=DIRECTION('ref_axis',(1.,0.,0.));
#10700=DIRECTION('center_axis',(0.,-1.,0.));
#10701=DIRECTION('ref_axis',(1.,0.,0.));
#10702=DIRECTION('center_axis',(0.,-1.,0.));
#10703=DIRECTION('ref_axis',(1.,0.,0.));
#10704=DIRECTION('center_axis',(0.,-1.,0.));
#10705=DIRECTION('ref_axis',(1.,0.,0.));
#10706=DIRECTION('center_axis',(0.,-1.,0.));
#10707=DIRECTION('ref_axis',(1.,0.,0.));
#10708=DIRECTION('center_axis',(0.,-1.,0.));
#10709=DIRECTION('ref_axis',(1.,0.,0.));
#10710=DIRECTION('center_axis',(0.573576436351047,0.,0.819152044288991));
#10711=DIRECTION('ref_axis',(0.819152044288991,0.,-0.573576436351047));
#10712=DIRECTION('',(-0.819152044288991,0.,0.573576436351047));
#10713=DIRECTION('',(0.,1.,0.));
#10714=DIRECTION('',(0.,1.,0.));
#10715=DIRECTION('center_axis',(0.,1.,0.));
#10716=DIRECTION('ref_axis',(0.,0.,1.));
#10717=DIRECTION('',(0.,0.,1.));
#10718=DIRECTION('',(-2.05587050014785E-16,0.,1.));
#10719=DIRECTION('center_axis',(-1.,0.,-2.05587050014785E-16));
#10720=DIRECTION('ref_axis',(-2.05587050014785E-16,0.,1.));
#10721=DIRECTION('center_axis',(0.,1.,0.));
#10722=DIRECTION('ref_axis',(-1.,0.,0.));
#10723=DIRECTION('',(0.,0.,1.));
#10724=DIRECTION('',(0.,0.,1.));
#10725=DIRECTION('center_axis',(0.,1.,0.));
#10726=DIRECTION('ref_axis',(-1.,0.,0.));
#10727=DIRECTION('',(0.,0.,1.));
#10728=DIRECTION('',(0.,0.,1.));
#10729=DIRECTION('center_axis',(0.,1.,0.));
#10730=DIRECTION('ref_axis',(-1.,0.,0.));
#10731=DIRECTION('',(0.,0.,1.));
#10732=DIRECTION('',(0.,0.,1.));
#10733=DIRECTION('center_axis',(0.,1.,0.));
#10734=DIRECTION('ref_axis',(-1.,0.,0.));
#10735=DIRECTION('',(0.,0.,1.));
#10736=DIRECTION('',(0.,0.,1.));
#10737=DIRECTION('center_axis',(0.,1.,0.));
#10738=DIRECTION('ref_axis',(-1.,0.,0.));
#10739=DIRECTION('',(0.,0.,1.));
#10740=DIRECTION('',(0.,0.,1.));
#10741=DIRECTION('center_axis',(0.,1.,0.));
#10742=DIRECTION('ref_axis',(-1.,0.,0.));
#10743=DIRECTION('',(0.,0.,1.));
#10744=DIRECTION('',(0.,0.,1.));
#10745=DIRECTION('center_axis',(0.,1.,0.));
#10746=DIRECTION('ref_axis',(-1.,0.,0.));
#10747=DIRECTION('',(0.,0.,1.));
#10748=DIRECTION('',(0.,0.,1.));
#10749=DIRECTION('center_axis',(-1.,0.,0.));
#10750=DIRECTION('ref_axis',(0.,-1.,0.));
#10751=DIRECTION('center_axis',(-1.,0.,0.));
#10752=DIRECTION('ref_axis',(0.,-1.,0.));
#10753=DIRECTION('center_axis',(-1.,0.,0.));
#10754=DIRECTION('ref_axis',(0.,-1.,0.));
#10755=DIRECTION('center_axis',(-1.,0.,0.));
#10756=DIRECTION('ref_axis',(0.,-1.,0.));
#10757=DIRECTION('center_axis',(-1.,0.,0.));
#10758=DIRECTION('ref_axis',(0.,-1.,0.));
#10759=DIRECTION('center_axis',(-1.,0.,0.));
#10760=DIRECTION('ref_axis',(0.,-1.,0.));
#10761=DIRECTION('center_axis',(-1.,0.,0.));
#10762=DIRECTION('ref_axis',(0.,-1.,0.));
#10763=DIRECTION('center_axis',(1.,0.,0.));
#10764=DIRECTION('ref_axis',(0.,1.,0.));
#10765=DIRECTION('center_axis',(0.,-1.77635683940025E-15,-1.));
#10766=DIRECTION('ref_axis',(-1.,0.,0.));
#10767=DIRECTION('',(0.,1.,3.40005801291454E-15));
#10768=DIRECTION('',(1.,0.,0.));
#10769=DIRECTION('',(0.,-1.,-3.40005801291454E-15));
#10770=DIRECTION('',(-1.,0.,0.));
#10771=DIRECTION('center_axis',(0.,-1.77635683940025E-15,-1.));
#10772=DIRECTION('ref_axis',(-1.,0.,0.));
#10773=DIRECTION('',(0.,1.,3.40005801291454E-15));
#10774=DIRECTION('',(1.,0.,0.));
#10775=DIRECTION('',(0.,-1.,-3.40005801291454E-15));
#10776=DIRECTION('',(-1.,0.,0.));
#10777=DIRECTION('center_axis',(-1.,0.,0.));
#10778=DIRECTION('ref_axis',(0.,-1.,0.));
#10779=DIRECTION('',(0.,3.42830546405885E-15,-1.));
#10780=DIRECTION('',(0.,1.,3.5527136788005E-15));
#10781=DIRECTION('',(0.,0.,-1.));
#10782=DIRECTION('',(0.,0.,-1.));
#10783=DIRECTION('',(0.,0.,-1.));
#10784=DIRECTION('',(0.,0.,-1.));
#10785=DIRECTION('',(0.,0.,-1.));
#10786=DIRECTION('',(0.,0.,-1.));
#10787=DIRECTION('',(0.,0.,-1.));
#10788=DIRECTION('',(0.,0.,-1.));
#10789=DIRECTION('',(0.,0.,-1.));
#10790=DIRECTION('',(0.,0.,-1.));
#10791=DIRECTION('',(0.,0.,-1.));
#10792=DIRECTION('',(0.,0.,-1.));
#10793=DIRECTION('',(0.,0.,-1.));
#10794=DIRECTION('',(0.,0.,-1.));
#10795=DIRECTION('',(0.,0.,-1.));
#10796=DIRECTION('',(0.,-1.,-3.40005801291454E-15));
#10797=DIRECTION('center_axis',(0.,0.707106781186547,0.707106781186548));
#10798=DIRECTION('ref_axis',(0.,-0.707106781186548,0.707106781186547));
#10799=DIRECTION('',(0.,-0.707106781186548,0.707106781186547));
#10800=DIRECTION('',(1.,0.,0.));
#10801=DIRECTION('',(0.,0.707106781186548,-0.707106781186548));
#10802=DIRECTION('',(-1.,0.,0.));
#10803=DIRECTION('',(-1.,0.,0.));
#10804=DIRECTION('',(0.,0.707106781186548,-0.707106781186547));
#10805=DIRECTION('',(0.,-0.707106781186548,0.707106781186547));
#10806=DIRECTION('',(1.,0.,0.));
#10807=DIRECTION('',(0.71056477546163,0.497542812164523,-0.497542812164523));
#10808=DIRECTION('',(1.,0.,0.));
#10809=DIRECTION('',(0.,-0.707106781186548,0.707106781186547));
#10810=DIRECTION('',(-1.,0.,0.));
#10811=DIRECTION('',(0.,0.707106781186548,-0.707106781186547));
#10812=DIRECTION('',(1.,0.,0.));
#10813=DIRECTION('',(0.,-0.707106781186548,0.707106781186547));
#10814=DIRECTION('',(-1.,0.,0.));
#10815=DIRECTION('',(0.,0.707106781186548,-0.707106781186547));
#10816=DIRECTION('center_axis',(0.,-1.,0.));
#10817=DIRECTION('ref_axis',(0.,0.,1.));
#10818=DIRECTION('',(0.,0.,1.));
#10819=DIRECTION('',(-1.,0.,0.));
#10820=DIRECTION('center_axis',(-1.,0.,0.));
#10821=DIRECTION('ref_axis',(0.,0.,1.));
#10822=DIRECTION('',(0.,0.707106781186548,0.707106781186548));
#10823=DIRECTION('',(0.,-0.707106781186548,0.707106781186547));
#10824=DIRECTION('center_axis',(0.,-1.,0.));
#10825=DIRECTION('ref_axis',(0.,0.,1.));
#10826=DIRECTION('',(-1.,0.,0.));
#10827=DIRECTION('',(0.,0.,1.));
#10828=DIRECTION('',(-1.,0.,0.));
#10829=DIRECTION('center_axis',(-1.,0.,0.));
#10830=DIRECTION('ref_axis',(0.,0.,1.));
#10831=DIRECTION('',(0.,0.707106781186547,-0.707106781186548));
#10832=DIRECTION('',(0.,0.707106781186548,0.707106781186548));
#10833=DIRECTION('',(0.,-0.707106781186548,0.707106781186547));
#10834=DIRECTION('center_axis',(0.,-1.,0.));
#10835=DIRECTION('ref_axis',(0.,0.,1.));
#10836=DIRECTION('',(-1.,0.,0.));
#10837=DIRECTION('',(0.,0.,1.));
#10838=DIRECTION('',(-1.,0.,0.));
#10839=DIRECTION('center_axis',(-1.,0.,0.));
#10840=DIRECTION('ref_axis',(0.,0.,1.));
#10841=DIRECTION('',(0.,0.707106781186547,-0.707106781186548));
#10842=DIRECTION('',(0.,0.707106781186548,0.707106781186548));
#10843=DIRECTION('',(0.,-0.707106781186547,0.707106781186548));
#10844=DIRECTION('center_axis',(0.,-1.,0.));
#10845=DIRECTION('ref_axis',(0.,0.,1.));
#10846=DIRECTION('',(-1.,0.,0.));
#10847=DIRECTION('',(0.,0.,1.));
#10848=DIRECTION('',(-1.,0.,0.));
#10849=DIRECTION('center_axis',(-1.,0.,0.));
#10850=DIRECTION('ref_axis',(0.,0.,1.));
#10851=DIRECTION('',(0.,0.707106781186548,-0.707106781186548));
#10852=DIRECTION('',(0.,0.707106781186548,0.707106781186548));
#10853=DIRECTION('',(0.,-0.707106781186548,0.707106781186548));
#10854=DIRECTION('center_axis',(0.,-1.,0.));
#10855=DIRECTION('ref_axis',(0.,0.,1.));
#10856=DIRECTION('',(-1.,0.,0.));
#10857=DIRECTION('',(0.,0.,1.));
#10858=DIRECTION('',(-1.,0.,0.));
#10859=DIRECTION('center_axis',(-1.,0.,0.));
#10860=DIRECTION('ref_axis',(0.,0.,1.));
#10861=DIRECTION('',(0.,0.707106781186548,-0.707106781186547));
#10862=DIRECTION('',(0.,0.707106781186548,0.707106781186548));
#10863=DIRECTION('',(0.,-0.707106781186548,0.707106781186547));
#10864=DIRECTION('center_axis',(0.,-1.,0.));
#10865=DIRECTION('ref_axis',(0.,0.,1.));
#10866=DIRECTION('',(-1.,0.,0.));
#10867=DIRECTION('',(0.,0.,1.));
#10868=DIRECTION('',(-1.,0.,0.));
#10869=DIRECTION('center_axis',(-1.,0.,0.));
#10870=DIRECTION('ref_axis',(0.,0.,1.));
#10871=DIRECTION('',(0.,0.707106781186547,-0.707106781186547));
#10872=DIRECTION('',(0.,0.707106781186548,0.707106781186548));
#10873=DIRECTION('',(0.,-0.707106781186548,0.707106781186548));
#10874=DIRECTION('center_axis',(0.,-1.,0.));
#10875=DIRECTION('ref_axis',(0.,0.,1.));
#10876=DIRECTION('',(-1.,0.,0.));
#10877=DIRECTION('',(0.,0.,1.));
#10878=DIRECTION('',(-1.,0.,0.));
#10879=DIRECTION('center_axis',(-1.,0.,0.));
#10880=DIRECTION('ref_axis',(0.,0.,1.));
#10881=DIRECTION('',(0.,0.707106781186548,-0.707106781186547));
#10882=DIRECTION('',(0.,0.707106781186548,0.707106781186548));
#10883=DIRECTION('',(0.,-0.707106781186548,0.707106781186547));
#10884=DIRECTION('center_axis',(1.,0.,0.));
#10885=DIRECTION('ref_axis',(0.,1.,0.));
#10886=DIRECTION('',(0.,-1.,0.));
#10887=DIRECTION('',(0.,0.,1.));
#10888=DIRECTION('',(0.,0.707106781186548,-0.707106781186547));
#10889=DIRECTION('center_axis',(1.,0.,0.));
#10890=DIRECTION('ref_axis',(0.,1.,0.));
#10891=DIRECTION('',(0.,0.707106781186548,-0.707106781186547));
#10892=DIRECTION('',(0.,-0.707106781186548,-0.707106781186548));
#10893=DIRECTION('',(0.,-0.707106781186547,0.707106781186548));
#10894=DIRECTION('',(0.,0.,1.));
#10895=DIRECTION('center_axis',(1.,0.,0.));
#10896=DIRECTION('ref_axis',(0.,1.,0.));
#10897=DIRECTION('',(0.,0.707106781186548,-0.707106781186547));
#10898=DIRECTION('',(0.,-0.707106781186545,-0.70710678118655));
#10899=DIRECTION('',(0.,-0.707106781186548,0.707106781186547));
#10900=DIRECTION('',(0.,0.,1.));
#10901=DIRECTION('center_axis',(1.,0.,0.));
#10902=DIRECTION('ref_axis',(0.,1.,0.));
#10903=DIRECTION('',(0.,0.707106781186548,-0.707106781186547));
#10904=DIRECTION('',(0.,-0.707106781186543,-0.707106781186552));
#10905=DIRECTION('',(0.,-0.707106781186548,0.707106781186547));
#10906=DIRECTION('',(0.,0.,1.));
#10907=DIRECTION('center_axis',(1.,0.,0.));
#10908=DIRECTION('ref_axis',(0.,1.,0.));
#10909=DIRECTION('',(0.,0.707106781186548,-0.707106781186547));
#10910=DIRECTION('',(0.,-0.707106781186545,-0.70710678118655));
#10911=DIRECTION('',(0.,-0.707106781186548,0.707106781186548));
#10912=DIRECTION('',(0.,0.,1.));
#10913=DIRECTION('center_axis',(1.,0.,0.));
#10914=DIRECTION('ref_axis',(0.,1.,0.));
#10915=DIRECTION('',(0.,0.707106781186548,-0.707106781186547));
#10916=DIRECTION('',(0.,-0.707106781186545,-0.70710678118655));
#10917=DIRECTION('',(0.,-0.707106781186547,0.707106781186548));
#10918=DIRECTION('',(0.,0.,1.));
#10919=DIRECTION('center_axis',(1.,0.,0.));
#10920=DIRECTION('ref_axis',(0.,1.,0.));
#10921=DIRECTION('',(0.,0.707106781186548,-0.707106781186547));
#10922=DIRECTION('',(0.,-0.707106781186545,-0.70710678118655));
#10923=DIRECTION('',(0.,0.,1.));
#10924=DIRECTION('center_axis',(0.,-1.,-3.40005801291454E-15));
#10925=DIRECTION('ref_axis',(0.,3.40005801291454E-15,-1.));
#10926=DIRECTION('',(1.,0.,0.));
#10927=DIRECTION('',(0.,-3.42830546405885E-15,1.));
#10928=DIRECTION('',(0.,-3.42830546405885E-15,1.));
#10929=DIRECTION('',(0.,-3.42830546405885E-15,1.));
#10930=DIRECTION('',(0.,-3.42830546405885E-15,1.));
#10931=DIRECTION('',(0.,-3.42830546405885E-15,1.));
#10932=DIRECTION('',(0.,-3.42830546405885E-15,1.));
#10933=DIRECTION('',(0.,-3.42830546405885E-15,1.));
#10934=DIRECTION('',(-0.819152044288992,-1.95019315843434E-15,0.573576436351046));
#10935=DIRECTION('center_axis',(-0.573576436351046,0.,-0.819152044288992));
#10936=DIRECTION('ref_axis',(-0.819152044288992,0.,0.573576436351046));
#10937=DIRECTION('',(-0.71056477546163,-0.497542812164524,0.497542812164523));
#10938=DIRECTION('',(-0.71056477546163,0.497542812164523,0.497542812164523));
#10939=DIRECTION('',(0.71056477546163,0.497542812164523,-0.497542812164523));
#10940=DIRECTION('',(0.,-1.,0.));
#10941=DIRECTION('',(0.819152044288992,0.,-0.573576436351046));
#10942=DIRECTION('center_axis',(0.,-0.707106781186547,-0.707106781186548));
#10943=DIRECTION('ref_axis',(0.,0.707106781186548,-0.707106781186547));
#10944=DIRECTION('',(0.,-0.707106781186548,0.707106781186547));
#10945=DIRECTION('',(1.,0.,0.));
#10946=DIRECTION('',(-1.,0.,0.));
#10947=DIRECTION('center_axis',(-0.573576436351046,0.,-0.819152044288992));
#10948=DIRECTION('ref_axis',(-0.819152044288992,0.,0.573576436351046));
#10949=DIRECTION('',(0.71056477546163,0.497542812164523,-0.497542812164523));
#10950=DIRECTION('',(-0.71056477546163,0.497542812164523,0.497542812164523));
#10951=DIRECTION('',(-0.71056477546163,-0.497542812164524,0.497542812164523));
#10952=DIRECTION('',(-0.71056477546163,0.497542812164523,0.497542812164523));
#10953=DIRECTION('center_axis',(-0.573576436351046,0.,-0.819152044288992));
#10954=DIRECTION('ref_axis',(-0.819152044288992,0.,0.573576436351046));
#10955=DIRECTION('',(0.71056477546163,0.497542812164523,-0.497542812164523));
#10956=DIRECTION('',(-0.710564775461632,0.497542812164518,0.497542812164525));
#10957=DIRECTION('',(-0.710564775461629,-0.497542812164524,0.497542812164523));
#10958=DIRECTION('',(-0.71056477546163,0.497542812164523,0.497542812164523));
#10959=DIRECTION('center_axis',(0.,0.707106781186548,0.707106781186548));
#10960=DIRECTION('ref_axis',(0.,-0.707106781186548,0.707106781186548));
#10961=DIRECTION('',(1.,0.,0.));
#10962=DIRECTION('',(-1.,0.,0.));
#10963=DIRECTION('',(0.,0.707106781186548,-0.707106781186548));
#10964=DIRECTION('center_axis',(0.,-0.707106781186547,-0.707106781186548));
#10965=DIRECTION('ref_axis',(0.,0.707106781186548,-0.707106781186547));
#10966=DIRECTION('',(0.,-0.707106781186548,0.707106781186547));
#10967=DIRECTION('',(1.,0.,0.));
#10968=DIRECTION('',(-1.,0.,0.));
#10969=DIRECTION('',(1.,0.,0.));
#10970=DIRECTION('center_axis',(0.,-0.707106781186548,0.707106781186548));
#10971=DIRECTION('ref_axis',(0.,-0.707106781186548,-0.707106781186548));
#10972=DIRECTION('',(1.,0.,0.));
#10973=DIRECTION('center_axis',(0.,-0.707106781186547,-0.707106781186548));
#10974=DIRECTION('ref_axis',(0.,0.707106781186548,-0.707106781186547));
#10975=DIRECTION('',(0.,-0.707106781186548,0.707106781186547));
#10976=DIRECTION('',(1.,0.,0.));
#10977=DIRECTION('',(-1.,0.,0.));
#10978=DIRECTION('',(-0.71056477546163,-0.497542812164524,0.497542812164523));
#10979=DIRECTION('',(0.,-0.707106781186548,0.707106781186547));
#10980=DIRECTION('',(1.,0.,0.));
#10981=DIRECTION('',(0.,0.707106781186548,-0.707106781186547));
#10982=DIRECTION('',(-1.,0.,0.));
#10983=DIRECTION('',(-0.71056477546163,-0.497542812164524,0.497542812164523));
#10984=DIRECTION('',(1.,0.,0.));
#10985=DIRECTION('center_axis',(0.,-0.70710678118655,0.707106781186545));
#10986=DIRECTION('ref_axis',(0.,-0.707106781186545,-0.70710678118655));
#10987=DIRECTION('',(-0.710564775461631,0.497542812164521,0.497542812164524));
#10988=DIRECTION('',(1.,0.,0.));
#10989=DIRECTION('center_axis',(0.,-0.707106781186547,-0.707106781186548));
#10990=DIRECTION('ref_axis',(0.,0.707106781186548,-0.707106781186547));
#10991=DIRECTION('',(0.,-0.707106781186548,0.707106781186547));
#10992=DIRECTION('',(1.,0.,0.));
#10993=DIRECTION('',(-1.,0.,0.));
#10994=DIRECTION('',(1.,0.,0.));
#10995=DIRECTION('',(0.,-0.707106781186548,0.707106781186547));
#10996=DIRECTION('',(1.,0.,0.));
#10997=DIRECTION('',(0.,0.707106781186548,-0.707106781186547));
#10998=DIRECTION('',(-1.,0.,0.));
#10999=DIRECTION('center_axis',(0.,-0.707106781186552,0.707106781186543));
#11000=DIRECTION('ref_axis',(0.,-0.707106781186543,-0.707106781186552));
#11001=DIRECTION('',(1.,0.,0.));
#11002=DIRECTION('center_axis',(0.,0.707106781186548,0.707106781186548));
#11003=DIRECTION('ref_axis',(0.,-0.707106781186548,0.707106781186548));
#11004=DIRECTION('',(1.,0.,0.));
#11005=DIRECTION('',(0.71056477546163,0.497542812164523,-0.497542812164523));
#11006=DIRECTION('',(1.,0.,0.));
#11007=DIRECTION('',(-1.,0.,0.));
#11008=DIRECTION('',(0.,0.707106781186547,-0.707106781186547));
#11009=DIRECTION('',(0.,-0.707106781186547,0.707106781186547));
#11010=DIRECTION('',(-1.,0.,0.));
#11011=DIRECTION('',(0.,0.707106781186547,-0.707106781186547));
#11012=DIRECTION('',(1.,0.,0.));
#11013=DIRECTION('center_axis',(0.,0.707106781186548,-0.707106781186548));
#11014=DIRECTION('ref_axis',(0.,0.707106781186548,0.707106781186548));
#11015=DIRECTION('',(-0.71056477546163,0.497542812164523,0.497542812164523));
#11016=DIRECTION('',(-1.,0.,0.));
#11017=DIRECTION('center_axis',(0.,0.707106781186548,-0.707106781186548));
#11018=DIRECTION('ref_axis',(0.,0.707106781186548,0.707106781186548));
#11019=DIRECTION('center_axis',(0.,1.,0.));
#11020=DIRECTION('ref_axis',(0.,0.,1.));
#11021=DIRECTION('',(0.,0.,1.));
#11022=DIRECTION('center_axis',(1.,0.,0.));
#11023=DIRECTION('ref_axis',(0.,0.,-1.));
#11024=DIRECTION('center_axis',(1.,0.,0.));
#11025=DIRECTION('ref_axis',(0.,0.,-1.));
#11026=DIRECTION('',(0.,0.707106781186547,-0.707106781186548));
#11027=DIRECTION('',(0.,0.,1.));
#11028=DIRECTION('center_axis',(0.,0.707106781186548,0.707106781186547));
#11029=DIRECTION('ref_axis',(0.,-0.707106781186547,0.707106781186548));
#11030=DIRECTION('',(1.,0.,0.));
#11031=DIRECTION('',(-1.,0.,0.));
#11032=DIRECTION('center_axis',(0.,0.707106781186548,-0.707106781186548));
#11033=DIRECTION('ref_axis',(0.,0.707106781186548,0.707106781186548));
#11034=DIRECTION('center_axis',(1.,0.,0.));
#11035=DIRECTION('ref_axis',(0.,0.,-1.));
#11036=DIRECTION('',(0.,0.707106781186548,-0.707106781186547));
#11037=DIRECTION('',(0.,0.,1.));
#11038=DIRECTION('center_axis',(0.,1.,0.));
#11039=DIRECTION('ref_axis',(0.,0.,1.));
#11040=DIRECTION('center_axis',(0.,0.707106781186547,0.707106781186548));
#11041=DIRECTION('ref_axis',(0.,-0.707106781186548,0.707106781186547));
#11042=DIRECTION('',(0.71056477546163,0.497542812164523,-0.497542812164523));
#11043=DIRECTION('',(0.,-0.707106781186548,0.707106781186547));
#11044=DIRECTION('',(-1.,0.,0.));
#11045=DIRECTION('',(0.71056477546163,0.497542812164523,-0.497542812164523));
#11046=DIRECTION('',(1.,0.,0.));
#11047=DIRECTION('',(-1.,0.,0.));
#11048=DIRECTION('center_axis',(0.,0.707106781186548,-0.707106781186548));
#11049=DIRECTION('ref_axis',(0.,0.707106781186548,0.707106781186548));
#11050=DIRECTION('',(-0.71056477546163,0.497542812164523,0.497542812164523));
#11051=DIRECTION('center_axis',(0.,-1.,-3.40005801291454E-15));
#11052=DIRECTION('ref_axis',(0.,3.40005801291454E-15,-1.));
#11053=DIRECTION('',(0.,3.42830546405885E-15,-1.));
#11054=DIRECTION('',(1.,0.,0.));
#11055=DIRECTION('',(0.,-3.42830546405885E-15,1.));
#11056=DIRECTION('',(-0.819152044288992,-1.95019315843434E-15,0.573576436351046));
#11057=DIRECTION('center_axis',(0.,1.,0.));
#11058=DIRECTION('ref_axis',(0.,0.,1.));
#11059=DIRECTION('center_axis',(1.,0.,0.));
#11060=DIRECTION('ref_axis',(0.,0.,-1.));
#11061=DIRECTION('',(0.,0.707106781186548,-0.707106781186547));
#11062=DIRECTION('',(0.,0.,1.));
#11063=DIRECTION('center_axis',(-0.573576436351046,0.,-0.819152044288992));
#11064=DIRECTION('ref_axis',(-0.819152044288992,0.,0.573576436351046));
#11065=DIRECTION('',(0.819152044288992,0.,-0.573576436351046));
#11066=DIRECTION('',(0.,1.,0.));
#11067=DIRECTION('',(0.,-1.,0.));
#11068=DIRECTION('center_axis',(0.,1.,0.));
#11069=DIRECTION('ref_axis',(0.,0.,1.));
#11070=DIRECTION('',(0.,0.,-1.));
#11071=DIRECTION('center_axis',(-1.,0.,0.));
#11072=DIRECTION('ref_axis',(0.,-1.,0.));
#11073=DIRECTION('center_axis',(0.,0.707106781186547,0.707106781186548));
#11074=DIRECTION('ref_axis',(0.,-0.707106781186548,0.707106781186547));
#11075=DIRECTION('',(1.,0.,0.));
#11076=DIRECTION('',(-1.,0.,0.));
#11077=DIRECTION('',(0.,0.707106781186548,-0.707106781186547));
#11078=DIRECTION('',(0.,-0.707106781186548,0.707106781186547));
#11079=DIRECTION('',(-1.,0.,0.));
#11080=DIRECTION('center_axis',(0.,0.707106781186548,-0.707106781186548));
#11081=DIRECTION('ref_axis',(0.,0.707106781186548,0.707106781186548));
#11082=DIRECTION('center_axis',(1.,0.,0.));
#11083=DIRECTION('ref_axis',(0.,0.,-1.));
#11084=DIRECTION('',(0.,0.,1.));
#11085=DIRECTION('center_axis',(0.,1.,0.));
#11086=DIRECTION('ref_axis',(0.,0.,1.));
#11087=DIRECTION('center_axis',(-1.,0.,0.));
#11088=DIRECTION('ref_axis',(0.,-1.,0.));
#11089=DIRECTION('',(0.,0.,-1.));
#11090=DIRECTION('center_axis',(-1.,0.,0.));
#11091=DIRECTION('ref_axis',(0.,-1.,0.));
#11092=DIRECTION('',(0.,0.,-1.));
#11093=DIRECTION('',(0.,3.42830546405885E-15,-1.));
#11094=DIRECTION('center_axis',(0.,1.,0.));
#11095=DIRECTION('ref_axis',(0.,0.,1.));
#11096=DIRECTION('',(0.,0.,1.));
#11097=DIRECTION('center_axis',(0.,1.,0.));
#11098=DIRECTION('ref_axis',(0.,0.,1.));
#11099=DIRECTION('',(0.,0.,1.));
#11100=DIRECTION('center_axis',(1.,0.,0.));
#11101=DIRECTION('ref_axis',(0.,0.,-1.));
#11102=DIRECTION('center_axis',(0.,-0.707106781186547,-0.707106781186548));
#11103=DIRECTION('ref_axis',(0.,0.707106781186548,-0.707106781186547));
#11104=DIRECTION('',(0.,-0.707106781186548,0.707106781186547));
#11105=DIRECTION('',(1.,0.,0.));
#11106=DIRECTION('',(-0.71056477546163,-0.497542812164524,0.497542812164523));
#11107=DIRECTION('',(1.,0.,0.));
#11108=DIRECTION('',(0.,0.707106781186548,-0.707106781186547));
#11109=DIRECTION('',(-0.71056477546163,-0.497542812164524,0.497542812164523));
#11110=DIRECTION('',(1.,0.,0.));
#11111=DIRECTION('',(0.,0.707106781186548,-0.707106781186547));
#11112=DIRECTION('',(-1.,0.,0.));
#11113=DIRECTION('',(0.,-0.707106781186548,0.707106781186547));
#11114=DIRECTION('',(1.,0.,0.));
#11115=DIRECTION('center_axis',(0.,-0.70710678118655,0.707106781186545));
#11116=DIRECTION('ref_axis',(0.,-0.707106781186545,-0.70710678118655));
#11117=DIRECTION('',(-0.710564775461631,0.497542812164521,0.497542812164524));
#11118=DIRECTION('center_axis',(-0.573576436351046,0.,-0.819152044288992));
#11119=DIRECTION('ref_axis',(-0.819152044288992,0.,0.573576436351046));
#11120=DIRECTION('',(0.,1.,0.));
#11121=DIRECTION('',(-0.819152044288992,-1.95019315843434E-15,0.573576436351046));
#11122=DIRECTION('',(0.71056477546163,0.497542812164523,-0.497542812164523));
#11123=DIRECTION('',(-0.710564775461631,0.497542812164521,0.497542812164524));
#11124=DIRECTION('',(-0.71056477546163,-0.497542812164524,0.497542812164523));
#11125=DIRECTION('',(-0.71056477546163,0.497542812164523,0.497542812164523));
#11126=DIRECTION('',(0.71056477546163,0.497542812164523,-0.497542812164523));
#11127=DIRECTION('',(0.,-1.,0.));
#11128=DIRECTION('',(0.819152044288992,0.,-0.573576436351046));
#11129=DIRECTION('center_axis',(0.,1.,0.));
#11130=DIRECTION('ref_axis',(0.,0.,1.));
#11131=DIRECTION('center_axis',(1.,0.,0.));
#11132=DIRECTION('ref_axis',(0.,0.,-1.));
#11133=DIRECTION('',(0.,0.707106781186547,-0.707106781186548));
#11134=DIRECTION('',(0.,0.,1.));
#11135=DIRECTION('center_axis',(1.,0.,0.));
#11136=DIRECTION('ref_axis',(0.,0.,-1.));
#11137=DIRECTION('',(0.,-3.42830546405885E-15,1.));
#11138=DIRECTION('center_axis',(1.,0.,0.));
#11139=DIRECTION('ref_axis',(0.,0.,-1.));
#11140=DIRECTION('',(0.,-3.42830546405885E-15,1.));
#11141=DIRECTION('',(0.,0.707106781186547,-0.707106781186548));
#11142=DIRECTION('',(0.,0.,1.));
#11143=DIRECTION('center_axis',(0.,-1.,-3.40005801291454E-15));
#11144=DIRECTION('ref_axis',(0.,3.40005801291454E-15,-1.));
#11145=DIRECTION('center_axis',(0.,-1.,-3.40005801291454E-15));
#11146=DIRECTION('ref_axis',(0.,3.40005801291454E-15,-1.));
#11147=DIRECTION('',(0.,3.42830546405885E-15,-1.));
#11148=DIRECTION('',(1.,0.,0.));
#11149=DIRECTION('center_axis',(0.,0.707106781186548,-0.707106781186548));
#11150=DIRECTION('ref_axis',(0.,0.707106781186548,0.707106781186548));
#11151=DIRECTION('',(-1.,0.,0.));
#11152=DIRECTION('',(1.,0.,0.));
#11153=DIRECTION('center_axis',(0.,-0.707106781186547,-0.707106781186548));
#11154=DIRECTION('ref_axis',(0.,0.707106781186548,-0.707106781186547));
#11155=DIRECTION('',(0.,-0.707106781186548,0.707106781186547));
#11156=DIRECTION('',(1.,0.,0.));
#11157=DIRECTION('',(1.,0.,0.));
#11158=DIRECTION('',(0.,-0.707106781186548,0.707106781186547));
#11159=DIRECTION('',(1.,0.,0.));
#11160=DIRECTION('',(0.,0.707106781186548,-0.707106781186547));
#11161=DIRECTION('',(-1.,0.,0.));
#11162=DIRECTION('',(0.,-0.707106781186548,0.707106781186547));
#11163=DIRECTION('',(1.,0.,0.));
#11164=DIRECTION('',(0.,0.707106781186548,-0.707106781186547));
#11165=DIRECTION('',(-1.,0.,0.));
#11166=DIRECTION('center_axis',(0.,-0.70710678118655,0.707106781186545));
#11167=DIRECTION('ref_axis',(0.,-0.707106781186545,-0.70710678118655));
#11168=DIRECTION('',(1.,0.,0.));
#11169=DIRECTION('center_axis',(0.,0.707106781186548,0.707106781186547));
#11170=DIRECTION('ref_axis',(0.,-0.707106781186547,0.707106781186548));
#11171=DIRECTION('',(1.,0.,0.));
#11172=DIRECTION('',(0.,-0.707106781186547,0.707106781186548));
#11173=DIRECTION('',(-1.,0.,0.));
#11174=DIRECTION('',(0.,0.707106781186547,-0.707106781186548));
#11175=DIRECTION('',(-1.,0.,0.));
#11176=DIRECTION('',(0.,-0.707106781186547,0.707106781186548));
#11177=DIRECTION('',(-1.,0.,0.));
#11178=DIRECTION('center_axis',(0.,-1.,-3.40005801291454E-15));
#11179=DIRECTION('ref_axis',(0.,3.40005801291454E-15,-1.));
#11180=DIRECTION('',(0.,3.42830546405885E-15,-1.));
#11181=DIRECTION('center_axis',(-1.,0.,0.));
#11182=DIRECTION('ref_axis',(0.,-1.,0.));
#11183=DIRECTION('',(0.,0.,-1.));
#11184=DIRECTION('center_axis',(-1.,0.,0.));
#11185=DIRECTION('ref_axis',(0.,-1.,0.));
#11186=DIRECTION('',(0.,0.,-1.));
#11187=DIRECTION('',(0.,3.42830546405885E-15,-1.));
#11188=DIRECTION('center_axis',(0.,1.,0.));
#11189=DIRECTION('ref_axis',(0.,0.,1.));
#11190=DIRECTION('',(0.,0.,1.));
#11191=DIRECTION('center_axis',(0.,1.,0.));
#11192=DIRECTION('ref_axis',(0.,0.,1.));
#11193=DIRECTION('',(0.,0.,1.));
#11194=DIRECTION('center_axis',(1.,0.,0.));
#11195=DIRECTION('ref_axis',(0.,0.,-1.));
#11196=DIRECTION('center_axis',(1.,0.,0.));
#11197=DIRECTION('ref_axis',(0.,0.,-1.));
#11198=DIRECTION('',(0.,0.,1.));
#11199=DIRECTION('center_axis',(0.,1.,0.));
#11200=DIRECTION('ref_axis',(0.,0.,1.));
#11201=DIRECTION('center_axis',(-1.,0.,0.));
#11202=DIRECTION('ref_axis',(0.,-1.,0.));
#11203=DIRECTION('',(0.,0.,-1.));
#11204=DIRECTION('center_axis',(-1.,0.,0.));
#11205=DIRECTION('ref_axis',(0.,-1.,0.));
#11206=DIRECTION('',(0.,0.,-1.));
#11207=DIRECTION('',(0.,3.42830546405885E-15,-1.));
#11208=DIRECTION('center_axis',(0.,1.,0.));
#11209=DIRECTION('ref_axis',(0.,0.,1.));
#11210=DIRECTION('center_axis',(0.,1.,0.));
#11211=DIRECTION('ref_axis',(0.,0.,1.));
#11212=DIRECTION('',(0.,0.,1.));
#11213=DIRECTION('center_axis',(-0.573576436351046,0.,-0.819152044288992));
#11214=DIRECTION('ref_axis',(-0.819152044288992,0.,0.573576436351046));
#11215=DIRECTION('',(0.,-1.,0.));
#11216=DIRECTION('',(-0.710564775461631,0.497542812164521,0.497542812164524));
#11217=DIRECTION('',(-0.71056477546163,-0.497542812164524,0.497542812164523));
#11218=DIRECTION('center_axis',(0.,-0.707106781186547,-0.707106781186548));
#11219=DIRECTION('ref_axis',(0.,0.707106781186548,-0.707106781186547));
#11220=DIRECTION('',(0.,-0.707106781186548,0.707106781186547));
#11221=DIRECTION('',(1.,0.,0.));
#11222=DIRECTION('',(-1.,0.,0.));
#11223=DIRECTION('',(0.,0.707106781186548,-0.707106781186547));
#11224=DIRECTION('',(1.,0.,0.));
#11225=DIRECTION('',(-1.,0.,0.));
#11226=DIRECTION('',(0.,-0.707106781186548,0.707106781186547));
#11227=DIRECTION('',(1.,0.,0.));
#11228=DIRECTION('',(0.,0.707106781186548,-0.707106781186547));
#11229=DIRECTION('',(-1.,0.,0.));
#11230=DIRECTION('',(0.,-0.707106781186548,0.707106781186547));
#11231=DIRECTION('',(1.,0.,0.));
#11232=DIRECTION('',(0.,0.707106781186548,-0.707106781186547));
#11233=DIRECTION('center_axis',(0.,-0.70710678118655,0.707106781186545));
#11234=DIRECTION('ref_axis',(0.,-0.707106781186545,-0.70710678118655));
#11235=DIRECTION('center_axis',(0.,0.707106781186548,-0.707106781186548));
#11236=DIRECTION('ref_axis',(0.,0.707106781186548,0.707106781186548));
#11237=DIRECTION('',(0.,-0.707106781186548,-0.707106781186548));
#11238=DIRECTION('center_axis',(1.,0.,0.));
#11239=DIRECTION('ref_axis',(0.,0.,-1.));
#11240=DIRECTION('center_axis',(1.,0.,0.));
#11241=DIRECTION('ref_axis',(0.,0.,-1.));
#11242=DIRECTION('',(0.,-3.42830546405885E-15,1.));
#11243=DIRECTION('center_axis',(1.,0.,0.));
#11244=DIRECTION('ref_axis',(0.,0.,-1.));
#11245=DIRECTION('',(0.,-1.77635683940025E-15,-1.));
#11246=DIRECTION('',(0.,-1.77635683940025E-15,-1.));
#11247=DIRECTION('center_axis',(0.,1.,0.));
#11248=DIRECTION('ref_axis',(0.,0.,1.));
#11249=DIRECTION('',(0.,-1.77635683940025E-15,-1.));
#11250=DIRECTION('center_axis',(0.,-1.,-3.40005801291454E-15));
#11251=DIRECTION('ref_axis',(0.,3.40005801291454E-15,-1.));
#11252=DIRECTION('center_axis',(0.,-1.,-3.40005801291454E-15));
#11253=DIRECTION('ref_axis',(0.,3.40005801291454E-15,-1.));
#11254=DIRECTION('',(0.,3.42830546405885E-15,-1.));
#11255=DIRECTION('center_axis',(-1.,0.,0.));
#11256=DIRECTION('ref_axis',(0.,-1.,0.));
#11257=DIRECTION('center_axis',(0.,1.,0.));
#11258=DIRECTION('ref_axis',(0.,0.,1.));
#11259=DIRECTION('center_axis',(0.,1.,0.));
#11260=DIRECTION('ref_axis',(0.,0.,1.));
#11261=DIRECTION('',(0.,0.,1.));
#11262=DIRECTION('',(1.,0.,0.));
#11263=DIRECTION('center_axis',(1.,0.,0.));
#11264=DIRECTION('ref_axis',(0.,0.,-1.));
#11265=DIRECTION('',(0.,-1.,-3.40005801291454E-15));
#11266=DIRECTION('center_axis',(0.,1.72084568816899E-15,-1.));
#11267=DIRECTION('ref_axis',(0.,1.,1.72084568816899E-15));
#11268=DIRECTION('center_axis',(1.,0.,0.));
#11269=DIRECTION('ref_axis',(0.,0.,-1.));
#11270=DIRECTION('',(0.,-3.42830546405885E-15,1.));
#11271=DIRECTION('center_axis',(1.,0.,0.));
#11272=DIRECTION('ref_axis',(0.,0.,-1.));
#11273=DIRECTION('',(0.,-1.77635683940025E-15,-1.));
#11274=DIRECTION('',(0.,-1.77635683940025E-15,-1.));
#11275=DIRECTION('center_axis',(0.,1.,0.));
#11276=DIRECTION('ref_axis',(0.,0.,1.));
#11277=DIRECTION('',(0.,-1.77635683940025E-15,-1.));
#11278=DIRECTION('center_axis',(0.,-1.,-3.40005801291454E-15));
#11279=DIRECTION('ref_axis',(0.,3.40005801291454E-15,-1.));
#11280=DIRECTION('center_axis',(0.,-1.,-3.40005801291454E-15));
#11281=DIRECTION('ref_axis',(0.,3.40005801291454E-15,-1.));
#11282=DIRECTION('',(0.,3.42830546405885E-15,-1.));
#11283=DIRECTION('center_axis',(-1.,0.,0.));
#11284=DIRECTION('ref_axis',(0.,-1.,0.));
#11285=DIRECTION('center_axis',(0.,0.,-1.));
#11286=DIRECTION('ref_axis',(-1.,0.,0.));
#11287=DIRECTION('',(0.,1.,-3.40005801291454E-15));
#11288=DIRECTION('',(1.,0.,0.));
#11289=DIRECTION('',(0.,-1.,3.40005801291454E-15));
#11290=DIRECTION('',(-1.,0.,0.));
#11291=DIRECTION('center_axis',(0.,0.,-1.));
#11292=DIRECTION('ref_axis',(-1.,0.,0.));
#11293=DIRECTION('',(0.,1.,-3.40005801291454E-15));
#11294=DIRECTION('',(1.,0.,0.));
#11295=DIRECTION('',(0.,-1.,3.40005801291454E-15));
#11296=DIRECTION('',(-1.,0.,0.));
#11297=DIRECTION('center_axis',(1.,0.,0.));
#11298=DIRECTION('ref_axis',(0.,1.,0.));
#11299=DIRECTION('',(0.,-3.42830546405885E-15,-1.));
#11300=DIRECTION('',(0.,1.,-3.40005801291454E-15));
#11301=DIRECTION('',(0.,0.,-1.));
#11302=DIRECTION('',(0.,0.,-1.));
#11303=DIRECTION('',(0.,0.,-1.));
#11304=DIRECTION('',(0.,0.,-1.));
#11305=DIRECTION('',(0.,0.,-1.));
#11306=DIRECTION('',(0.,0.,-1.));
#11307=DIRECTION('',(0.,0.,-1.));
#11308=DIRECTION('',(0.,0.,-1.));
#11309=DIRECTION('',(0.,0.,-1.));
#11310=DIRECTION('',(0.,0.,-1.));
#11311=DIRECTION('',(0.,0.,-1.));
#11312=DIRECTION('',(0.,0.,-1.));
#11313=DIRECTION('',(0.,0.,-1.));
#11314=DIRECTION('',(0.,0.,-1.));
#11315=DIRECTION('',(0.,0.,-1.));
#11316=DIRECTION('',(0.,-1.,3.5527136788005E-15));
#11317=DIRECTION('center_axis',(0.,0.707106781186547,-0.707106781186548));
#11318=DIRECTION('ref_axis',(0.,0.707106781186548,0.707106781186547));
#11319=DIRECTION('',(0.,0.707106781186548,0.707106781186547));
#11320=DIRECTION('',(0.71056477546163,-0.497542812164523,-0.497542812164523));
#11321=DIRECTION('',(1.,0.,0.));
#11322=DIRECTION('',(0.,0.707106781186548,0.707106781186547));
#11323=DIRECTION('',(0.,-0.707106781186548,-0.707106781186547));
#11324=DIRECTION('',(-1.,0.,0.));
#11325=DIRECTION('',(-1.,0.,0.));
#11326=DIRECTION('',(0.,-0.707106781186548,-0.707106781186548));
#11327=DIRECTION('',(1.,0.,0.));
#11328=DIRECTION('',(1.,0.,0.));
#11329=DIRECTION('',(0.,-0.707106781186548,-0.707106781186547));
#11330=DIRECTION('',(-1.,0.,0.));
#11331=DIRECTION('',(0.,0.707106781186548,0.707106781186547));
#11332=DIRECTION('',(1.,0.,0.));
#11333=DIRECTION('',(0.,-0.707106781186548,-0.707106781186547));
#11334=DIRECTION('',(-1.,0.,0.));
#11335=DIRECTION('',(0.,0.707106781186548,0.707106781186547));
#11336=DIRECTION('center_axis',(0.,-1.,0.));
#11337=DIRECTION('ref_axis',(0.,0.,1.));
#11338=DIRECTION('',(-1.,0.,0.));
#11339=DIRECTION('',(0.,0.,1.));
#11340=DIRECTION('center_axis',(1.,0.,0.));
#11341=DIRECTION('ref_axis',(0.,0.,1.));
#11342=DIRECTION('',(0.,0.707106781186548,0.707106781186547));
#11343=DIRECTION('',(0.,-0.707106781186548,0.707106781186548));
#11344=DIRECTION('center_axis',(0.,-1.,0.));
#11345=DIRECTION('ref_axis',(0.,0.,1.));
#11346=DIRECTION('',(-1.,0.,0.));
#11347=DIRECTION('',(0.,0.,1.));
#11348=DIRECTION('',(-1.,0.,0.));
#11349=DIRECTION('center_axis',(1.,0.,0.));
#11350=DIRECTION('ref_axis',(0.,0.,1.));
#11351=DIRECTION('',(0.,0.707106781186548,0.707106781186547));
#11352=DIRECTION('',(0.,-0.707106781186548,0.707106781186548));
#11353=DIRECTION('',(0.,-0.707106781186547,-0.707106781186548));
#11354=DIRECTION('center_axis',(0.,-1.,0.));
#11355=DIRECTION('ref_axis',(0.,0.,1.));
#11356=DIRECTION('',(-1.,0.,0.));
#11357=DIRECTION('',(0.,0.,1.));
#11358=DIRECTION('',(-1.,0.,0.));
#11359=DIRECTION('center_axis',(1.,0.,0.));
#11360=DIRECTION('ref_axis',(0.,0.,1.));
#11361=DIRECTION('',(0.,0.707106781186547,0.707106781186548));
#11362=DIRECTION('',(0.,-0.707106781186548,0.707106781186548));
#11363=DIRECTION('',(0.,-0.707106781186547,-0.707106781186548));
#11364=DIRECTION('center_axis',(0.,-1.,0.));
#11365=DIRECTION('ref_axis',(0.,0.,1.));
#11366=DIRECTION('',(-1.,0.,0.));
#11367=DIRECTION('',(0.,0.,1.));
#11368=DIRECTION('',(-1.,0.,0.));
#11369=DIRECTION('center_axis',(1.,0.,0.));
#11370=DIRECTION('ref_axis',(0.,0.,1.));
#11371=DIRECTION('',(0.,0.707106781186548,0.707106781186548));
#11372=DIRECTION('',(0.,-0.707106781186548,0.707106781186548));
#11373=DIRECTION('',(0.,-0.707106781186548,-0.707106781186548));
#11374=DIRECTION('center_axis',(0.,-1.,0.));
#11375=DIRECTION('ref_axis',(0.,0.,1.));
#11376=DIRECTION('',(-1.,0.,0.));
#11377=DIRECTION('',(0.,0.,1.));
#11378=DIRECTION('',(-1.,0.,0.));
#11379=DIRECTION('center_axis',(1.,0.,0.));
#11380=DIRECTION('ref_axis',(0.,0.,1.));
#11381=DIRECTION('',(0.,0.707106781186548,0.707106781186547));
#11382=DIRECTION('',(0.,-0.707106781186548,0.707106781186548));
#11383=DIRECTION('',(0.,-0.707106781186548,-0.707106781186547));
#11384=DIRECTION('center_axis',(0.,-1.,0.));
#11385=DIRECTION('ref_axis',(0.,0.,1.));
#11386=DIRECTION('',(-1.,0.,0.));
#11387=DIRECTION('',(0.,0.,1.));
#11388=DIRECTION('',(-1.,0.,0.));
#11389=DIRECTION('center_axis',(1.,0.,0.));
#11390=DIRECTION('ref_axis',(0.,0.,1.));
#11391=DIRECTION('',(0.,0.707106781186548,0.707106781186548));
#11392=DIRECTION('',(0.,-0.707106781186548,0.707106781186548));
#11393=DIRECTION('',(0.,-0.707106781186547,-0.707106781186547));
#11394=DIRECTION('center_axis',(0.,-1.,0.));
#11395=DIRECTION('ref_axis',(0.,0.,1.));
#11396=DIRECTION('',(-1.,0.,0.));
#11397=DIRECTION('',(0.,0.,1.));
#11398=DIRECTION('',(-1.,0.,0.));
#11399=DIRECTION('center_axis',(1.,0.,0.));
#11400=DIRECTION('ref_axis',(0.,0.,1.));
#11401=DIRECTION('',(0.,0.707106781186548,0.707106781186547));
#11402=DIRECTION('',(0.,-0.707106781186548,0.707106781186548));
#11403=DIRECTION('',(0.,-0.707106781186548,-0.707106781186547));
#11404=DIRECTION('center_axis',(-1.,0.,0.));
#11405=DIRECTION('ref_axis',(0.,-1.,0.));
#11406=DIRECTION('',(0.,1.,0.));
#11407=DIRECTION('',(0.,-0.707106781186548,-0.707106781186547));
#11408=DIRECTION('',(0.,0.,1.));
#11409=DIRECTION('center_axis',(-1.,0.,0.));
#11410=DIRECTION('ref_axis',(0.,-1.,0.));
#11411=DIRECTION('',(0.,-0.707106781186548,-0.707106781186547));
#11412=DIRECTION('',(0.,0.,1.));
#11413=DIRECTION('',(0.,0.707106781186547,0.707106781186548));
#11414=DIRECTION('',(0.,0.707106781186548,-0.707106781186548));
#11415=DIRECTION('center_axis',(-1.,0.,0.));
#11416=DIRECTION('ref_axis',(0.,-1.,0.));
#11417=DIRECTION('',(0.,-0.707106781186548,-0.707106781186547));
#11418=DIRECTION('',(0.,0.,1.));
#11419=DIRECTION('',(0.,0.707106781186548,0.707106781186547));
#11420=DIRECTION('',(0.,0.707106781186545,-0.70710678118655));
#11421=DIRECTION('center_axis',(-1.,0.,0.));
#11422=DIRECTION('ref_axis',(0.,-1.,0.));
#11423=DIRECTION('',(0.,-0.707106781186548,-0.707106781186547));
#11424=DIRECTION('',(0.,0.,1.));
#11425=DIRECTION('',(0.,0.707106781186548,0.707106781186547));
#11426=DIRECTION('',(0.,0.707106781186543,-0.707106781186552));
#11427=DIRECTION('center_axis',(-1.,0.,0.));
#11428=DIRECTION('ref_axis',(0.,-1.,0.));
#11429=DIRECTION('',(0.,-0.707106781186548,-0.707106781186547));
#11430=DIRECTION('',(0.,0.,1.));
#11431=DIRECTION('',(0.,0.707106781186548,0.707106781186548));
#11432=DIRECTION('',(0.,0.707106781186545,-0.70710678118655));
#11433=DIRECTION('center_axis',(-1.,0.,0.));
#11434=DIRECTION('ref_axis',(0.,-1.,0.));
#11435=DIRECTION('',(0.,-0.707106781186548,-0.707106781186547));
#11436=DIRECTION('',(0.,0.,1.));
#11437=DIRECTION('',(0.,0.707106781186547,0.707106781186548));
#11438=DIRECTION('',(0.,0.707106781186545,-0.70710678118655));
#11439=DIRECTION('center_axis',(-1.,0.,0.));
#11440=DIRECTION('ref_axis',(0.,-1.,0.));
#11441=DIRECTION('',(0.,-0.707106781186548,-0.707106781186547));
#11442=DIRECTION('',(0.,0.,1.));
#11443=DIRECTION('',(0.,0.707106781186545,-0.70710678118655));
#11444=DIRECTION('center_axis',(0.,-1.,3.40005801291454E-15));
#11445=DIRECTION('ref_axis',(0.,-3.40005801291454E-15,-1.));
#11446=DIRECTION('',(1.,0.,0.));
#11447=DIRECTION('',(-0.819152044288992,1.95019315843434E-15,0.573576436351046));
#11448=DIRECTION('',(0.,3.42830546405885E-15,1.));
#11449=DIRECTION('',(0.,3.42830546405885E-15,1.));
#11450=DIRECTION('',(0.,3.42830546405885E-15,1.));
#11451=DIRECTION('',(0.,3.42830546405885E-15,1.));
#11452=DIRECTION('',(0.,3.42830546405885E-15,1.));
#11453=DIRECTION('',(0.,3.42830546405885E-15,1.));
#11454=DIRECTION('',(0.,3.42830546405885E-15,1.));
#11455=DIRECTION('center_axis',(0.573576436351046,0.,0.819152044288992));
#11456=DIRECTION('ref_axis',(-0.819152044288992,0.,0.573576436351046));
#11457=DIRECTION('',(0.819152044288992,0.,-0.573576436351046));
#11458=DIRECTION('',(0.,1.,0.));
#11459=DIRECTION('',(0.71056477546163,-0.497542812164523,-0.497542812164523));
#11460=DIRECTION('',(-0.71056477546163,-0.497542812164523,0.497542812164523));
#11461=DIRECTION('',(-0.71056477546163,0.497542812164524,0.497542812164523));
#11462=DIRECTION('center_axis',(0.,-0.707106781186547,0.707106781186548));
#11463=DIRECTION('ref_axis',(0.,-0.707106781186548,-0.707106781186547));
#11464=DIRECTION('',(-1.,0.,0.));
#11465=DIRECTION('',(1.,0.,0.));
#11466=DIRECTION('',(0.,0.707106781186548,0.707106781186547));
#11467=DIRECTION('center_axis',(0.573576436351046,0.,0.819152044288992));
#11468=DIRECTION('ref_axis',(-0.819152044288992,0.,0.573576436351046));
#11469=DIRECTION('',(0.71056477546163,-0.497542812164523,-0.497542812164523));
#11470=DIRECTION('',(-0.71056477546163,-0.497542812164523,0.497542812164523));
#11471=DIRECTION('',(-0.71056477546163,0.497542812164524,0.497542812164523));
#11472=DIRECTION('',(-0.71056477546163,-0.497542812164523,0.497542812164523));
#11473=DIRECTION('center_axis',(0.573576436351046,0.,0.819152044288992));
#11474=DIRECTION('ref_axis',(-0.819152044288992,0.,0.573576436351046));
#11475=DIRECTION('',(0.71056477546163,-0.497542812164523,-0.497542812164523));
#11476=DIRECTION('',(-0.71056477546163,-0.497542812164523,0.497542812164523));
#11477=DIRECTION('',(-0.710564775461629,0.497542812164524,0.497542812164523));
#11478=DIRECTION('',(-0.710564775461632,-0.497542812164518,0.497542812164525));
#11479=DIRECTION('center_axis',(0.,0.707106781186548,-0.707106781186548));
#11480=DIRECTION('ref_axis',(0.,0.707106781186548,0.707106781186548));
#11481=DIRECTION('',(0.,-0.707106781186548,-0.707106781186548));
#11482=DIRECTION('',(-1.,0.,0.));
#11483=DIRECTION('',(1.,0.,0.));
#11484=DIRECTION('center_axis',(0.,-0.707106781186547,0.707106781186548));
#11485=DIRECTION('ref_axis',(0.,-0.707106781186548,-0.707106781186547));
#11486=DIRECTION('',(1.,0.,0.));
#11487=DIRECTION('',(-1.,0.,0.));
#11488=DIRECTION('',(1.,0.,0.));
#11489=DIRECTION('',(0.,0.707106781186548,0.707106781186547));
#11490=DIRECTION('center_axis',(0.,-0.707106781186548,-0.707106781186548));
#11491=DIRECTION('ref_axis',(0.,0.707106781186548,-0.707106781186548));
#11492=DIRECTION('',(1.,0.,0.));
#11493=DIRECTION('center_axis',(0.,-0.707106781186547,0.707106781186548));
#11494=DIRECTION('ref_axis',(0.,-0.707106781186548,-0.707106781186547));
#11495=DIRECTION('',(1.,0.,0.));
#11496=DIRECTION('',(-0.71056477546163,0.497542812164524,0.497542812164523));
#11497=DIRECTION('',(-1.,0.,0.));
#11498=DIRECTION('',(0.,-0.707106781186548,-0.707106781186547));
#11499=DIRECTION('',(1.,0.,0.));
#11500=DIRECTION('',(0.,0.707106781186548,0.707106781186547));
#11501=DIRECTION('',(-0.71056477546163,0.497542812164524,0.497542812164523));
#11502=DIRECTION('',(-1.,0.,0.));
#11503=DIRECTION('',(1.,0.,0.));
#11504=DIRECTION('',(0.,0.707106781186548,0.707106781186547));
#11505=DIRECTION('center_axis',(0.,-0.70710678118655,-0.707106781186545));
#11506=DIRECTION('ref_axis',(0.,0.707106781186545,-0.70710678118655));
#11507=DIRECTION('',(1.,0.,0.));
#11508=DIRECTION('',(-0.710564775461631,-0.497542812164521,0.497542812164524));
#11509=DIRECTION('center_axis',(0.,-0.707106781186547,0.707106781186548));
#11510=DIRECTION('ref_axis',(0.,-0.707106781186548,-0.707106781186547));
#11511=DIRECTION('',(1.,0.,0.));
#11512=DIRECTION('',(-1.,0.,0.));
#11513=DIRECTION('',(1.,0.,0.));
#11514=DIRECTION('',(0.,0.707106781186548,0.707106781186547));
#11515=DIRECTION('',(0.,0.707106781186548,0.707106781186547));
#11516=DIRECTION('',(-1.,0.,0.));
#11517=DIRECTION('',(0.,-0.707106781186548,-0.707106781186547));
#11518=DIRECTION('',(1.,0.,0.));
#11519=DIRECTION('center_axis',(0.,-0.707106781186552,-0.707106781186543));
#11520=DIRECTION('ref_axis',(0.,0.707106781186543,-0.707106781186552));
#11521=DIRECTION('',(1.,0.,0.));
#11522=DIRECTION('center_axis',(0.,0.707106781186548,-0.707106781186548));
#11523=DIRECTION('ref_axis',(0.,0.707106781186548,0.707106781186548));
#11524=DIRECTION('',(0.,-0.707106781186547,-0.707106781186547));
#11525=DIRECTION('',(-1.,0.,0.));
#11526=DIRECTION('',(1.,0.,0.));
#11527=DIRECTION('',(0.71056477546163,-0.497542812164523,-0.497542812164523));
#11528=DIRECTION('',(1.,0.,0.));
#11529=DIRECTION('',(0.,0.707106781186547,0.707106781186547));
#11530=DIRECTION('',(1.,0.,0.));
#11531=DIRECTION('',(0.,-0.707106781186547,-0.707106781186547));
#11532=DIRECTION('',(-1.,0.,0.));
#11533=DIRECTION('center_axis',(0.,0.707106781186548,0.707106781186548));
#11534=DIRECTION('ref_axis',(0.,-0.707106781186548,0.707106781186548));
#11535=DIRECTION('',(-0.71056477546163,-0.497542812164523,0.497542812164523));
#11536=DIRECTION('',(-1.,0.,0.));
#11537=DIRECTION('center_axis',(0.,0.707106781186548,0.707106781186548));
#11538=DIRECTION('ref_axis',(0.,-0.707106781186548,0.707106781186548));
#11539=DIRECTION('center_axis',(0.,1.,0.));
#11540=DIRECTION('ref_axis',(0.,0.,1.));
#11541=DIRECTION('',(0.,0.,1.));
#11542=DIRECTION('center_axis',(-1.,0.,0.));
#11543=DIRECTION('ref_axis',(0.,0.,-1.));
#11544=DIRECTION('center_axis',(-1.,0.,0.));
#11545=DIRECTION('ref_axis',(0.,0.,-1.));
#11546=DIRECTION('',(0.,0.,1.));
#11547=DIRECTION('',(0.,-0.707106781186547,-0.707106781186548));
#11548=DIRECTION('center_axis',(0.,0.707106781186548,-0.707106781186547));
#11549=DIRECTION('ref_axis',(0.,0.707106781186547,0.707106781186548));
#11550=DIRECTION('',(-1.,0.,0.));
#11551=DIRECTION('',(1.,0.,0.));
#11552=DIRECTION('center_axis',(0.,0.707106781186548,0.707106781186548));
#11553=DIRECTION('ref_axis',(0.,-0.707106781186548,0.707106781186548));
#11554=DIRECTION('center_axis',(-1.,0.,0.));
#11555=DIRECTION('ref_axis',(0.,0.,-1.));
#11556=DIRECTION('',(0.,0.,1.));
#11557=DIRECTION('',(0.,-0.707106781186548,-0.707106781186547));
#11558=DIRECTION('center_axis',(0.,1.,0.));
#11559=DIRECTION('ref_axis',(0.,0.,1.));
#11560=DIRECTION('center_axis',(0.,0.707106781186547,-0.707106781186548));
#11561=DIRECTION('ref_axis',(0.,0.707106781186548,0.707106781186547));
#11562=DIRECTION('',(-1.,0.,0.));
#11563=DIRECTION('',(1.,0.,0.));
#11564=DIRECTION('',(0.71056477546163,-0.497542812164523,-0.497542812164523));
#11565=DIRECTION('',(-1.,0.,0.));
#11566=DIRECTION('',(0.,0.707106781186548,0.707106781186547));
#11567=DIRECTION('',(0.71056477546163,-0.497542812164523,-0.497542812164523));
#11568=DIRECTION('center_axis',(0.,0.707106781186548,0.707106781186548));
#11569=DIRECTION('ref_axis',(0.,-0.707106781186548,0.707106781186548));
#11570=DIRECTION('',(-0.71056477546163,-0.497542812164523,0.497542812164523));
#11571=DIRECTION('center_axis',(0.,-1.,3.40005801291454E-15));
#11572=DIRECTION('ref_axis',(0.,-3.40005801291454E-15,-1.));
#11573=DIRECTION('',(-0.819152044288992,1.95019315843434E-15,0.573576436351046));
#11574=DIRECTION('',(0.,3.42830546405885E-15,1.));
#11575=DIRECTION('',(1.,0.,0.));
#11576=DIRECTION('',(0.,-3.42830546405885E-15,-1.));
#11577=DIRECTION('center_axis',(0.,1.,0.));
#11578=DIRECTION('ref_axis',(0.,0.,1.));
#11579=DIRECTION('center_axis',(-1.,0.,0.));
#11580=DIRECTION('ref_axis',(0.,0.,-1.));
#11581=DIRECTION('',(0.,0.,1.));
#11582=DIRECTION('',(0.,-0.707106781186548,-0.707106781186547));
#11583=DIRECTION('center_axis',(0.573576436351046,0.,0.819152044288992));
#11584=DIRECTION('ref_axis',(-0.819152044288992,0.,0.573576436351046));
#11585=DIRECTION('',(0.819152044288992,0.,-0.573576436351046));
#11586=DIRECTION('',(0.,1.,0.));
#11587=DIRECTION('',(0.,-1.,0.));
#11588=DIRECTION('center_axis',(0.,1.,0.));
#11589=DIRECTION('ref_axis',(0.,0.,1.));
#11590=DIRECTION('',(0.,0.,-1.));
#11591=DIRECTION('center_axis',(1.,0.,0.));
#11592=DIRECTION('ref_axis',(0.,1.,0.));
#11593=DIRECTION('center_axis',(0.,0.707106781186547,-0.707106781186548));
#11594=DIRECTION('ref_axis',(0.,0.707106781186548,0.707106781186547));
#11595=DIRECTION('',(-1.,0.,0.));
#11596=DIRECTION('',(1.,0.,0.));
#11597=DIRECTION('',(0.,-0.707106781186548,-0.707106781186547));
#11598=DIRECTION('',(-1.,0.,0.));
#11599=DIRECTION('',(0.,0.707106781186548,0.707106781186547));
#11600=DIRECTION('center_axis',(0.,0.707106781186548,0.707106781186548));
#11601=DIRECTION('ref_axis',(0.,-0.707106781186548,0.707106781186548));
#11602=DIRECTION('center_axis',(-1.,0.,0.));
#11603=DIRECTION('ref_axis',(0.,0.,-1.));
#11604=DIRECTION('',(0.,0.,1.));
#11605=DIRECTION('center_axis',(0.,1.,0.));
#11606=DIRECTION('ref_axis',(0.,0.,1.));
#11607=DIRECTION('center_axis',(1.,0.,0.));
#11608=DIRECTION('ref_axis',(0.,1.,0.));
#11609=DIRECTION('',(0.,0.,-1.));
#11610=DIRECTION('center_axis',(1.,0.,0.));
#11611=DIRECTION('ref_axis',(0.,1.,0.));
#11612=DIRECTION('',(0.,-3.42830546405885E-15,-1.));
#11613=DIRECTION('',(0.,0.,-1.));
#11614=DIRECTION('center_axis',(0.,1.,0.));
#11615=DIRECTION('ref_axis',(0.,0.,1.));
#11616=DIRECTION('',(0.,0.,1.));
#11617=DIRECTION('center_axis',(0.,1.,0.));
#11618=DIRECTION('ref_axis',(0.,0.,1.));
#11619=DIRECTION('',(0.,0.,1.));
#11620=DIRECTION('center_axis',(-1.,0.,0.));
#11621=DIRECTION('ref_axis',(0.,0.,-1.));
#11622=DIRECTION('center_axis',(0.,-0.707106781186547,0.707106781186548));
#11623=DIRECTION('ref_axis',(0.,-0.707106781186548,-0.707106781186547));
#11624=DIRECTION('',(1.,0.,0.));
#11625=DIRECTION('',(-0.71056477546163,0.497542812164524,0.497542812164523));
#11626=DIRECTION('',(0.,-0.707106781186548,-0.707106781186547));
#11627=DIRECTION('',(1.,0.,0.));
#11628=DIRECTION('',(-0.71056477546163,0.497542812164524,0.497542812164523));
#11629=DIRECTION('',(1.,0.,0.));
#11630=DIRECTION('',(0.,0.707106781186548,0.707106781186547));
#11631=DIRECTION('',(0.,-0.707106781186548,-0.707106781186547));
#11632=DIRECTION('',(1.,0.,0.));
#11633=DIRECTION('',(0.,0.707106781186548,0.707106781186547));
#11634=DIRECTION('',(-1.,0.,0.));
#11635=DIRECTION('center_axis',(0.,-0.70710678118655,-0.707106781186545));
#11636=DIRECTION('ref_axis',(0.,0.707106781186545,-0.70710678118655));
#11637=DIRECTION('',(-0.710564775461631,-0.497542812164521,0.497542812164524));
#11638=DIRECTION('center_axis',(0.573576436351046,0.,0.819152044288992));
#11639=DIRECTION('ref_axis',(-0.819152044288992,0.,0.573576436351046));
#11640=DIRECTION('',(0.,-1.,0.));
#11641=DIRECTION('',(0.819152044288992,0.,-0.573576436351046));
#11642=DIRECTION('',(0.,1.,0.));
#11643=DIRECTION('',(0.71056477546163,-0.497542812164523,-0.497542812164523));
#11644=DIRECTION('',(-0.71056477546163,-0.497542812164523,0.497542812164523));
#11645=DIRECTION('',(-0.71056477546163,0.497542812164524,0.497542812164523));
#11646=DIRECTION('',(-0.710564775461631,-0.497542812164521,0.497542812164524));
#11647=DIRECTION('',(0.71056477546163,-0.497542812164523,-0.497542812164523));
#11648=DIRECTION('',(-0.819152044288992,1.95019315843434E-15,0.573576436351046));
#11649=DIRECTION('center_axis',(0.,1.,0.));
#11650=DIRECTION('ref_axis',(0.,0.,1.));
#11651=DIRECTION('center_axis',(-1.,0.,0.));
#11652=DIRECTION('ref_axis',(0.,0.,-1.));
#11653=DIRECTION('',(0.,0.,1.));
#11654=DIRECTION('',(0.,-0.707106781186547,-0.707106781186548));
#11655=DIRECTION('center_axis',(-1.,0.,0.));
#11656=DIRECTION('ref_axis',(0.,0.,-1.));
#11657=DIRECTION('',(0.,3.42830546405885E-15,1.));
#11658=DIRECTION('center_axis',(-1.,0.,0.));
#11659=DIRECTION('ref_axis',(0.,0.,-1.));
#11660=DIRECTION('',(0.,0.,1.));
#11661=DIRECTION('',(0.,-0.707106781186547,-0.707106781186548));
#11662=DIRECTION('',(0.,3.42830546405885E-15,1.));
#11663=DIRECTION('center_axis',(0.,-1.,3.40005801291454E-15));
#11664=DIRECTION('ref_axis',(0.,-3.40005801291454E-15,-1.));
#11665=DIRECTION('center_axis',(0.,-1.,3.40005801291454E-15));
#11666=DIRECTION('ref_axis',(0.,-3.40005801291454E-15,-1.));
#11667=DIRECTION('',(1.,0.,0.));
#11668=DIRECTION('',(0.,-3.42830546405885E-15,-1.));
#11669=DIRECTION('center_axis',(0.,0.707106781186548,0.707106781186548));
#11670=DIRECTION('ref_axis',(0.,-0.707106781186548,0.707106781186548));
#11671=DIRECTION('',(1.,0.,0.));
#11672=DIRECTION('',(-1.,0.,0.));
#11673=DIRECTION('center_axis',(0.,-0.707106781186547,0.707106781186548));
#11674=DIRECTION('ref_axis',(0.,-0.707106781186548,-0.707106781186547));
#11675=DIRECTION('',(1.,0.,0.));
#11676=DIRECTION('',(1.,0.,0.));
#11677=DIRECTION('',(0.,0.707106781186548,0.707106781186547));
#11678=DIRECTION('',(0.,0.707106781186548,0.707106781186547));
#11679=DIRECTION('',(-1.,0.,0.));
#11680=DIRECTION('',(0.,-0.707106781186548,-0.707106781186547));
#11681=DIRECTION('',(1.,0.,0.));
#11682=DIRECTION('',(0.,0.707106781186548,0.707106781186547));
#11683=DIRECTION('',(-1.,0.,0.));
#11684=DIRECTION('',(0.,-0.707106781186548,-0.707106781186547));
#11685=DIRECTION('',(1.,0.,0.));
#11686=DIRECTION('center_axis',(0.,-0.70710678118655,-0.707106781186545));
#11687=DIRECTION('ref_axis',(0.,0.707106781186545,-0.70710678118655));
#11688=DIRECTION('',(1.,0.,0.));
#11689=DIRECTION('center_axis',(0.,0.707106781186548,-0.707106781186547));
#11690=DIRECTION('ref_axis',(0.,0.707106781186547,0.707106781186548));
#11691=DIRECTION('',(-1.,0.,0.));
#11692=DIRECTION('',(0.,-0.707106781186547,-0.707106781186548));
#11693=DIRECTION('',(-1.,0.,0.));
#11694=DIRECTION('',(0.,0.707106781186547,0.707106781186548));
#11695=DIRECTION('',(1.,0.,0.));
#11696=DIRECTION('',(-1.,0.,0.));
#11697=DIRECTION('',(0.,0.707106781186547,0.707106781186548));
#11698=DIRECTION('center_axis',(0.,-1.,3.40005801291454E-15));
#11699=DIRECTION('ref_axis',(0.,-3.40005801291454E-15,-1.));
#11700=DIRECTION('',(0.,-3.42830546405885E-15,-1.));
#11701=DIRECTION('center_axis',(1.,0.,0.));
#11702=DIRECTION('ref_axis',(0.,1.,0.));
#11703=DIRECTION('',(0.,0.,-1.));
#11704=DIRECTION('center_axis',(1.,0.,0.));
#11705=DIRECTION('ref_axis',(0.,1.,0.));
#11706=DIRECTION('',(0.,-3.42830546405885E-15,-1.));
#11707=DIRECTION('',(0.,0.,-1.));
#11708=DIRECTION('center_axis',(0.,1.,0.));
#11709=DIRECTION('ref_axis',(0.,0.,1.));
#11710=DIRECTION('',(0.,0.,1.));
#11711=DIRECTION('center_axis',(0.,1.,0.));
#11712=DIRECTION('ref_axis',(0.,0.,1.));
#11713=DIRECTION('',(0.,0.,1.));
#11714=DIRECTION('center_axis',(-1.,0.,0.));
#11715=DIRECTION('ref_axis',(0.,0.,-1.));
#11716=DIRECTION('center_axis',(-1.,0.,0.));
#11717=DIRECTION('ref_axis',(0.,0.,-1.));
#11718=DIRECTION('',(0.,0.,1.));
#11719=DIRECTION('center_axis',(0.,1.,0.));
#11720=DIRECTION('ref_axis',(0.,0.,1.));
#11721=DIRECTION('center_axis',(1.,0.,0.));
#11722=DIRECTION('ref_axis',(0.,1.,0.));
#11723=DIRECTION('',(0.,0.,-1.));
#11724=DIRECTION('center_axis',(1.,0.,0.));
#11725=DIRECTION('ref_axis',(0.,1.,0.));
#11726=DIRECTION('',(0.,-3.42830546405885E-15,-1.));
#11727=DIRECTION('',(0.,0.,-1.));
#11728=DIRECTION('center_axis',(0.,1.,0.));
#11729=DIRECTION('ref_axis',(0.,0.,1.));
#11730=DIRECTION('center_axis',(0.,1.,0.));
#11731=DIRECTION('ref_axis',(0.,0.,1.));
#11732=DIRECTION('',(0.,0.,1.));
#11733=DIRECTION('center_axis',(0.573576436351046,0.,0.819152044288992));
#11734=DIRECTION('ref_axis',(-0.819152044288992,0.,0.573576436351046));
#11735=DIRECTION('',(0.,1.,0.));
#11736=DIRECTION('',(-0.71056477546163,0.497542812164524,0.497542812164523));
#11737=DIRECTION('',(-0.710564775461631,-0.497542812164521,0.497542812164524));
#11738=DIRECTION('center_axis',(0.,-0.707106781186547,0.707106781186548));
#11739=DIRECTION('ref_axis',(0.,-0.707106781186548,-0.707106781186547));
#11740=DIRECTION('',(1.,0.,0.));
#11741=DIRECTION('',(0.,-0.707106781186548,-0.707106781186547));
#11742=DIRECTION('',(-1.,0.,0.));
#11743=DIRECTION('',(1.,0.,0.));
#11744=DIRECTION('',(0.,0.707106781186548,0.707106781186547));
#11745=DIRECTION('',(-1.,0.,0.));
#11746=DIRECTION('',(0.,-0.707106781186548,-0.707106781186547));
#11747=DIRECTION('',(1.,0.,0.));
#11748=DIRECTION('',(0.,0.707106781186548,0.707106781186547));
#11749=DIRECTION('',(-1.,0.,0.));
#11750=DIRECTION('',(0.,-0.707106781186548,-0.707106781186547));
#11751=DIRECTION('',(1.,0.,0.));
#11752=DIRECTION('',(0.,0.707106781186548,0.707106781186547));
#11753=DIRECTION('center_axis',(0.,-0.70710678118655,-0.707106781186545));
#11754=DIRECTION('ref_axis',(0.,0.707106781186545,-0.70710678118655));
#11755=DIRECTION('center_axis',(0.,0.707106781186548,0.707106781186548));
#11756=DIRECTION('ref_axis',(0.,-0.707106781186548,0.707106781186548));
#11757=DIRECTION('',(0.,0.707106781186548,-0.707106781186548));
#11758=DIRECTION('center_axis',(-1.,0.,0.));
#11759=DIRECTION('ref_axis',(0.,0.,-1.));
#11760=DIRECTION('center_axis',(-1.,0.,0.));
#11761=DIRECTION('ref_axis',(0.,0.,-1.));
#11762=DIRECTION('',(0.,3.42830546405885E-15,1.));
#11763=DIRECTION('center_axis',(-1.,0.,0.));
#11764=DIRECTION('ref_axis',(0.,0.,-1.));
#11765=DIRECTION('',(0.,0.,-1.));
#11766=DIRECTION('',(0.,0.,-1.));
#11767=DIRECTION('center_axis',(0.,1.,0.));
#11768=DIRECTION('ref_axis',(0.,0.,1.));
#11769=DIRECTION('',(0.,0.,-1.));
#11770=DIRECTION('center_axis',(0.,-1.,3.40005801291454E-15));
#11771=DIRECTION('ref_axis',(0.,-3.40005801291454E-15,-1.));
#11772=DIRECTION('center_axis',(0.,-1.,3.40005801291454E-15));
#11773=DIRECTION('ref_axis',(0.,-3.40005801291454E-15,-1.));
#11774=DIRECTION('',(0.,-3.42830546405885E-15,-1.));
#11775=DIRECTION('center_axis',(1.,0.,0.));
#11776=DIRECTION('ref_axis',(0.,1.,0.));
#11777=DIRECTION('center_axis',(0.,1.,0.));
#11778=DIRECTION('ref_axis',(0.,0.,1.));
#11779=DIRECTION('center_axis',(0.,1.,0.));
#11780=DIRECTION('ref_axis',(0.,0.,1.));
#11781=DIRECTION('',(1.,0.,0.));
#11782=DIRECTION('',(0.,0.,1.));
#11783=DIRECTION('center_axis',(-1.,0.,0.));
#11784=DIRECTION('ref_axis',(0.,0.,-1.));
#11785=DIRECTION('',(0.,1.,-3.40005801291454E-15));
#11786=DIRECTION('center_axis',(0.,1.72084568816899E-15,1.));
#11787=DIRECTION('ref_axis',(0.,-1.,1.72084568816899E-15));
#11788=DIRECTION('center_axis',(-1.,0.,0.));
#11789=DIRECTION('ref_axis',(0.,0.,-1.));
#11790=DIRECTION('',(0.,3.42830546405885E-15,1.));
#11791=DIRECTION('center_axis',(-1.,0.,0.));
#11792=DIRECTION('ref_axis',(0.,0.,-1.));
#11793=DIRECTION('',(0.,0.,-1.));
#11794=DIRECTION('',(0.,0.,-1.));
#11795=DIRECTION('center_axis',(0.,1.,0.));
#11796=DIRECTION('ref_axis',(0.,0.,1.));
#11797=DIRECTION('',(0.,0.,-1.));
#11798=DIRECTION('center_axis',(0.,-1.,3.40005801291454E-15));
#11799=DIRECTION('ref_axis',(0.,-3.40005801291454E-15,-1.));
#11800=DIRECTION('center_axis',(0.,-1.,3.40005801291454E-15));
#11801=DIRECTION('ref_axis',(0.,-3.40005801291454E-15,-1.));
#11802=DIRECTION('',(0.,-3.42830546405885E-15,-1.));
#11803=DIRECTION('center_axis',(1.,0.,0.));
#11804=DIRECTION('ref_axis',(0.,1.,0.));
#11805=DIRECTION('center_axis',(0.,0.,1.));
#11806=DIRECTION('ref_axis',(1.,0.,0.));
#11807=DIRECTION('',(-1.,0.,0.));
#11808=DIRECTION('',(0.,1.,0.));
#11809=DIRECTION('',(1.,0.,0.));
#11810=DIRECTION('',(0.,-1.,0.));
#11811=DIRECTION('',(0.,-1.,0.));
#11812=DIRECTION('',(1.,0.,0.));
#11813=DIRECTION('',(-4.53747641332776E-33,1.,0.));
#11814=DIRECTION('',(-1.,0.,0.));
#11815=DIRECTION('center_axis',(0.,-1.,0.));
#11816=DIRECTION('ref_axis',(0.,0.,-1.));
#11817=DIRECTION('',(-0.819152044288992,0.,0.573576436351046));
#11818=DIRECTION('',(-0.707106781186547,0.,-0.707106781186548));
#11819=DIRECTION('',(-0.707106781186548,0.,0.707106781186548));
#11820=DIRECTION('',(-0.707106781186548,0.,-0.707106781186548));
#11821=DIRECTION('',(0.819152044288992,0.,-0.573576436351046));
#11822=DIRECTION('center_axis',(-0.573576436351046,0.,-0.819152044288992));
#11823=DIRECTION('ref_axis',(-0.819152044288992,0.,0.573576436351046));
#11824=DIRECTION('',(0.,1.,0.));
#11825=DIRECTION('',(-0.819152044288992,0.,0.573576436351046));
#11826=DIRECTION('',(-5.0830786283722E-16,1.,4.83070487772097E-17));
#11827=DIRECTION('center_axis',(-0.573576436351046,0.,-0.819152044288992));
#11828=DIRECTION('ref_axis',(-0.819152044288992,0.,0.573576436351046));
#11829=DIRECTION('',(6.48657302632121E-11,-1.,-4.54194733017788E-11));
#11830=DIRECTION('center_axis',(-0.573576436351046,-2.0665826966041E-27,
-0.819152044288992));
#11831=DIRECTION('ref_axis',(0.819152044288992,7.91894696822407E-11,-0.573576436351046));
#11832=DIRECTION('center_axis',(0.573576436351046,0.,0.819152044288992));
#11833=DIRECTION('ref_axis',(0.,1.,0.));
#11834=DIRECTION('',(0.819152044288992,0.,-0.573576436351046));
#11835=DIRECTION('',(0.,1.,0.));
#11836=DIRECTION('',(0.,-1.,0.));
#11837=DIRECTION('',(-0.819152044288992,0.,0.573576436351046));
#11838=DIRECTION('',(0.,1.,0.));
#11839=DIRECTION('',(0.819152044288992,0.,-0.573576436351046));
#11840=DIRECTION('center_axis',(-0.573576436351046,-2.60258955118347E-33,
-0.819152044288992));
#11841=DIRECTION('ref_axis',(1.49278404005228E-33,-1.,2.13191655129711E-33));
#11842=DIRECTION('',(0.819152044288992,0.,-0.573576436351046));
#11843=DIRECTION('',(-1.49278404005228E-33,1.,-2.13191655129711E-33));
#11844=DIRECTION('',(-0.819152044288992,0.,0.573576436351046));
#11845=DIRECTION('',(5.0830786283722E-16,-1.,-4.83070487772097E-17));
#11846=DIRECTION('center_axis',(-0.573576436351046,-2.0665826966041E-27,
-0.819152044288992));
#11847=DIRECTION('ref_axis',(0.819152044288992,7.91894696822407E-11,-0.573576436351046));
#11848=DIRECTION('',(-6.48657302632121E-11,1.,4.54194733017788E-11));
#11849=DIRECTION('center_axis',(-0.573576436351046,0.,-0.819152044288992));
#11850=DIRECTION('ref_axis',(-0.819152044288992,0.,0.573576436351046));
#11851=DIRECTION('center_axis',(0.,-1.,0.));
#11852=DIRECTION('ref_axis',(-0.819152044288992,0.,0.573576436351046));
#11853=DIRECTION('',(-0.573576436351046,0.,-0.819152044288992));
#11854=DIRECTION('',(-0.573576436351046,0.,-0.819152044288992));
#11855=DIRECTION('center_axis',(-0.707106781186548,0.,0.707106781186547));
#11856=DIRECTION('ref_axis',(0.707106781186547,0.,0.707106781186548));
#11857=DIRECTION('',(0.707106781186547,0.,0.707106781186548));
#11858=DIRECTION('',(0.,1.,0.));
#11859=DIRECTION('center_axis',(-0.707106781186548,0.,-0.707106781186548));
#11860=DIRECTION('ref_axis',(-0.707106781186548,0.,0.707106781186548));
#11861=DIRECTION('',(-0.707106781186548,0.,0.707106781186548));
#11862=DIRECTION('',(0.,1.,0.));
#11863=DIRECTION('center_axis',(0.707106781186548,0.,-0.707106781186548));
#11864=DIRECTION('ref_axis',(-0.707106781186548,0.,-0.707106781186548));
#11865=DIRECTION('',(-0.707106781186548,0.,-0.707106781186548));
#11866=DIRECTION('center_axis',(0.,1.,0.));
#11867=DIRECTION('ref_axis',(0.,0.,1.));
#11868=DIRECTION('center_axis',(0.573576436351045,0.,0.819152044288992));
#11869=DIRECTION('ref_axis',(-0.819152044288992,0.,0.573576436351045));
#11870=DIRECTION('',(0.573576436351045,0.,0.819152044288992));
#11871=DIRECTION('',(0.573576436351045,0.,0.819152044288992));
#11872=DIRECTION('center_axis',(0.819152044288992,7.91864351867843E-11,
-0.573576436351045));
#11873=DIRECTION('ref_axis',(-6.48657302632121E-11,1.,4.54194733017788E-11));
#11874=DIRECTION('',(0.573576436351045,0.,0.819152044288992));
#11875=DIRECTION('center_axis',(0.573576436351045,0.,0.819152044288992));
#11876=DIRECTION('ref_axis',(0.819152044288992,7.91894696822407E-11,-0.573576436351045));
#11877=DIRECTION('',(0.573576436351045,0.,0.819152044288992));
#11878=DIRECTION('center_axis',(-0.819152044288992,-4.44089209859546E-16,
0.573576436351045));
#11879=DIRECTION('ref_axis',(5.0830786283722E-16,-1.,-4.83070487772097E-17));
#11880=DIRECTION('center_axis',(-0.819152044288992,0.,0.573576436351046));
#11881=DIRECTION('ref_axis',(0.,1.,0.));
#11882=DIRECTION('',(-0.573576436351046,0.,-0.819152044288992));
#11883=DIRECTION('center_axis',(0.,1.,0.));
#11884=DIRECTION('ref_axis',(0.819152044288992,0.,-0.573576436351046));
#11885=DIRECTION('',(-0.573576436351046,0.,-0.819152044288992));
#11886=DIRECTION('center_axis',(0.819152044288992,0.,-0.573576436351046));
#11887=DIRECTION('ref_axis',(0.,-1.,0.));
#11888=DIRECTION('',(0.,0.,1.));
#11889=DIRECTION('',(1.,0.,0.));
#11890=CARTESIAN_POINT('',(0.,0.,0.));
#11891=CARTESIAN_POINT('',(0.,0.,0.));
#11892=CARTESIAN_POINT('Origin',(-126.064327086238,3.00000000000001,-0.735764363510469));
#11893=CARTESIAN_POINT('',(-126.064327086238,3.00000000000001,-0.735764363510469));
#11894=CARTESIAN_POINT('',(-131.064327086239,3.00000000000001,-0.735764363510469));
#11895=CARTESIAN_POINT('',(-95.9296736984828,3.00000000000001,-0.73576436351046));
#11896=CARTESIAN_POINT('',(-126.064327086238,3.00000000000001,-5.73576436351047));
#11897=CARTESIAN_POINT('',(-126.064327086238,3.00000000000001,-0.735764363510469));
#11898=CARTESIAN_POINT('',(-131.064327086239,3.00000000000001,-5.73576436351047));
#11899=CARTESIAN_POINT('',(-58.9364033216742,3.00000000000001,-5.73576436351047));
#11900=CARTESIAN_POINT('',(-131.064327086239,3.00000000000001,-3.23576436351046));
#11901=CARTESIAN_POINT('Origin',(-126.064327086238,10.,-0.735764363510469));
#11902=CARTESIAN_POINT('',(-126.064327086239,10.,-0.73576436351046));
#11903=CARTESIAN_POINT('',(-126.064327086238,-27.5,-0.73576436351046));
#11904=CARTESIAN_POINT('',(-126.064327086239,10.,-5.73576436351046));
#11905=CARTESIAN_POINT('',(-126.064327086238,10.,45.5182327263285));
#11906=CARTESIAN_POINT('',(-126.064327086238,10.,-5.73576436351047));
#11907=CARTESIAN_POINT('Origin',(-126.064327086239,-133.,-0.735764363510461));
#11908=CARTESIAN_POINT('',(-126.064327086239,-133.,-0.735764363510469));
#11909=CARTESIAN_POINT('',(-126.064327086239,-140.,-0.735764363510452));
#11910=CARTESIAN_POINT('',(-126.064327086239,-99.,-0.73576436351046));
#11911=CARTESIAN_POINT('',(-126.064327086239,-133.,-5.73576436351047));
#11912=CARTESIAN_POINT('',(-126.064327086239,-133.,-0.735764363510469));
#11913=CARTESIAN_POINT('',(-126.064327086239,-140.,-5.73576436351045));
#11914=CARTESIAN_POINT('',(-126.064327086239,-61.5,-5.73576436351047));
#11915=CARTESIAN_POINT('',(-126.064327086239,-140.,-3.23576436351046));
#11916=CARTESIAN_POINT('Origin',(-131.064327086239,-133.,-0.735764363510469));
#11917=CARTESIAN_POINT('',(-131.064327086239,-133.,-0.735764363510469));
#11918=CARTESIAN_POINT('',(-98.4296736984829,-133.,-0.73576436351046));
#11919=CARTESIAN_POINT('',(-131.064327086239,-133.,-5.73576436351047));
#11920=CARTESIAN_POINT('',(-131.064327086239,-133.,-3.23576436351046));
#11921=CARTESIAN_POINT('',(-61.4364033216744,-133.,-5.73576436351047));
#11922=CARTESIAN_POINT('Origin',(-131.064327086239,10.,-5.73576436351046));
#11923=CARTESIAN_POINT('',(-131.064327086239,-61.5,-5.73576436351047));
#11924=CARTESIAN_POINT('',(-131.064327086239,-140.,-5.73576436351046));
#11925=CARTESIAN_POINT('',(-131.064327086239,-61.5,-0.735764363510469));
#11926=CARTESIAN_POINT('',(-131.064327086239,-61.5,-3.23576436351046));
#11927=CARTESIAN_POINT('',(-131.064327086239,-140.,-0.73576436351046));
#11928=CARTESIAN_POINT('Origin',(8.19152044288991,10.,-5.73576436351047));
#11929=CARTESIAN_POINT('',(-86.0643270862385,10.,-5.73576436351046));
#11930=CARTESIAN_POINT('',(-61.4364033216744,10.,-5.73576436351047));
#11931=CARTESIAN_POINT('',(-86.0643270862385,3.06432708623849,-5.73576436351046));
#11932=CARTESIAN_POINT('',(-86.0643270862385,6.53216354311924,-5.73576436351047));
#11933=CARTESIAN_POINT('',(-79.0643270862385,3.0643270862385,-5.73576436351046));
#11934=CARTESIAN_POINT('',(-35.4364033216743,3.06432708623859,-5.73576436351047));
#11935=CARTESIAN_POINT('',(-79.0643270862385,10.,-5.73576436351046));
#11936=CARTESIAN_POINT('',(-79.0643270862385,10.,-5.73576436351047));
#11937=CARTESIAN_POINT('',(-46.0643270862385,9.99999977648258,-5.73576436351046));
#11938=CARTESIAN_POINT('',(-61.4364033216744,10.,-5.73576436351047));
#11939=CARTESIAN_POINT('',(-46.0643270862385,3.06432708623858,-5.73576436351046));
#11940=CARTESIAN_POINT('',(-46.0643270862385,6.53216354311929,-5.73576436351047));
#11941=CARTESIAN_POINT('',(-39.0643270862385,3.06432708623859,-5.73576436351046));
#11942=CARTESIAN_POINT('',(-15.4364033216743,3.06432708623865,-5.73576436351047));
#11943=CARTESIAN_POINT('',(-39.0643270862385,10.,-5.73576436351046));
#11944=CARTESIAN_POINT('',(-39.0643270862385,10.,-5.73576436351047));
#11945=CARTESIAN_POINT('',(-0.52571353521555,10.,-5.73576436351047));
#11946=CARTESIAN_POINT('',(-61.4364033216744,10.,-5.73576436351047));
#11947=CARTESIAN_POINT('',(-0.525713535215555,17.,-5.73576436351047));
#11948=CARTESIAN_POINT('',(-0.52571353521555,10.,-5.73576436351047));
#11949=CARTESIAN_POINT('',(8.19152044288991,17.,-5.73576436351047));
#11950=CARTESIAN_POINT('',(8.19152044288991,17.,-5.73576436351047));
#11951=CARTESIAN_POINT('',(8.19152044288993,-147.,-5.73576436351047));
#11952=CARTESIAN_POINT('',(8.19152044288992,10.,-5.73576436351046));
#11953=CARTESIAN_POINT('',(-0.525713535215591,-147.,-5.73576436351047));
#11954=CARTESIAN_POINT('',(-131.064327086239,-147.,-5.73576436351046));
#11955=CARTESIAN_POINT('',(-0.525713535215593,-140.,-5.73576436351046));
#11956=CARTESIAN_POINT('',(-0.525713535215593,-140.,-5.73576436351046));
#11957=CARTESIAN_POINT('',(-39.0643270862385,-140.,-5.73576436351046));
#11958=CARTESIAN_POINT('',(8.19152044288991,-140.,-5.73576436351047));
#11959=CARTESIAN_POINT('',(-39.0643270862385,-133.064327086239,-5.73576436351046));
#11960=CARTESIAN_POINT('',(-39.0643270862385,-61.5321635431193,-5.73576436351047));
#11961=CARTESIAN_POINT('',(-46.0643270862385,-133.064327086239,-5.73576436351046));
#11962=CARTESIAN_POINT('',(-18.9364033216743,-133.064327086239,-5.73576436351047));
#11963=CARTESIAN_POINT('',(-46.0643270862385,-138.503021863793,-5.73576436351046));
#11964=CARTESIAN_POINT('',(-46.0643270862385,-64.2515109318967,-5.73576436351047));
#11965=CARTESIAN_POINT('',(-46.0000006854534,-140.,-5.73576436351046));
#11966=CARTESIAN_POINT('',(-49.1669334835651,-66.3004132091016,-5.73576436351047));
#11967=CARTESIAN_POINT('',(-79.0643270862385,-140.,-5.73576436351046));
#11968=CARTESIAN_POINT('',(8.19152044288991,-140.,-5.73576436351047));
#11969=CARTESIAN_POINT('',(-79.0643270862385,-133.064327086239,-5.73576436351046));
#11970=CARTESIAN_POINT('',(-79.0643270862385,-61.5321635431193,-5.73576436351047));
#11971=CARTESIAN_POINT('',(-86.0643270862385,-133.064327086239,-5.73576436351046));
#11972=CARTESIAN_POINT('',(-38.9364033216745,-133.064327086239,-5.73576436351047));
#11973=CARTESIAN_POINT('',(-86.0643270862385,-140.,-5.73576436351046));
#11974=CARTESIAN_POINT('',(-86.0643270862385,-65.,-5.73576436351047));
#11975=CARTESIAN_POINT('',(8.19152044288991,-140.,-5.73576436351047));
#11976=CARTESIAN_POINT('',(-131.064327086239,-68.5,-5.73576436351047));
#11977=CARTESIAN_POINT('',(-131.064327086239,-140.,-5.73576436351046));
#11978=CARTESIAN_POINT('',(-126.064327086238,-68.5,-5.73576436351047));
#11979=CARTESIAN_POINT('',(-58.9364033216742,-68.5,-5.73576436351047));
#11980=CARTESIAN_POINT('',(-126.064327086238,-61.5,-5.73576436351047));
#11981=CARTESIAN_POINT('',(-126.064327086238,-25.75,-5.73576436351047));
#11982=CARTESIAN_POINT('',(-61.4364033216744,-61.5,-5.73576436351047));
#11983=CARTESIAN_POINT('Origin',(-46.0643270862385,3.06432708623858,-0.73576436351046));
#11984=CARTESIAN_POINT('',(-46.0643270862385,3.06432708623858,-0.73576436351046));
#11985=CARTESIAN_POINT('',(-46.0643270862385,9.99999977648258,-0.73576436351046));
#11986=CARTESIAN_POINT('',(-46.0643270862385,-30.9678364568807,-0.73576436351046));
#11987=CARTESIAN_POINT('',(-46.0643270862385,3.06432708623858,-0.73576436351046));
#11988=CARTESIAN_POINT('',(-46.0643270862385,10.,45.5182327263285));
#11989=CARTESIAN_POINT('Origin',(-39.0643270862385,3.0643270862386,-0.73576436351046));
#11990=CARTESIAN_POINT('',(-39.0643270862385,3.06432708623859,-0.73576436351046));
#11991=CARTESIAN_POINT('',(-52.4296736984829,3.06432708623857,-0.73576436351046));
#11992=CARTESIAN_POINT('',(-39.0643270862385,3.06432708623859,-0.73576436351046));
#11993=CARTESIAN_POINT('Origin',(-39.0643270862385,10.,-0.73576436351046));
#11994=CARTESIAN_POINT('',(-39.0643270862385,10.,-0.73576436351046));
#11995=CARTESIAN_POINT('',(-39.0643270862385,-27.5,-0.73576436351046));
#11996=CARTESIAN_POINT('',(-39.0643270862385,10.,45.5182327263285));
#11997=CARTESIAN_POINT('Origin',(-39.0643270862385,-133.064327086239,-0.73576436351046));
#11998=CARTESIAN_POINT('',(-39.0643270862385,-133.064327086239,-0.73576436351046));
#11999=CARTESIAN_POINT('',(-39.0643270862385,-140.,-0.73576436351046));
#12000=CARTESIAN_POINT('',(-39.0643270862385,-99.0321635431193,-0.73576436351046));
#12001=CARTESIAN_POINT('',(-39.0643270862385,-133.064327086239,-0.73576436351046));
#12002=CARTESIAN_POINT('',(-39.0643270862385,-140.,-3.23576436351046));
#12003=CARTESIAN_POINT('Origin',(-46.0643270862385,-133.064327086239,-0.73576436351046));
#12004=CARTESIAN_POINT('',(-46.0643270862385,-133.064327086239,-0.73576436351046));
#12005=CARTESIAN_POINT('',(-55.9296736984828,-133.064327086239,-0.73576436351046));
#12006=CARTESIAN_POINT('',(-46.0643270862385,-133.064327086239,-0.73576436351046));
#12007=CARTESIAN_POINT('Origin',(-46.0643270862385,-138.503021863793,-0.73576436351046));
#12008=CARTESIAN_POINT('',(-46.0643270862385,-138.503021863793,-0.73576436351046));
#12009=CARTESIAN_POINT('',(-46.0643270862385,-101.751510931897,-0.73576436351046));
#12010=CARTESIAN_POINT('',(-46.0643270862385,-138.503021863793,-0.73576436351046));
#12011=CARTESIAN_POINT('Origin',(-46.0000006854534,-140.,-0.73576436351046));
#12012=CARTESIAN_POINT('',(-46.0000006854534,-140.,-0.73576436351046));
#12013=CARTESIAN_POINT('',(-47.6266790350915,-102.144595464258,-0.73576436351046));
#12014=CARTESIAN_POINT('',(-46.0000006854534,-140.,-3.23576436351046));
#12015=CARTESIAN_POINT('Origin',(-79.0643270862385,10.,-0.73576436351046));
#12016=CARTESIAN_POINT('',(-79.0643270862385,10.,-0.73576436351046));
#12017=CARTESIAN_POINT('',(-79.0643270862385,3.0643270862385,-0.73576436351046));
#12018=CARTESIAN_POINT('',(-79.0643270862385,-27.5,-0.73576436351046));
#12019=CARTESIAN_POINT('',(-79.0643270862385,10.,45.5182327263285));
#12020=CARTESIAN_POINT('',(-79.0643270862385,3.0643270862385,-0.73576436351046));
#12021=CARTESIAN_POINT('Origin',(-86.0643270862385,3.06432708623849,-0.73576436351046));
#12022=CARTESIAN_POINT('',(-86.0643270862385,3.06432708623849,-0.73576436351046));
#12023=CARTESIAN_POINT('',(-86.0643270862385,10.,-0.73576436351046));
#12024=CARTESIAN_POINT('',(-86.0643270862385,-30.9678364568808,-0.73576436351046));
#12025=CARTESIAN_POINT('',(-86.0643270862385,3.06432708623849,-0.73576436351046));
#12026=CARTESIAN_POINT('',(-86.0643270862385,10.,45.5182327263285));
#12027=CARTESIAN_POINT('Origin',(-79.0643270862385,3.0643270862385,-0.73576436351046));
#12028=CARTESIAN_POINT('',(-72.4296736984829,3.06432708623852,-0.73576436351046));
#12029=CARTESIAN_POINT('Origin',(-79.0643270862385,-133.064327086239,-0.73576436351046));
#12030=CARTESIAN_POINT('',(-79.0643270862385,-133.064327086239,-0.73576436351046));
#12031=CARTESIAN_POINT('',(-79.0643270862385,-140.,-0.73576436351046));
#12032=CARTESIAN_POINT('',(-79.0643270862385,-99.0321635431193,-0.73576436351046));
#12033=CARTESIAN_POINT('',(-79.0643270862385,-133.064327086239,-0.73576436351046));
#12034=CARTESIAN_POINT('',(-79.0643270862385,-140.,-3.23576436351046));
#12035=CARTESIAN_POINT('Origin',(-86.0643270862385,-133.064327086238,-0.73576436351046));
#12036=CARTESIAN_POINT('',(-86.0643270862385,-133.064327086239,-0.73576436351046));
#12037=CARTESIAN_POINT('',(-75.9296736984829,-133.064327086239,-0.73576436351046));
#12038=CARTESIAN_POINT('',(-86.0643270862385,-133.064327086239,-0.73576436351046));
#12039=CARTESIAN_POINT('Origin',(-86.0643270862385,-140.,-0.73576436351046));
#12040=CARTESIAN_POINT('',(-86.0643270862385,-140.,-0.73576436351046));
#12041=CARTESIAN_POINT('',(-86.0643270862385,-102.5,-0.73576436351046));
#12042=CARTESIAN_POINT('',(-86.0643270862385,-140.,-3.23576436351046));
#12043=CARTESIAN_POINT('Origin',(-126.064327086238,-68.5,-0.735764363510469));
#12044=CARTESIAN_POINT('',(-126.064327086238,-68.5,-0.735764363510469));
#12045=CARTESIAN_POINT('',(-131.064327086239,-68.5,-0.735764363510469));
#12046=CARTESIAN_POINT('',(-95.9296736984828,-68.5,-0.73576436351046));
#12047=CARTESIAN_POINT('',(-126.064327086238,-68.5,-0.735764363510469));
#12048=CARTESIAN_POINT('',(-131.064327086239,-68.5,-3.23576436351046));
#12049=CARTESIAN_POINT('Origin',(-126.064327086238,-61.5,-0.735764363510469));
#12050=CARTESIAN_POINT('',(-126.064327086238,-61.5,-0.735764363510469));
#12051=CARTESIAN_POINT('',(-126.064327086238,-63.25,-0.73576436351046));
#12052=CARTESIAN_POINT('',(-126.064327086238,-61.5,-0.735764363510469));
#12053=CARTESIAN_POINT('Origin',(-131.064327086239,-61.5,-0.735764363510469));
#12054=CARTESIAN_POINT('',(-98.4296736984829,-61.5,-0.73576436351046));
#12055=CARTESIAN_POINT('Origin',(-131.064327086239,10.,91.7722298161674));
#12056=CARTESIAN_POINT('',(-131.064327086239,10.,-0.73576436351046));
#12057=CARTESIAN_POINT('Origin',(-131.064327086239,10.,91.7722298161674));
#12058=CARTESIAN_POINT('',(-7.66645356892614,10.,-0.73576436351046));
#12059=CARTESIAN_POINT('',(-131.064327086239,10.,-0.73576436351046));
#12060=CARTESIAN_POINT('',(-67.2289614016047,10.,40.970352615606));
#12061=CARTESIAN_POINT('Origin',(-131.064327086239,10.,91.7722298161674));
#12062=CARTESIAN_POINT('',(-131.064327086239,10.,-0.73576436351046));
#12063=CARTESIAN_POINT('Origin',(8.19152044288992,-140.,-5.73576436351046));
#12064=CARTESIAN_POINT('',(-7.66645356892616,-140.,-0.73576436351046));
#12065=CARTESIAN_POINT('',(-62.870344412552,-140.,37.9184161437023));
#12066=CARTESIAN_POINT('',(8.19152044288992,-140.,-0.73576436351046));
#12067=CARTESIAN_POINT('Origin',(8.19152044288992,-140.,-5.73576436351046));
#12068=CARTESIAN_POINT('',(8.19152044288992,-140.,-0.73576436351046));
#12069=CARTESIAN_POINT('Origin',(-65.7950203107271,-65.,-0.73576436351046));
#12070=CARTESIAN_POINT('',(-131.064327086239,-140.,-0.73576436351046));
#12071=CARTESIAN_POINT('',(8.19152044288992,-140.,-0.73576436351046));
#12072=CARTESIAN_POINT('',(-7.66645356892617,-147.,-0.73576436351046));
#12073=CARTESIAN_POINT('',(-7.66645356892615,-65.,-0.73576436351046));
#12074=CARTESIAN_POINT('',(1.05078040917935,-147.,-0.73576436351046));
#12075=CARTESIAN_POINT('',(-64.8510378690999,-147.,-0.73576436351046));
#12076=CARTESIAN_POINT('',(1.05078040917933,17.,-0.735764363510452));
#12077=CARTESIAN_POINT('',(1.05078040917935,-65.,-0.73576436351046));
#12078=CARTESIAN_POINT('',(-7.66645356892614,17.,-0.73576436351046));
#12079=CARTESIAN_POINT('',(-64.8510378690999,17.,-0.73576436351046));
#12080=CARTESIAN_POINT('',(-7.66645356892615,-65.,-0.73576436351046));
#12081=CARTESIAN_POINT('',(-0.515187753676093,0.,-0.73576436351046));
#12082=CARTESIAN_POINT('',(-0.515187753676093,-130.,-0.73576436351046));
#12083=CARTESIAN_POINT('',(-0.51518775367609,-97.5,-0.73576436351046));
#12084=CARTESIAN_POINT('',(-4.179559977684,-130.,-0.73576436351046));
#12085=CARTESIAN_POINT('',(-95.5692395299371,-130.,-0.735764363510452));
#12086=CARTESIAN_POINT('',(-4.17955997768398,0.,-0.73576436351046));
#12087=CARTESIAN_POINT('',(-4.17955997768399,-65.,-0.73576436351046));
#12088=CARTESIAN_POINT('',(-34.1328362082627,0.,-0.73576436351046));
#12089=CARTESIAN_POINT('',(-92.5,-17.8989714995996,-0.73576436351046));
#12090=CARTESIAN_POINT('',(-92.5,-14.7764725004004,-0.73576436351046));
#12091=CARTESIAN_POINT('',(-92.5,-39.8882362502002,-0.73576436351046));
#12092=CARTESIAN_POINT('Origin',(-87.75,-16.337722,-0.73576436351046));
#12093=CARTESIAN_POINT('',(-52.6715728752539,-130.,-0.73576436351046));
#12094=CARTESIAN_POINT('',(-60.0000008940697,-130.000001952052,-0.73576436351046));
#12095=CARTESIAN_POINT('',(-62.8975106023984,-130.,-0.73576436351046));
#12096=CARTESIAN_POINT('',(-60.0000008940697,-128.,-0.73576436351046));
#12097=CARTESIAN_POINT('',(-60.0000008940697,-97.,-0.73576436351046));
#12098=CARTESIAN_POINT('',(-54.9142135623731,-128.,-0.73576436351046));
#12099=CARTESIAN_POINT('',(-60.3546169365502,-128.,-0.73576436351046));
#12100=CARTESIAN_POINT('',(-52.,-125.085786437627,-0.73576436351046));
#12101=CARTESIAN_POINT('',(-40.4273084682751,-113.513094905902,-0.73576436351046));
#12102=CARTESIAN_POINT('',(-52.0000007748604,-120.000001788139,-0.73576436351046));
#12103=CARTESIAN_POINT('',(-52.,-92.5000008940697,-0.73576436351046));
#12104=CARTESIAN_POINT('',(-49.,-120.000001788139,-0.73576436351046));
#12105=CARTESIAN_POINT('',(-58.3975101553636,-120.000001788139,-0.73576436351046));
#12106=CARTESIAN_POINT('',(-49.,-126.328427124746,-0.73576436351046));
#12107=CARTESIAN_POINT('',(-49.,-95.6642135623731,-0.73576436351046));
#12108=CARTESIAN_POINT('',(-40.2024347341222,-117.530861858868,-0.73576436351046));
#12109=CARTESIAN_POINT('',(-90.8284271247462,-130.,-0.73576436351046));
#12110=CARTESIAN_POINT('',(-94.5,-126.328427124746,-0.73576436351046));
#12111=CARTESIAN_POINT('',(-102.655861858868,-118.172565265878,-0.73576436351046));
#12112=CARTESIAN_POINT('',(-94.5,-120.000001788139,-0.73576436351046));
#12113=CARTESIAN_POINT('',(-94.5,-92.5000008940697,-0.73576436351046));
#12114=CARTESIAN_POINT('',(-91.5000013634562,-120.000001788139,-0.73576436351046));
#12115=CARTESIAN_POINT('',(-79.1475101553636,-120.000001788139,-0.73576436351046));
#12116=CARTESIAN_POINT('',(-91.5,-125.085786437627,-0.73576436351046));
#12117=CARTESIAN_POINT('',(-91.5,-95.0428932188135,-0.73576436351046));
#12118=CARTESIAN_POINT('',(-88.5857864376269,-128.,-0.73576436351046));
#12119=CARTESIAN_POINT('',(-98.6380949059019,-117.947691531725,-0.73576436351046));
#12120=CARTESIAN_POINT('',(-83.5,-128.000001907349,-0.73576436351046));
#12121=CARTESIAN_POINT('',(-74.6475101553636,-128.,-0.73576436351046));
#12122=CARTESIAN_POINT('',(-83.5,-130.,-0.73576436351046));
#12123=CARTESIAN_POINT('',(-83.5,-97.,-0.73576436351046));
#12124=CARTESIAN_POINT('',(-89.8284271247462,-130.,-0.73576436351046));
#12125=CARTESIAN_POINT('Origin',(-131.064327086239,10.,-5.73576436351046));
#12126=CARTESIAN_POINT('Origin',(-89.,-125.50000089407,24.2642356364895));
#12127=CARTESIAN_POINT('',(-90.8284271247462,-130.,24.2642356364895));
#12128=CARTESIAN_POINT('',(-83.5,-130.,24.2642356364895));
#12129=CARTESIAN_POINT('',(-89.4142135623731,-130.,24.2642356364895));
#12130=CARTESIAN_POINT('',(-83.5,-129.,24.2642356364895));
#12131=CARTESIAN_POINT('',(-83.5,-129.,24.2642356364895));
#12132=CARTESIAN_POINT('',(-89.,-129.,24.2642356364895));
#12133=CARTESIAN_POINT('',(-89.,-129.,24.2642356364895));
#12134=CARTESIAN_POINT('',(-92.5,-125.5,24.2642356364895));
#12135=CARTESIAN_POINT('',(-89.,-129.,24.2642356364895));
#12136=CARTESIAN_POINT('',(-92.5,-120.000001788139,24.2642356364895));
#12137=CARTESIAN_POINT('',(-92.5,-125.5,24.2642356364895));
#12138=CARTESIAN_POINT('',(-94.5,-120.000001788139,24.2642356364895));
#12139=CARTESIAN_POINT('',(-92.5,-120.000001788139,24.2642356364895));
#12140=CARTESIAN_POINT('',(-94.5,-126.328427124746,24.2642356364895));
#12141=CARTESIAN_POINT('',(-94.5,-126.328427124746,24.2642356364895));
#12142=CARTESIAN_POINT('',(-89.8284271247462,-131.,24.2642356364895));
#12143=CARTESIAN_POINT('Origin',(-54.5000004470349,-125.500001870096,24.2642356364895));
#12144=CARTESIAN_POINT('',(-60.0000008940697,-130.000001952052,24.2642356364895));
#12145=CARTESIAN_POINT('',(-52.6715728752539,-130.,24.2642356364895));
#12146=CARTESIAN_POINT('',(-54.0857866611444,-130.,24.2642356364895));
#12147=CARTESIAN_POINT('',(-49.,-126.328427124746,24.2642356364895));
#12148=CARTESIAN_POINT('',(-49.,-126.328427124746,24.2642356364895));
#12149=CARTESIAN_POINT('',(-49.,-120.000001788139,24.2642356364895));
#12150=CARTESIAN_POINT('',(-49.0000000000001,-4.17157287525378,24.2642356364895));
#12151=CARTESIAN_POINT('',(-51.,-120.000001788139,24.2642356364895));
#12152=CARTESIAN_POINT('',(-51.,-120.000001788139,24.2642356364895));
#12153=CARTESIAN_POINT('',(-51.,-125.5,24.2642356364895));
#12154=CARTESIAN_POINT('',(-51.,-125.5,24.2642356364895));
#12155=CARTESIAN_POINT('',(-54.5,-129.,24.2642356364895));
#12156=CARTESIAN_POINT('',(-51.,-125.5,24.2642356364895));
#12157=CARTESIAN_POINT('',(-60.0000008940697,-129.,24.2642356364895));
#12158=CARTESIAN_POINT('',(-54.5,-129.,24.2642356364895));
#12159=CARTESIAN_POINT('',(-60.0000008940697,-129.,24.2642356364895));
#12160=CARTESIAN_POINT('Origin',(-53.6715728752539,-131.,-0.73576436351046));
#12161=CARTESIAN_POINT('',(-52.6715728752539,-130.,-0.73576436351046));
#12162=CARTESIAN_POINT('',(-49.,-126.328427124746,-0.73576436351046));
#12163=CARTESIAN_POINT('Origin',(-60.0000008940697,-130.,-0.73576436351046));
#12164=CARTESIAN_POINT('',(-60.0000008940697,-130.,-0.73576436351046));
#12165=CARTESIAN_POINT('Origin',(-89.8284271247462,-130.,-0.73576436351046));
#12166=CARTESIAN_POINT('',(-83.5,-130.,-0.73576436351046));
#12167=CARTESIAN_POINT('',(-90.8284271247462,-130.,11.7642356364895));
#12168=CARTESIAN_POINT('Origin',(-83.5,-131.,-0.73576436351046));
#12169=CARTESIAN_POINT('',(-83.5,-128.000001907349,19.2642356364895));
#12170=CARTESIAN_POINT('',(-83.5,-128.000001907349,-0.73576436351046));
#12171=CARTESIAN_POINT('',(-83.5,-129.,19.2642356364895));
#12172=CARTESIAN_POINT('',(-83.5,-129.,19.2642356364895));
#12173=CARTESIAN_POINT('',(-83.5,-129.,-0.73576436351046));
#12174=CARTESIAN_POINT('Origin',(-91.5,-125.085786437627,-0.73576436351046));
#12175=CARTESIAN_POINT('',(-91.5000013634562,-120.000001788139,19.2642356364895));
#12176=CARTESIAN_POINT('',(-91.5000013634562,-120.000001788139,-0.73576436351046));
#12177=CARTESIAN_POINT('',(-91.5,-125.085786437627,19.2642356364895));
#12178=CARTESIAN_POINT('',(-91.5,-125.085786437627,19.2642356364895));
#12179=CARTESIAN_POINT('',(-91.5,-125.085786437627,-0.73576436351046));
#12180=CARTESIAN_POINT('Origin',(-88.5857864376269,-128.,-0.73576436351046));
#12181=CARTESIAN_POINT('',(-88.5857864376269,-128.,19.2642356364895));
#12182=CARTESIAN_POINT('',(-88.5857864376269,-128.,19.2642356364895));
#12183=CARTESIAN_POINT('',(-88.5857864376269,-128.,-0.73576436351046));
#12184=CARTESIAN_POINT('Origin',(-83.5,-128.,-0.73576436351046));
#12185=CARTESIAN_POINT('',(-54.9142135623731,-128.,19.2642356364895));
#12186=CARTESIAN_POINT('Origin',(-88.,-124.50000089407,19.2642356364895));
#12187=CARTESIAN_POINT('',(-89.,-129.,19.2642356364895));
#12188=CARTESIAN_POINT('',(-85.75,-129.,19.2642356364895));
#12189=CARTESIAN_POINT('',(-92.5,-120.000001788139,19.2642356364895));
#12190=CARTESIAN_POINT('',(-92.5,-120.000001788139,19.2642356364895));
#12191=CARTESIAN_POINT('',(-92.5,-125.5,19.2642356364895));
#12192=CARTESIAN_POINT('',(-92.5,-125.000000447035,19.2642356364895));
#12193=CARTESIAN_POINT('',(-89.8749997764826,-128.125000223517,19.2642356364895));
#12194=CARTESIAN_POINT('Origin',(-83.5,-129.,-0.73576436351046));
#12195=CARTESIAN_POINT('',(-89.,-129.,-0.73576436351046));
#12196=CARTESIAN_POINT('Origin',(-89.,-129.,-0.73576436351046));
#12197=CARTESIAN_POINT('',(-92.5,-125.5,-0.73576436351046));
#12198=CARTESIAN_POINT('Origin',(-54.9142135623731,-128.,-0.73576436351046));
#12199=CARTESIAN_POINT('',(-60.0000008940697,-128.,19.2642356364895));
#12200=CARTESIAN_POINT('',(-60.0000008940697,-128.,-0.73576436351046));
#12201=CARTESIAN_POINT('',(-54.9142135623731,-128.,19.2642356364895));
#12202=CARTESIAN_POINT('',(-54.9142135623731,-128.,19.2642356364895));
#12203=CARTESIAN_POINT('',(-54.9142135623731,-128.,-0.73576436351046));
#12204=CARTESIAN_POINT('Origin',(-52.,-125.085786437627,-0.73576436351046));
#12205=CARTESIAN_POINT('',(-52.,-125.085786437627,19.2642356364895));
#12206=CARTESIAN_POINT('',(-52.,-125.085786437627,19.2642356364895));
#12207=CARTESIAN_POINT('',(-52.,-125.085786437627,-0.73576436351046));
#12208=CARTESIAN_POINT('Origin',(-52.,-120.000001788139,-0.73576436351046));
#12209=CARTESIAN_POINT('',(-52.0000007748604,-120.000001788139,19.2642356364895));
#12210=CARTESIAN_POINT('',(-52.0000000000001,-5.41421356237306,19.2642356364895));
#12211=CARTESIAN_POINT('',(-52.0000007748604,-120.000001788139,-0.73576436351046));
#12212=CARTESIAN_POINT('Origin',(-55.5000004470349,-124.50000089407,19.2642356364895));
#12213=CARTESIAN_POINT('',(-51.,-120.000001788139,19.2642356364895));
#12214=CARTESIAN_POINT('',(-51.,-125.5,19.2642356364895));
#12215=CARTESIAN_POINT('',(-51.,-122.250001341105,19.2642356364895));
#12216=CARTESIAN_POINT('',(-51.,-120.000001788139,19.2642356364895));
#12217=CARTESIAN_POINT('',(-60.0000008940697,-129.,19.2642356364895));
#12218=CARTESIAN_POINT('',(-60.0000008940697,-129.,19.2642356364895));
#12219=CARTESIAN_POINT('',(-54.5,-129.,19.2642356364895));
#12220=CARTESIAN_POINT('',(-55.0000002235175,-129.,19.2642356364895));
#12221=CARTESIAN_POINT('',(-51.8750003352762,-126.375000335276,19.2642356364895));
#12222=CARTESIAN_POINT('Origin',(-94.5,-126.328427124746,-0.73576436351046));
#12223=CARTESIAN_POINT('',(-94.5,-126.328427124746,-0.73576436351046));
#12224=CARTESIAN_POINT('Origin',(-94.5,-120.000001788139,-0.73576436351046));
#12225=CARTESIAN_POINT('',(-94.5,-120.000001788139,-0.73576436351046));
#12226=CARTESIAN_POINT('Origin',(-92.5,-120.000001788139,-0.73576436351046));
#12227=CARTESIAN_POINT('',(-92.5,-120.000001788139,-0.73576436351046));
#12228=CARTESIAN_POINT('Origin',(-92.5,-125.5,-0.73576436351046));
#12229=CARTESIAN_POINT('Origin',(-51.,-120.000001788139,-0.73576436351046));
#12230=CARTESIAN_POINT('',(-51.,-125.5,-0.73576436351046));
#12231=CARTESIAN_POINT('',(-51.,-120.000001788139,-0.73576436351046));
#12232=CARTESIAN_POINT('Origin',(-49.,-120.000001788139,-0.73576436351046));
#12233=CARTESIAN_POINT('',(-49.,-120.000001788139,-0.73576436351046));
#12234=CARTESIAN_POINT('Origin',(-49.,-126.328427124746,-0.73576436351046));
#12235=CARTESIAN_POINT('Origin',(-60.0000008940697,-129.,-0.73576436351046));
#12236=CARTESIAN_POINT('',(-60.0000008940697,-129.,-0.73576436351046));
#12237=CARTESIAN_POINT('Origin',(-54.5,-129.,-0.73576436351046));
#12238=CARTESIAN_POINT('',(-54.5,-129.,-0.73576436351046));
#12239=CARTESIAN_POINT('Origin',(-51.,-125.5,-0.73576436351046));
#12240=CARTESIAN_POINT('Origin',(-87.75,-16.337722,-0.73576436351046));
#12241=CARTESIAN_POINT('',(-85.3003108406175,-16.337722,29.2642356364895));
#12242=CARTESIAN_POINT('Origin',(-87.75,-16.337722,29.2642356364895));
#12243=CARTESIAN_POINT('',(-85.3003108406175,-16.337722,19.2642356364895));
#12244=CARTESIAN_POINT('',(-85.3003108406175,-16.337722,-0.73576436351046));
#12245=CARTESIAN_POINT('Origin',(-87.75,-16.337722,19.2642356364895));
#12246=CARTESIAN_POINT('Origin',(-87.75,-16.337722,29.2642356364895));
#12247=CARTESIAN_POINT('Origin',(-92.5,-14.7764725004004,-0.73576436351046));
#12248=CARTESIAN_POINT('',(-92.5,-17.8989714995996,19.2642356364895));
#12249=CARTESIAN_POINT('',(-92.5,-17.8989714995996,-0.73576436351046));
#12250=CARTESIAN_POINT('',(-92.5,-14.7764725004004,19.2642356364895));
#12251=CARTESIAN_POINT('',(-92.5,-125.5,19.2642356364895));
#12252=CARTESIAN_POINT('',(-92.5,-14.7764725004004,-0.73576436351046));
#12253=CARTESIAN_POINT('Origin',(-87.75,-16.337722,-0.73576436351046));
#12254=CARTESIAN_POINT('Origin',(-87.75,-16.337722,19.2642356364895));
#12255=CARTESIAN_POINT('Origin',(-87.625,-16.337722,19.2642356364895));
#12256=CARTESIAN_POINT('Origin',(0.,0.,0.));
#12257=CARTESIAN_POINT('',(-1.72072930905315,0.,-2.457456132867));
#12258=CARTESIAN_POINT('',(-32.4389309698904,0.,19.0516602302973));
#12259=CARTESIAN_POINT('',(0.,0.,0.));
#12260=CARTESIAN_POINT('Origin',(-63.1571326307276,-65.,40.5607765934615));
#12261=CARTESIAN_POINT('',(-1.72072930905315,-130.,-2.457456132867));
#12262=CARTESIAN_POINT('',(-93.8753342915648,-130.,62.0698929566257));
#12263=CARTESIAN_POINT('',(-1.72072930905316,-97.5,-2.45745613286699));
#12264=CARTESIAN_POINT('Origin',(-61.4364032606428,-65.,43.0182326835937));
#12265=CARTESIAN_POINT('',(8.19152044288993,-147.,-5.73576436351046));
#12266=CARTESIAN_POINT('',(-131.064327086239,17.,91.7722298161674));
#12267=CARTESIAN_POINT('Origin',(-64.304285442398,-65.,38.9224724621487));
#12268=CARTESIAN_POINT('',(-7.66645356892615,-147.,-0.735764363510469));
#12269=CARTESIAN_POINT('Origin',(8.19152044288992,-140.,-5.73576436351046));
#12270=CARTESIAN_POINT('Origin',(-61.4364033216744,-147.,43.0182327263285));
#12271=CARTESIAN_POINT('Origin',(0.,-130.,0.));
#12272=CARTESIAN_POINT('',(0.,-130.,0.));
#12273=CARTESIAN_POINT('Origin',(-122.872806643349,-130.,86.0364654526569));
#12274=CARTESIAN_POINT('Origin',(-61.4364033216744,17.,43.0182327263285));
#12275=CARTESIAN_POINT('',(-7.66645356892614,17.,-0.73576436351046));
#12276=CARTESIAN_POINT('Origin',(-64.304285442398,-65.,38.9224724621487));
#12277=CARTESIAN_POINT('Origin',(-128.564327086239,-136.5,-5.73576436351046));
#12278=CARTESIAN_POINT('',(-126.064327086239,-133.,-5.73576436351046));
#12279=CARTESIAN_POINT('',(-126.064327086239,-140.,-5.73576436351046));
#12280=CARTESIAN_POINT('',(-126.064327086239,-138.25,-5.73576436351046));
#12281=CARTESIAN_POINT('',(-131.064327086239,-140.,-5.73576436351046));
#12282=CARTESIAN_POINT('',(-128.564327086239,-140.,-5.73576436351046));
#12283=CARTESIAN_POINT('',(-131.064327086239,-133.,-5.73576436351046));
#12284=CARTESIAN_POINT('',(-131.064327086239,-134.75,-5.73576436351046));
#12285=CARTESIAN_POINT('',(-127.314327086239,-133.,-5.73576436351046));
#12286=CARTESIAN_POINT('Origin',(-126.064327086239,3.00000000000001,-5.73576436351047));
#12287=CARTESIAN_POINT('',(-126.064327086239,3.00000000000001,-5.73576436351047));
#12288=CARTESIAN_POINT('',(-131.064327086239,3.00000000000001,-5.73576436351047));
#12289=CARTESIAN_POINT('',(-131.064327086239,3.00000000000001,-5.73576436351047));
#12290=CARTESIAN_POINT('',(-131.064327086239,10.,-5.73576436351047));
#12291=CARTESIAN_POINT('',(-131.064327086239,3.00000000000001,-5.73576436351047));
#12292=CARTESIAN_POINT('',(-126.064327086239,10.,-5.73576436351047));
#12293=CARTESIAN_POINT('',(-131.064327086239,10.,-5.73576436351047));
#12294=CARTESIAN_POINT('',(-126.064327086239,3.00000000000001,-5.73576436351047));
#12295=CARTESIAN_POINT('Origin',(-126.064327086239,-68.5,-5.73576436351047));
#12296=CARTESIAN_POINT('',(-126.064327086239,-68.5,-5.73576436351047));
#12297=CARTESIAN_POINT('',(-131.064327086239,-68.5,-5.73576436351047));
#12298=CARTESIAN_POINT('',(-131.064327086239,-68.5,-5.73576436351047));
#12299=CARTESIAN_POINT('',(-131.064327086239,-61.5,-5.73576436351047));
#12300=CARTESIAN_POINT('',(-131.064327086239,-68.5,-5.73576436351047));
#12301=CARTESIAN_POINT('',(-126.064327086239,-61.5,-5.73576436351047));
#12302=CARTESIAN_POINT('',(-131.064327086239,-61.5,-5.73576436351047));
#12303=CARTESIAN_POINT('',(-126.064327086239,-68.5,-5.73576436351047));
#12304=CARTESIAN_POINT('Origin',(-131.064327086239,-140.,-1.27455012858943));
#12305=CARTESIAN_POINT('',(-131.064327086239,-140.,5.41783802683568));
#12306=CARTESIAN_POINT('',(-137.756715241664,-140.,-1.27455012858943));
#12307=CARTESIAN_POINT('',(-128.564327086239,-140.,7.91783802683569));
#12308=CARTESIAN_POINT('',(-131.064327086239,-146.692388155425,-1.27455012858943));
#12309=CARTESIAN_POINT('Origin',(-131.064327086239,-140.,-1.27455012858943));
#12310=CARTESIAN_POINT('',(-131.064327086239,-140.,5.41783802683568));
#12311=CARTESIAN_POINT('Origin',(-131.064327086239,-140.,-0.0496763944365203));
#12312=CARTESIAN_POINT('',(-131.064327086239,-140.,2.58941090208948));
#12313=CARTESIAN_POINT('',(-136.342501679291,-140.,-2.68876369096252));
#12314=CARTESIAN_POINT('',(-121.493259274373,-140.,12.160478713955));
#12315=CARTESIAN_POINT('',(-131.064327086239,-145.278174593052,-2.68876369096252));
#12316=CARTESIAN_POINT('',(-131.064327086239,-145.278174593052,-2.68876369096252));
#12317=CARTESIAN_POINT('Origin',(-131.064327086239,-140.,-2.68876369096252));
#12318=CARTESIAN_POINT('Origin',(-131.064327086239,-140.,-1.98165690977598));
#12319=CARTESIAN_POINT('',(-136.696055069884,-140.,-2.33521030036925));
#12320=CARTESIAN_POINT('',(-131.064327086239,-146.692388155425,-1.27455012858943));
#12321=CARTESIAN_POINT('Origin',(-131.064327086239,-143.346194077713,1.36453716793658));
#12322=CARTESIAN_POINT('',(-131.064327086239,-140.,3.93408081619959));
#12323=CARTESIAN_POINT('Origin',(-128.564327086239,-140.,6.50362446446259));
#12324=CARTESIAN_POINT('',(-131.064327086239,-140.,-5.73576436351046));
#12325=CARTESIAN_POINT('',(-126.064327086239,-140.,82.1673191813115));
#12326=CARTESIAN_POINT('',(-126.064327086239,-140.,-0.73576436351046));
#12327=CARTESIAN_POINT('',(-131.064327086239,-140.,85.6683568723601));
#12328=CARTESIAN_POINT('',(-100.408557739125,-140.,64.2029560858932));
#12329=CARTESIAN_POINT('',(-131.064327086239,-140.,71.4178380268356));
#12330=CARTESIAN_POINT('',(-131.064327086239,-140.,85.6683568723601));
#12331=CARTESIAN_POINT('',(-131.064327086239,-140.,68.5894109020894));
#12332=CARTESIAN_POINT('',(-131.064327086239,-140.,36.9340808161996));
#12333=CARTESIAN_POINT('',(-131.064327086239,-140.,60.4178380268356));
#12334=CARTESIAN_POINT('',(-131.064327086239,-140.,-5.73576436351046));
#12335=CARTESIAN_POINT('',(-131.064327086239,-140.,57.5894109020894));
#12336=CARTESIAN_POINT('',(-131.064327086239,-140.,31.4340808161996));
#12337=CARTESIAN_POINT('',(-131.064327086239,-140.,49.4178380268356));
#12338=CARTESIAN_POINT('',(-131.064327086239,-140.,-5.73576436351046));
#12339=CARTESIAN_POINT('',(-131.064327086239,-140.,46.5894109020894));
#12340=CARTESIAN_POINT('',(-131.064327086239,-140.,25.9340808161996));
#12341=CARTESIAN_POINT('',(-131.064327086239,-140.,38.4178380268356));
#12342=CARTESIAN_POINT('',(-131.064327086239,-140.,-5.73576436351046));
#12343=CARTESIAN_POINT('',(-131.064327086239,-140.,35.5894109020894));
#12344=CARTESIAN_POINT('',(-131.064327086239,-140.,20.4340808161996));
#12345=CARTESIAN_POINT('',(-131.064327086239,-140.,27.4178380268357));
#12346=CARTESIAN_POINT('',(-131.064327086239,-140.,-5.73576436351046));
#12347=CARTESIAN_POINT('',(-131.064327086239,-140.,24.5894109020895));
#12348=CARTESIAN_POINT('',(-131.064327086239,-140.,14.9340808161996));
#12349=CARTESIAN_POINT('',(-131.064327086239,-140.,16.4178380268357));
#12350=CARTESIAN_POINT('',(-131.064327086239,-140.,-5.73576436351046));
#12351=CARTESIAN_POINT('',(-131.064327086239,-140.,13.5894109020895));
#12352=CARTESIAN_POINT('',(-131.064327086239,-140.,9.43408081619959));
#12353=CARTESIAN_POINT('',(-131.064327086239,-140.,-5.73576436351046));
#12354=CARTESIAN_POINT('Origin',(-131.064327086239,-140.,42.7254498714106));
#12355=CARTESIAN_POINT('',(-137.756715241664,-140.,42.7254498714106));
#12356=CARTESIAN_POINT('',(-128.564327086239,-140.,51.9178380268357));
#12357=CARTESIAN_POINT('',(-131.064327086239,-146.692388155425,42.7254498714106));
#12358=CARTESIAN_POINT('Origin',(-131.064327086239,-140.,42.7254498714106));
#12359=CARTESIAN_POINT('',(-131.064327086239,-140.,49.4178380268356));
#12360=CARTESIAN_POINT('Origin',(-131.064327086239,-140.,43.9503236055635));
#12361=CARTESIAN_POINT('',(-136.342501679291,-140.,41.3112363090375));
#12362=CARTESIAN_POINT('',(-121.493259274373,-140.,56.160478713955));
#12363=CARTESIAN_POINT('',(-131.064327086239,-145.278174593052,41.3112363090375));
#12364=CARTESIAN_POINT('',(-131.064327086239,-145.278174593052,41.3112363090375));
#12365=CARTESIAN_POINT('Origin',(-131.064327086239,-140.,41.3112363090375));
#12366=CARTESIAN_POINT('Origin',(-131.064327086239,-140.,42.018343090224));
#12367=CARTESIAN_POINT('',(-125.696055069884,-140.,30.6647896996308));
#12368=CARTESIAN_POINT('',(-131.064327086239,-146.692388155425,42.7254498714106));
#12369=CARTESIAN_POINT('Origin',(-131.064327086239,-143.346194077713,45.3645371679365));
#12370=CARTESIAN_POINT('Origin',(-131.064327086239,-140.,53.7254498714106));
#12371=CARTESIAN_POINT('',(-137.756715241664,-140.,53.7254498714106));
#12372=CARTESIAN_POINT('',(-128.564327086239,-140.,62.9178380268357));
#12373=CARTESIAN_POINT('',(-131.064327086239,-146.692388155425,53.7254498714106));
#12374=CARTESIAN_POINT('Origin',(-131.064327086239,-140.,53.7254498714106));
#12375=CARTESIAN_POINT('',(-131.064327086239,-140.,60.4178380268356));
#12376=CARTESIAN_POINT('Origin',(-131.064327086239,-140.,54.9503236055634));
#12377=CARTESIAN_POINT('',(-136.342501679291,-140.,52.3112363090375));
#12378=CARTESIAN_POINT('',(-121.493259274373,-140.,67.160478713955));
#12379=CARTESIAN_POINT('',(-131.064327086239,-145.278174593052,52.3112363090375));
#12380=CARTESIAN_POINT('',(-131.064327086239,-145.278174593052,52.3112363090375));
#12381=CARTESIAN_POINT('Origin',(-131.064327086239,-140.,52.3112363090375));
#12382=CARTESIAN_POINT('Origin',(-131.064327086239,-140.,53.018343090224));
#12383=CARTESIAN_POINT('',(-122.946055069884,-140.,38.9147896996308));
#12384=CARTESIAN_POINT('',(-131.064327086239,-146.692388155425,53.7254498714106));
#12385=CARTESIAN_POINT('Origin',(-131.064327086239,-143.346194077713,56.3645371679365));
#12386=CARTESIAN_POINT('Origin',(-131.064327086239,-140.,9.72544987141058));
#12387=CARTESIAN_POINT('',(-137.756715241664,-140.,9.72544987141058));
#12388=CARTESIAN_POINT('',(-128.564327086239,-140.,18.9178380268357));
#12389=CARTESIAN_POINT('',(-131.064327086239,-146.692388155425,9.72544987141058));
#12390=CARTESIAN_POINT('Origin',(-131.064327086239,-140.,9.72544987141058));
#12391=CARTESIAN_POINT('',(-131.064327086239,-140.,16.4178380268357));
#12392=CARTESIAN_POINT('Origin',(-131.064327086239,-140.,10.9503236055635));
#12393=CARTESIAN_POINT('',(-136.342501679291,-140.,8.31123630903748));
#12394=CARTESIAN_POINT('',(-121.493259274373,-140.,23.160478713955));
#12395=CARTESIAN_POINT('',(-131.064327086239,-145.278174593052,8.31123630903748));
#12396=CARTESIAN_POINT('',(-131.064327086239,-145.278174593052,8.31123630903748));
#12397=CARTESIAN_POINT('Origin',(-131.064327086239,-140.,8.31123630903748));
#12398=CARTESIAN_POINT('Origin',(-131.064327086239,-140.,9.01834309022403));
#12399=CARTESIAN_POINT('',(-133.946055069884,-140.,5.91478969963075));
#12400=CARTESIAN_POINT('',(-131.064327086239,-146.692388155425,9.72544987141058));
#12401=CARTESIAN_POINT('Origin',(-131.064327086239,-143.346194077713,12.3645371679366));
#12402=CARTESIAN_POINT('Origin',(-131.064327086239,-140.,31.7254498714106));
#12403=CARTESIAN_POINT('',(-137.756715241664,-140.,31.7254498714106));
#12404=CARTESIAN_POINT('',(-128.564327086239,-140.,40.9178380268357));
#12405=CARTESIAN_POINT('',(-131.064327086239,-146.692388155425,31.7254498714106));
#12406=CARTESIAN_POINT('Origin',(-131.064327086239,-140.,31.7254498714106));
#12407=CARTESIAN_POINT('',(-131.064327086239,-140.,38.4178380268356));
#12408=CARTESIAN_POINT('Origin',(-131.064327086239,-140.,32.9503236055635));
#12409=CARTESIAN_POINT('',(-136.342501679291,-140.,30.3112363090375));
#12410=CARTESIAN_POINT('',(-121.493259274373,-140.,45.160478713955));
#12411=CARTESIAN_POINT('',(-131.064327086239,-145.278174593052,30.3112363090375));
#12412=CARTESIAN_POINT('',(-131.064327086239,-145.278174593052,30.3112363090375));
#12413=CARTESIAN_POINT('Origin',(-131.064327086239,-140.,30.3112363090375));
#12414=CARTESIAN_POINT('Origin',(-131.064327086239,-140.,31.018343090224));
#12415=CARTESIAN_POINT('',(-128.446055069884,-140.,22.4147896996308));
#12416=CARTESIAN_POINT('',(-131.064327086239,-146.692388155425,31.7254498714106));
#12417=CARTESIAN_POINT('Origin',(-131.064327086239,-143.346194077713,34.3645371679365));
#12418=CARTESIAN_POINT('Origin',(-131.064327086239,-140.,64.7254498714106));
#12419=CARTESIAN_POINT('',(-137.756715241664,-140.,64.7254498714106));
#12420=CARTESIAN_POINT('',(-128.564327086239,-140.,73.9178380268357));
#12421=CARTESIAN_POINT('',(-131.064327086239,-146.692388155425,64.7254498714106));
#12422=CARTESIAN_POINT('Origin',(-131.064327086239,-140.,64.7254498714106));
#12423=CARTESIAN_POINT('',(-131.064327086239,-140.,71.4178380268356));
#12424=CARTESIAN_POINT('Origin',(-131.064327086239,-140.,65.9503236055634));
#12425=CARTESIAN_POINT('',(-136.342501679291,-140.,63.3112363090375));
#12426=CARTESIAN_POINT('',(-121.493259274373,-140.,78.160478713955));
#12427=CARTESIAN_POINT('',(-131.064327086239,-145.278174593052,63.3112363090375));
#12428=CARTESIAN_POINT('',(-131.064327086239,-145.278174593052,63.3112363090375));
#12429=CARTESIAN_POINT('Origin',(-131.064327086239,-140.,63.3112363090375));
#12430=CARTESIAN_POINT('Origin',(-131.064327086239,-140.,64.018343090224));
#12431=CARTESIAN_POINT('',(-120.196055069884,-140.,47.1647896996308));
#12432=CARTESIAN_POINT('',(-131.064327086239,-146.692388155425,64.7254498714106));
#12433=CARTESIAN_POINT('Origin',(-131.064327086239,-143.346194077713,67.3645371679365));
#12434=CARTESIAN_POINT('Origin',(-131.064327086239,-140.,20.7254498714106));
#12435=CARTESIAN_POINT('',(-137.756715241664,-140.,20.7254498714106));
#12436=CARTESIAN_POINT('',(-128.564327086239,-140.,29.9178380268357));
#12437=CARTESIAN_POINT('',(-131.064327086239,-146.692388155425,20.7254498714106));
#12438=CARTESIAN_POINT('Origin',(-131.064327086239,-140.,20.7254498714106));
#12439=CARTESIAN_POINT('',(-131.064327086239,-140.,27.4178380268357));
#12440=CARTESIAN_POINT('Origin',(-131.064327086239,-140.,21.9503236055635));
#12441=CARTESIAN_POINT('',(-136.342501679291,-140.,19.3112363090375));
#12442=CARTESIAN_POINT('',(-121.493259274373,-140.,34.160478713955));
#12443=CARTESIAN_POINT('',(-131.064327086239,-145.278174593052,19.3112363090375));
#12444=CARTESIAN_POINT('',(-131.064327086239,-145.278174593052,19.3112363090375));
#12445=CARTESIAN_POINT('Origin',(-131.064327086239,-140.,19.3112363090375));
#12446=CARTESIAN_POINT('Origin',(-131.064327086239,-140.,20.018343090224));
#12447=CARTESIAN_POINT('',(-131.196055069884,-140.,14.1647896996308));
#12448=CARTESIAN_POINT('',(-131.064327086239,-146.692388155425,20.7254498714106));
#12449=CARTESIAN_POINT('Origin',(-131.064327086239,-143.346194077713,23.3645371679366));
#12450=CARTESIAN_POINT('Origin',(-131.064327086239,10.,2.07164394912313));
#12451=CARTESIAN_POINT('',(-137.756715241664,10.,-1.27455012858943));
#12452=CARTESIAN_POINT('',(-131.064327086239,10.,5.41783802683568));
#12453=CARTESIAN_POINT('',(-128.564327086239,10.,7.91783802683569));
#12454=CARTESIAN_POINT('',(-131.064327086239,16.6923881554251,-1.27455012858943));
#12455=CARTESIAN_POINT('',(-131.064327086239,16.6923881554251,-1.27455012858943));
#12456=CARTESIAN_POINT('Origin',(-131.064327086239,10.,-1.27455012858943));
#12457=CARTESIAN_POINT('Origin',(-131.064327086239,10.,-1.98165690977598));
#12458=CARTESIAN_POINT('',(-136.342501679291,10.,-2.68876369096252));
#12459=CARTESIAN_POINT('',(-136.696055069884,9.99999999999999,-2.33521030036925));
#12460=CARTESIAN_POINT('',(-131.064327086239,15.278174593052,-2.68876369096252));
#12461=CARTESIAN_POINT('',(-131.064327086239,15.278174593052,-2.68876369096252));
#12462=CARTESIAN_POINT('Origin',(-131.064327086239,10.,-2.68876369096252));
#12463=CARTESIAN_POINT('Origin',(-131.064327086239,10.,-0.0496763944365203));
#12464=CARTESIAN_POINT('',(-131.064327086239,10.,2.58941090208948));
#12465=CARTESIAN_POINT('',(-121.493259274373,10.,12.160478713955));
#12466=CARTESIAN_POINT('',(-131.064327086239,9.99999999999998,2.58941090208948));
#12467=CARTESIAN_POINT('Origin',(-131.064327086239,13.3461940777125,1.36453716793658));
#12468=CARTESIAN_POINT('',(-131.064327086239,10.,3.93408081619959));
#12469=CARTESIAN_POINT('Origin',(-128.564327086239,10.,6.50362446446259));
#12470=CARTESIAN_POINT('',(-131.064327086239,10.,13.5894109020895));
#12471=CARTESIAN_POINT('',(-131.064327086239,10.,85.6683568723601));
#12472=CARTESIAN_POINT('',(-131.064327086239,10.,16.4178380268357));
#12473=CARTESIAN_POINT('',(-131.064327086239,10.,9.43408081619959));
#12474=CARTESIAN_POINT('',(-131.064327086239,10.,24.5894109020895));
#12475=CARTESIAN_POINT('',(-131.064327086239,10.,85.6683568723601));
#12476=CARTESIAN_POINT('',(-131.064327086239,10.,27.4178380268357));
#12477=CARTESIAN_POINT('',(-131.064327086239,10.,14.9340808161996));
#12478=CARTESIAN_POINT('',(-131.064327086239,10.,35.5894109020894));
#12479=CARTESIAN_POINT('',(-131.064327086239,10.,85.6683568723601));
#12480=CARTESIAN_POINT('',(-131.064327086239,10.,38.4178380268356));
#12481=CARTESIAN_POINT('',(-131.064327086239,10.,20.4340808161996));
#12482=CARTESIAN_POINT('',(-131.064327086239,10.,46.5894109020894));
#12483=CARTESIAN_POINT('',(-131.064327086239,10.,85.6683568723601));
#12484=CARTESIAN_POINT('',(-131.064327086239,10.,49.4178380268356));
#12485=CARTESIAN_POINT('',(-131.064327086239,10.,25.9340808161996));
#12486=CARTESIAN_POINT('',(-131.064327086239,10.,57.5894109020894));
#12487=CARTESIAN_POINT('',(-131.064327086239,10.,85.6683568723601));
#12488=CARTESIAN_POINT('',(-131.064327086239,10.,60.4178380268356));
#12489=CARTESIAN_POINT('',(-131.064327086239,10.,31.4340808161996));
#12490=CARTESIAN_POINT('',(-131.064327086239,10.,68.5894109020894));
#12491=CARTESIAN_POINT('',(-131.064327086239,10.,85.6683568723601));
#12492=CARTESIAN_POINT('',(-131.064327086239,10.,71.4178380268356));
#12493=CARTESIAN_POINT('',(-131.064327086239,10.,36.9340808161996));
#12494=CARTESIAN_POINT('',(-131.064327086239,10.,85.6683568723601));
#12495=CARTESIAN_POINT('',(-131.064327086239,10.,85.6683568723601));
#12496=CARTESIAN_POINT('',(-126.064327086238,10.,82.1673191813113));
#12497=CARTESIAN_POINT('',(-126.064327086238,10.,82.1673191813113));
#12498=CARTESIAN_POINT('',(-126.064327086239,10.,-0.735764363510469));
#12499=CARTESIAN_POINT('',(-131.064327086239,10.,-0.735764363510469));
#12500=CARTESIAN_POINT('Origin',(-131.064327086239,10.,46.0716439491231));
#12501=CARTESIAN_POINT('',(-137.756715241664,10.,42.7254498714106));
#12502=CARTESIAN_POINT('',(-128.564327086239,10.,51.9178380268357));
#12503=CARTESIAN_POINT('',(-131.064327086239,16.692388155425,42.7254498714106));
#12504=CARTESIAN_POINT('',(-131.064327086239,16.692388155425,42.7254498714106));
#12505=CARTESIAN_POINT('Origin',(-131.064327086239,10.,42.7254498714106));
#12506=CARTESIAN_POINT('Origin',(-131.064327086239,10.,42.018343090224));
#12507=CARTESIAN_POINT('',(-136.342501679291,10.,41.3112363090375));
#12508=CARTESIAN_POINT('',(-125.696055069884,9.99999999999999,30.6647896996308));
#12509=CARTESIAN_POINT('',(-131.064327086239,15.2781745930519,41.3112363090375));
#12510=CARTESIAN_POINT('',(-131.064327086239,15.2781745930519,41.3112363090375));
#12511=CARTESIAN_POINT('Origin',(-131.064327086239,10.,41.3112363090375));
#12512=CARTESIAN_POINT('Origin',(-131.064327086239,10.,43.9503236055635));
#12513=CARTESIAN_POINT('',(-121.493259274373,10.,56.160478713955));
#12514=CARTESIAN_POINT('',(-131.064327086239,10.,46.5894109020894));
#12515=CARTESIAN_POINT('Origin',(-131.064327086239,13.3461940777125,45.3645371679365));
#12516=CARTESIAN_POINT('Origin',(-131.064327086239,10.,57.0716439491231));
#12517=CARTESIAN_POINT('',(-137.756715241664,10.,53.7254498714106));
#12518=CARTESIAN_POINT('',(-128.564327086239,10.,62.9178380268357));
#12519=CARTESIAN_POINT('',(-131.064327086239,16.692388155425,53.7254498714106));
#12520=CARTESIAN_POINT('',(-131.064327086239,16.692388155425,53.7254498714106));
#12521=CARTESIAN_POINT('Origin',(-131.064327086239,10.,53.7254498714106));
#12522=CARTESIAN_POINT('Origin',(-131.064327086239,10.,53.018343090224));
#12523=CARTESIAN_POINT('',(-136.342501679291,10.,52.3112363090375));
#12524=CARTESIAN_POINT('',(-122.946055069884,9.99999999999999,38.9147896996308));
#12525=CARTESIAN_POINT('',(-131.064327086239,15.2781745930519,52.3112363090375));
#12526=CARTESIAN_POINT('',(-131.064327086239,15.2781745930519,52.3112363090375));
#12527=CARTESIAN_POINT('Origin',(-131.064327086239,10.,52.3112363090375));
#12528=CARTESIAN_POINT('Origin',(-131.064327086239,10.,54.9503236055634));
#12529=CARTESIAN_POINT('',(-121.493259274373,10.,67.160478713955));
#12530=CARTESIAN_POINT('',(-131.064327086239,10.,57.5894109020894));
#12531=CARTESIAN_POINT('Origin',(-131.064327086239,13.3461940777125,56.3645371679365));
#12532=CARTESIAN_POINT('Origin',(-131.064327086239,10.,13.0716439491231));
#12533=CARTESIAN_POINT('',(-137.756715241664,10.,9.72544987141058));
#12534=CARTESIAN_POINT('',(-128.564327086239,10.,18.9178380268357));
#12535=CARTESIAN_POINT('',(-131.064327086239,16.6923881554251,9.72544987141058));
#12536=CARTESIAN_POINT('',(-131.064327086239,16.6923881554251,9.72544987141058));
#12537=CARTESIAN_POINT('Origin',(-131.064327086239,10.,9.72544987141058));
#12538=CARTESIAN_POINT('Origin',(-131.064327086239,10.,9.01834309022403));
#12539=CARTESIAN_POINT('',(-136.342501679291,10.,8.31123630903748));
#12540=CARTESIAN_POINT('',(-133.946055069884,9.99999999999999,5.91478969963075));
#12541=CARTESIAN_POINT('',(-131.064327086239,15.278174593052,8.31123630903748));
#12542=CARTESIAN_POINT('',(-131.064327086239,15.278174593052,8.31123630903748));
#12543=CARTESIAN_POINT('Origin',(-131.064327086239,10.,8.31123630903748));
#12544=CARTESIAN_POINT('Origin',(-131.064327086239,10.,10.9503236055635));
#12545=CARTESIAN_POINT('',(-121.493259274373,10.,23.160478713955));
#12546=CARTESIAN_POINT('',(-131.064327086239,9.99999999999998,13.5894109020895));
#12547=CARTESIAN_POINT('Origin',(-131.064327086239,13.3461940777125,12.3645371679366));
#12548=CARTESIAN_POINT('Origin',(-131.064327086239,10.,35.0716439491231));
#12549=CARTESIAN_POINT('',(-137.756715241664,10.,31.7254498714106));
#12550=CARTESIAN_POINT('',(-128.564327086239,10.,40.9178380268357));
#12551=CARTESIAN_POINT('',(-131.064327086239,16.692388155425,31.7254498714106));
#12552=CARTESIAN_POINT('',(-131.064327086239,16.692388155425,31.7254498714106));
#12553=CARTESIAN_POINT('Origin',(-131.064327086239,10.,31.7254498714106));
#12554=CARTESIAN_POINT('Origin',(-131.064327086239,10.,31.018343090224));
#12555=CARTESIAN_POINT('',(-136.342501679291,10.,30.3112363090375));
#12556=CARTESIAN_POINT('',(-128.446055069884,9.99999999999999,22.4147896996308));
#12557=CARTESIAN_POINT('',(-131.064327086239,15.278174593052,30.3112363090375));
#12558=CARTESIAN_POINT('',(-131.064327086239,15.278174593052,30.3112363090375));
#12559=CARTESIAN_POINT('Origin',(-131.064327086239,10.,30.3112363090375));
#12560=CARTESIAN_POINT('Origin',(-131.064327086239,10.,32.9503236055635));
#12561=CARTESIAN_POINT('',(-121.493259274373,10.,45.160478713955));
#12562=CARTESIAN_POINT('',(-131.064327086239,9.99999999999998,35.5894109020894));
#12563=CARTESIAN_POINT('Origin',(-131.064327086239,13.3461940777125,34.3645371679365));
#12564=CARTESIAN_POINT('Origin',(-131.064327086239,10.,68.0716439491231));
#12565=CARTESIAN_POINT('',(-137.756715241664,10.,64.7254498714106));
#12566=CARTESIAN_POINT('',(-128.564327086239,10.,73.9178380268357));
#12567=CARTESIAN_POINT('',(-131.064327086239,16.692388155425,64.7254498714106));
#12568=CARTESIAN_POINT('',(-131.064327086239,16.692388155425,64.7254498714106));
#12569=CARTESIAN_POINT('Origin',(-131.064327086239,10.,64.7254498714106));
#12570=CARTESIAN_POINT('Origin',(-131.064327086239,10.,64.018343090224));
#12571=CARTESIAN_POINT('',(-136.342501679291,10.,63.3112363090375));
#12572=CARTESIAN_POINT('',(-120.196055069884,9.99999999999999,47.1647896996308));
#12573=CARTESIAN_POINT('',(-131.064327086239,15.2781745930519,63.3112363090375));
#12574=CARTESIAN_POINT('',(-131.064327086239,15.2781745930519,63.3112363090375));
#12575=CARTESIAN_POINT('Origin',(-131.064327086239,10.,63.3112363090375));
#12576=CARTESIAN_POINT('Origin',(-131.064327086239,10.,65.9503236055634));
#12577=CARTESIAN_POINT('',(-121.493259274373,10.,78.160478713955));
#12578=CARTESIAN_POINT('',(-131.064327086239,10.,68.5894109020894));
#12579=CARTESIAN_POINT('Origin',(-131.064327086239,13.3461940777125,67.3645371679365));
#12580=CARTESIAN_POINT('Origin',(-131.064327086239,10.,24.0716439491231));
#12581=CARTESIAN_POINT('',(-137.756715241664,10.,20.7254498714106));
#12582=CARTESIAN_POINT('',(-128.564327086239,10.,29.9178380268357));
#12583=CARTESIAN_POINT('',(-131.064327086239,16.6923881554251,20.7254498714106));
#12584=CARTESIAN_POINT('',(-131.064327086239,16.6923881554251,20.7254498714106));
#12585=CARTESIAN_POINT('Origin',(-131.064327086239,10.,20.7254498714106));
#12586=CARTESIAN_POINT('Origin',(-131.064327086239,10.,20.018343090224));
#12587=CARTESIAN_POINT('',(-136.342501679291,10.,19.3112363090375));
#12588=CARTESIAN_POINT('',(-131.196055069884,9.99999999999999,14.1647896996308));
#12589=CARTESIAN_POINT('',(-131.064327086239,15.278174593052,19.3112363090375));
#12590=CARTESIAN_POINT('',(-131.064327086239,15.278174593052,19.3112363090375));
#12591=CARTESIAN_POINT('Origin',(-131.064327086239,10.,19.3112363090375));
#12592=CARTESIAN_POINT('Origin',(-131.064327086239,10.,21.9503236055635));
#12593=CARTESIAN_POINT('',(-121.493259274373,10.,34.160478713955));
#12594=CARTESIAN_POINT('',(-131.064327086239,9.99999999999998,24.5894109020895));
#12595=CARTESIAN_POINT('Origin',(-131.064327086239,13.3461940777125,23.3645371679366));
#12596=CARTESIAN_POINT('Origin',(-121.493259274373,-133.,-5.73576436351046));
#12597=CARTESIAN_POINT('',(-121.493259274373,-133.,12.160478713955));
#12598=CARTESIAN_POINT('',(-126.064327086239,-133.,7.5894109020895));
#12599=CARTESIAN_POINT('',(-125.96732004374,-133.,7.68641794458862));
#12600=CARTESIAN_POINT('',(-122.907472836746,-133.,13.5746922763281));
#12601=CARTESIAN_POINT('',(-117.726305286193,-133.,8.39352472577513));
#12602=CARTESIAN_POINT('',(-126.064327086239,-133.,10.4178380268357));
#12603=CARTESIAN_POINT('',(-133.745494636792,-133.,2.73667047628278));
#12604=CARTESIAN_POINT('',(-126.064327086239,-133.,-5.73576436351046));
#12605=CARTESIAN_POINT('Origin',(-121.493259274373,-133.,-5.73576436351046));
#12606=CARTESIAN_POINT('',(-126.064327086239,-133.,21.4178380268358));
#12607=CARTESIAN_POINT('',(-122.907472836746,-133.,24.5746922763281));
#12608=CARTESIAN_POINT('',(-136.495494636792,-133.,10.9866704762828));
#12609=CARTESIAN_POINT('',(-126.064327086239,-133.,18.5894109020896));
#12610=CARTESIAN_POINT('',(-126.064327086239,-133.,-5.73576436351046));
#12611=CARTESIAN_POINT('',(-121.493259274373,-133.,23.160478713955));
#12612=CARTESIAN_POINT('',(-128.71732004374,-133.,15.9364179445886));
#12613=CARTESIAN_POINT('',(-114.976305286193,-133.,16.6435247257751));
#12614=CARTESIAN_POINT('Origin',(-121.493259274373,-133.,-5.73576436351046));
#12615=CARTESIAN_POINT('',(-126.064327086239,-133.,32.4178380268358));
#12616=CARTESIAN_POINT('',(-122.907472836746,-133.,35.5746922763281));
#12617=CARTESIAN_POINT('',(-139.245494636792,-133.,19.2366704762828));
#12618=CARTESIAN_POINT('',(-126.064327086239,-133.,29.5894109020896));
#12619=CARTESIAN_POINT('',(-126.064327086239,-133.,-5.73576436351046));
#12620=CARTESIAN_POINT('',(-121.493259274373,-133.,34.160478713955));
#12621=CARTESIAN_POINT('',(-131.46732004374,-133.,24.1864179445886));
#12622=CARTESIAN_POINT('',(-112.226305286193,-133.,24.8935247257751));
#12623=CARTESIAN_POINT('Origin',(-121.493259274373,-133.,-5.73576436351046));
#12624=CARTESIAN_POINT('',(-126.064327086239,-133.,43.4178380268358));
#12625=CARTESIAN_POINT('',(-122.907472836746,-133.,46.5746922763281));
#12626=CARTESIAN_POINT('',(-141.995494636792,-133.,27.4866704762828));
#12627=CARTESIAN_POINT('',(-126.064327086239,-133.,40.5894109020896));
#12628=CARTESIAN_POINT('',(-126.064327086239,-133.,-5.73576436351046));
#12629=CARTESIAN_POINT('',(-121.493259274373,-133.,45.160478713955));
#12630=CARTESIAN_POINT('',(-134.21732004374,-133.,32.4364179445886));
#12631=CARTESIAN_POINT('',(-109.476305286193,-133.,33.143524725775));
#12632=CARTESIAN_POINT('Origin',(-121.493259274373,-133.,-5.73576436351046));
#12633=CARTESIAN_POINT('',(-126.064327086238,-133.,54.4178380268358));
#12634=CARTESIAN_POINT('',(-122.907472836746,-133.,57.5746922763281));
#12635=CARTESIAN_POINT('',(-144.745494636792,-133.,35.7366704762828));
#12636=CARTESIAN_POINT('',(-126.064327086239,-133.,51.5894109020896));
#12637=CARTESIAN_POINT('',(-126.064327086239,-133.,-5.73576436351046));
#12638=CARTESIAN_POINT('',(-121.493259274373,-133.,56.160478713955));
#12639=CARTESIAN_POINT('',(-136.96732004374,-133.,40.6864179445886));
#12640=CARTESIAN_POINT('',(-106.726305286193,-133.,41.3935247257751));
#12641=CARTESIAN_POINT('Origin',(-121.493259274373,-133.,-5.73576436351046));
#12642=CARTESIAN_POINT('',(-126.064327086238,-133.,65.4178380268358));
#12643=CARTESIAN_POINT('',(-122.907472836746,-133.,68.5746922763281));
#12644=CARTESIAN_POINT('',(-147.495494636792,-133.,43.9866704762828));
#12645=CARTESIAN_POINT('',(-126.064327086238,-133.,62.5894109020896));
#12646=CARTESIAN_POINT('',(-126.064327086239,-133.,-5.73576436351046));
#12647=CARTESIAN_POINT('',(-121.493259274373,-133.,67.160478713955));
#12648=CARTESIAN_POINT('',(-139.71732004374,-133.,48.9364179445886));
#12649=CARTESIAN_POINT('',(-103.976305286193,-133.,49.6435247257752));
#12650=CARTESIAN_POINT('Origin',(-121.493259274373,-133.,-5.73576436351046));
#12651=CARTESIAN_POINT('',(-126.064327086238,-133.,76.4178380268359));
#12652=CARTESIAN_POINT('',(-125.028793180306,-133.,77.4533719327684));
#12653=CARTESIAN_POINT('',(-150.245494636792,-133.,52.2366704762828));
#12654=CARTESIAN_POINT('',(-126.064327086238,-133.,73.5894109020897));
#12655=CARTESIAN_POINT('',(-126.064327086239,-133.,-5.73576436351046));
#12656=CARTESIAN_POINT('',(-123.614579617933,-133.,76.0391583703953));
#12657=CARTESIAN_POINT('',(-142.467320043739,-133.,57.1864179445886));
#12658=CARTESIAN_POINT('',(-103.347625629753,-133.,55.7722043822154));
#12659=CARTESIAN_POINT('Origin',(-135.635394898104,-140.,66.8467702149702));
#12660=CARTESIAN_POINT('',(-125.028793180306,3.00000000000001,77.4533719327684));
#12661=CARTESIAN_POINT('',(-125.028793180306,-140.,77.4533719327684));
#12662=CARTESIAN_POINT('',(-126.064327086238,3.00000000000001,76.4178380268359));
#12663=CARTESIAN_POINT('',(-151.388261589758,3.00000000000001,51.0939035233164));
#12664=CARTESIAN_POINT('',(-131.064327086239,3.00000000000001,71.4178380268356));
#12665=CARTESIAN_POINT('',(-139.962746435274,3.00000000000001,62.5194186778002));
#12666=CARTESIAN_POINT('',(-131.064327086239,-68.5,71.4178380268356));
#12667=CARTESIAN_POINT('',(-137.756715241664,-140.,64.7254498714106));
#12668=CARTESIAN_POINT('',(-131.064327086239,-133.,71.4178380268356));
#12669=CARTESIAN_POINT('',(-131.064327086239,-140.,71.4178380268356));
#12670=CARTESIAN_POINT('',(-139.962746435274,-133.,62.5194186778002));
#12671=CARTESIAN_POINT('',(-126.064327086238,-61.5,76.4178380268359));
#12672=CARTESIAN_POINT('',(-131.064327086239,-61.5,71.4178380268356));
#12673=CARTESIAN_POINT('',(-139.962746435274,-61.5,62.5194186778002));
#12674=CARTESIAN_POINT('',(-126.064327086238,-68.5,76.4178380268359));
#12675=CARTESIAN_POINT('',(-126.064327086238,-104.25,76.4178380268359));
#12676=CARTESIAN_POINT('',(-131.064327086239,-68.5,71.4178380268356));
#12677=CARTESIAN_POINT('',(-139.962746435274,-68.5,62.5194186778002));
#12678=CARTESIAN_POINT('',(-131.064327086239,-104.25,71.4178380268356));
#12679=CARTESIAN_POINT('Origin',(-125.028793180306,-140.,77.4533719327684));
#12680=CARTESIAN_POINT('',(-123.614579617933,3.00000000000001,76.0391583703953));
#12681=CARTESIAN_POINT('',(-123.614579617933,-140.,76.0391583703953));
#12682=CARTESIAN_POINT('',(-104.490392582719,3.00000000000001,56.9149713351818));
#12683=CARTESIAN_POINT('Origin',(-121.493259274373,-140.,78.160478713955));
#12684=CARTESIAN_POINT('',(-131.064327086239,-133.,68.5894109020894));
#12685=CARTESIAN_POINT('',(-132.184571842222,-133.,67.4691661461061));
#12686=CARTESIAN_POINT('',(-131.064327086239,-140.,68.5894109020894));
#12687=CARTESIAN_POINT('',(-136.342501679291,-140.,63.3112363090375));
#12688=CARTESIAN_POINT('',(-131.064327086239,3.00000000000001,68.5894109020894));
#12689=CARTESIAN_POINT('',(-131.064327086239,-68.5,68.5894109020894));
#12690=CARTESIAN_POINT('',(-126.064327086238,3.00000000000001,73.5894109020897));
#12691=CARTESIAN_POINT('',(-132.184571842222,3.00000000000001,67.4691661461061));
#12692=CARTESIAN_POINT('',(-143.610086996706,3.00000000000001,56.0436509916223));
#12693=CARTESIAN_POINT('',(-131.064327086239,-61.5,68.5894109020894));
#12694=CARTESIAN_POINT('',(-126.064327086238,-61.5,73.5894109020897));
#12695=CARTESIAN_POINT('',(-132.184571842222,-61.5,67.4691661461061));
#12696=CARTESIAN_POINT('',(-131.064327086239,-68.5,68.5894109020894));
#12697=CARTESIAN_POINT('',(-131.064327086239,-104.25,68.5894109020894));
#12698=CARTESIAN_POINT('',(-126.064327086238,-68.5,73.5894109020897));
#12699=CARTESIAN_POINT('',(-132.184571842222,-68.5,67.4691661461061));
#12700=CARTESIAN_POINT('',(-126.064327086238,-104.25,73.5894109020896));
#12701=CARTESIAN_POINT('Origin',(-135.635394898104,-140.,55.8467702149702));
#12702=CARTESIAN_POINT('',(-122.907472836746,3.00000000000001,68.5746922763281));
#12703=CARTESIAN_POINT('',(-122.907472836746,-140.,68.5746922763281));
#12704=CARTESIAN_POINT('',(-126.064327086238,3.00000000000001,65.4178380268358));
#12705=CARTESIAN_POINT('',(-148.638261589758,3.00000000000001,42.8439035233164));
#12706=CARTESIAN_POINT('',(-131.064327086239,3.00000000000001,60.4178380268356));
#12707=CARTESIAN_POINT('',(-137.212746435274,3.00000000000001,54.2694186778002));
#12708=CARTESIAN_POINT('',(-131.064327086239,-68.5,60.4178380268356));
#12709=CARTESIAN_POINT('',(-137.756715241664,-140.,53.7254498714106));
#12710=CARTESIAN_POINT('',(-131.064327086239,-133.,60.4178380268356));
#12711=CARTESIAN_POINT('',(-131.064327086239,-140.,60.4178380268356));
#12712=CARTESIAN_POINT('',(-137.212746435274,-133.,54.2694186778002));
#12713=CARTESIAN_POINT('',(-126.064327086238,-68.5,65.4178380268358));
#12714=CARTESIAN_POINT('',(-126.064327086238,-61.5,65.4178380268358));
#12715=CARTESIAN_POINT('',(-126.064327086238,-104.25,65.4178380268358));
#12716=CARTESIAN_POINT('',(-131.064327086239,-68.5,60.4178380268356));
#12717=CARTESIAN_POINT('',(-137.212746435274,-68.5,54.2694186778002));
#12718=CARTESIAN_POINT('',(-131.064327086239,-61.5,60.4178380268356));
#12719=CARTESIAN_POINT('',(-131.064327086239,-104.25,60.4178380268356));
#12720=CARTESIAN_POINT('',(-137.212746435274,-61.5,54.2694186778002));
#12721=CARTESIAN_POINT('Origin',(-122.907472836746,-140.,68.5746922763281));
#12722=CARTESIAN_POINT('',(-121.493259274373,3.00000000000001,67.1604787139549));
#12723=CARTESIAN_POINT('',(-121.493259274373,-140.,67.160478713955));
#12724=CARTESIAN_POINT('',(-105.11907223916,3.00000000000001,50.7862916787415));
#12725=CARTESIAN_POINT('Origin',(-121.493259274373,-140.,67.160478713955));
#12726=CARTESIAN_POINT('',(-131.064327086239,-133.,57.5894109020894));
#12727=CARTESIAN_POINT('',(-129.434571842222,-133.,59.2191661461061));
#12728=CARTESIAN_POINT('',(-131.064327086239,-140.,57.5894109020894));
#12729=CARTESIAN_POINT('',(-136.342501679291,-140.,52.3112363090375));
#12730=CARTESIAN_POINT('',(-131.064327086239,3.00000000000001,57.5894109020894));
#12731=CARTESIAN_POINT('',(-131.064327086239,-68.5,57.5894109020894));
#12732=CARTESIAN_POINT('',(-126.064327086238,3.00000000000001,62.5894109020896));
#12733=CARTESIAN_POINT('',(-129.434571842222,3.00000000000001,59.2191661461061));
#12734=CARTESIAN_POINT('',(-140.860086996706,3.00000000000001,47.7936509916223));
#12735=CARTESIAN_POINT('',(-126.064327086238,-61.5,62.5894109020896));
#12736=CARTESIAN_POINT('',(-126.064327086238,-68.5,62.5894109020896));
#12737=CARTESIAN_POINT('',(-126.064327086238,-104.25,62.5894109020896));
#12738=CARTESIAN_POINT('',(-131.064327086239,-61.5,57.5894109020894));
#12739=CARTESIAN_POINT('',(-129.434571842222,-61.5,59.2191661461061));
#12740=CARTESIAN_POINT('',(-131.064327086239,-68.5,57.5894109020894));
#12741=CARTESIAN_POINT('',(-131.064327086239,-104.25,57.5894109020894));
#12742=CARTESIAN_POINT('',(-129.434571842222,-68.5,59.2191661461061));
#12743=CARTESIAN_POINT('Origin',(-135.635394898104,-140.,44.8467702149702));
#12744=CARTESIAN_POINT('',(-122.907472836746,3.00000000000001,57.5746922763281));
#12745=CARTESIAN_POINT('',(-122.907472836746,-140.,57.5746922763281));
#12746=CARTESIAN_POINT('',(-126.064327086238,3.00000000000001,54.4178380268358));
#12747=CARTESIAN_POINT('',(-145.888261589758,3.00000000000001,34.5939035233164));
#12748=CARTESIAN_POINT('',(-131.064327086239,3.00000000000001,49.4178380268356));
#12749=CARTESIAN_POINT('',(-134.462746435274,3.00000000000001,46.0194186778002));
#12750=CARTESIAN_POINT('',(-131.064327086239,-68.5,49.4178380268356));
#12751=CARTESIAN_POINT('',(-137.756715241664,-140.,42.7254498714106));
#12752=CARTESIAN_POINT('',(-131.064327086239,-133.,49.4178380268356));
#12753=CARTESIAN_POINT('',(-131.064327086239,-140.,49.4178380268356));
#12754=CARTESIAN_POINT('',(-134.462746435274,-133.,46.0194186778002));
#12755=CARTESIAN_POINT('',(-131.064327086239,-61.5,49.4178380268356));
#12756=CARTESIAN_POINT('',(-131.064327086239,-68.5,49.4178380268356));
#12757=CARTESIAN_POINT('',(-131.064327086239,-104.25,49.4178380268356));
#12758=CARTESIAN_POINT('',(-126.064327086238,-61.5,54.4178380268358));
#12759=CARTESIAN_POINT('',(-134.462746435274,-61.5,46.0194186778002));
#12760=CARTESIAN_POINT('',(-126.064327086238,-68.5,54.4178380268358));
#12761=CARTESIAN_POINT('',(-126.064327086238,-104.25,54.4178380268358));
#12762=CARTESIAN_POINT('',(-134.462746435274,-68.5,46.0194186778002));
#12763=CARTESIAN_POINT('Origin',(-122.907472836746,-140.,57.5746922763281));
#12764=CARTESIAN_POINT('',(-121.493259274373,3.00000000000001,56.1604787139549));
#12765=CARTESIAN_POINT('',(-121.493259274373,-140.,56.160478713955));
#12766=CARTESIAN_POINT('',(-107.86907223916,3.00000000000001,42.5362916787414));
#12767=CARTESIAN_POINT('Origin',(-121.493259274373,-140.,56.160478713955));
#12768=CARTESIAN_POINT('',(-131.064327086239,-133.,46.5894109020894));
#12769=CARTESIAN_POINT('',(-126.684571842222,-133.,50.9691661461061));
#12770=CARTESIAN_POINT('',(-131.064327086239,-140.,46.5894109020894));
#12771=CARTESIAN_POINT('',(-136.342501679291,-140.,41.3112363090375));
#12772=CARTESIAN_POINT('',(-131.064327086239,3.00000000000001,46.5894109020894));
#12773=CARTESIAN_POINT('',(-131.064327086239,-68.5,46.5894109020894));
#12774=CARTESIAN_POINT('',(-126.064327086239,3.00000000000001,51.5894109020896));
#12775=CARTESIAN_POINT('',(-126.684571842222,3.00000000000001,50.9691661461061));
#12776=CARTESIAN_POINT('',(-138.110086996706,3.00000000000001,39.5436509916223));
#12777=CARTESIAN_POINT('',(-131.064327086239,-68.5,46.5894109020894));
#12778=CARTESIAN_POINT('',(-131.064327086239,-61.5,46.5894109020894));
#12779=CARTESIAN_POINT('',(-131.064327086239,-104.25,46.5894109020894));
#12780=CARTESIAN_POINT('',(-126.064327086239,-68.5,51.5894109020896));
#12781=CARTESIAN_POINT('',(-126.684571842222,-68.5,50.9691661461061));
#12782=CARTESIAN_POINT('',(-126.064327086239,-61.5,51.5894109020896));
#12783=CARTESIAN_POINT('',(-126.064327086239,-104.25,51.5894109020896));
#12784=CARTESIAN_POINT('',(-126.684571842222,-61.5,50.9691661461061));
#12785=CARTESIAN_POINT('Origin',(-135.635394898104,-140.,33.8467702149702));
#12786=CARTESIAN_POINT('',(-122.907472836746,3.00000000000001,46.5746922763281));
#12787=CARTESIAN_POINT('',(-122.907472836746,-140.,46.5746922763281));
#12788=CARTESIAN_POINT('',(-126.064327086239,3.00000000000001,43.4178380268358));
#12789=CARTESIAN_POINT('',(-143.138261589758,3.00000000000001,26.3439035233164));
#12790=CARTESIAN_POINT('',(-131.064327086239,3.00000000000001,38.4178380268356));
#12791=CARTESIAN_POINT('',(-131.712746435274,3.00000000000001,37.7694186778003));
#12792=CARTESIAN_POINT('',(-131.064327086239,-68.5,38.4178380268356));
#12793=CARTESIAN_POINT('',(-137.756715241664,-140.,31.7254498714106));
#12794=CARTESIAN_POINT('',(-131.064327086239,-133.,38.4178380268356));
#12795=CARTESIAN_POINT('',(-131.064327086239,-140.,38.4178380268356));
#12796=CARTESIAN_POINT('',(-131.712746435274,-133.,37.7694186778003));
#12797=CARTESIAN_POINT('',(-131.064327086239,-68.5,38.4178380268356));
#12798=CARTESIAN_POINT('',(-126.064327086239,-68.5,43.4178380268358));
#12799=CARTESIAN_POINT('',(-131.712746435274,-68.5,37.7694186778002));
#12800=CARTESIAN_POINT('',(-131.064327086239,-61.5,38.4178380268356));
#12801=CARTESIAN_POINT('',(-131.064327086239,-104.25,38.4178380268356));
#12802=CARTESIAN_POINT('',(-126.064327086239,-61.5,43.4178380268358));
#12803=CARTESIAN_POINT('',(-131.712746435274,-61.5,37.7694186778002));
#12804=CARTESIAN_POINT('',(-126.064327086239,-104.25,43.4178380268358));
#12805=CARTESIAN_POINT('Origin',(-122.907472836746,-140.,46.5746922763281));
#12806=CARTESIAN_POINT('',(-121.493259274373,3.00000000000001,45.1604787139549));
#12807=CARTESIAN_POINT('',(-121.493259274373,-140.,45.160478713955));
#12808=CARTESIAN_POINT('',(-110.61907223916,3.00000000000001,34.2862916787414));
#12809=CARTESIAN_POINT('Origin',(-121.493259274373,-140.,45.160478713955));
#12810=CARTESIAN_POINT('',(-131.064327086239,-133.,35.5894109020894));
#12811=CARTESIAN_POINT('',(-123.934571842222,-133.,42.7191661461061));
#12812=CARTESIAN_POINT('',(-131.064327086239,-140.,35.5894109020895));
#12813=CARTESIAN_POINT('',(-136.342501679291,-140.,30.3112363090375));
#12814=CARTESIAN_POINT('',(-131.064327086239,3.00000000000001,35.5894109020894));
#12815=CARTESIAN_POINT('',(-131.064327086239,-68.5,35.5894109020895));
#12816=CARTESIAN_POINT('',(-126.064327086239,3.00000000000001,40.5894109020896));
#12817=CARTESIAN_POINT('',(-123.934571842222,3.00000000000001,42.7191661461061));
#12818=CARTESIAN_POINT('',(-135.360086996706,3.00000000000001,31.2936509916223));
#12819=CARTESIAN_POINT('',(-126.064327086239,-68.5,40.5894109020896));
#12820=CARTESIAN_POINT('',(-131.064327086239,-68.5,35.5894109020894));
#12821=CARTESIAN_POINT('',(-123.934571842222,-68.5,42.7191661461061));
#12822=CARTESIAN_POINT('',(-126.064327086239,-61.5,40.5894109020896));
#12823=CARTESIAN_POINT('',(-126.064327086239,-104.25,40.5894109020896));
#12824=CARTESIAN_POINT('',(-131.064327086239,-61.5,35.5894109020894));
#12825=CARTESIAN_POINT('',(-123.934571842222,-61.5,42.7191661461061));
#12826=CARTESIAN_POINT('',(-131.064327086239,-104.25,35.5894109020894));
#12827=CARTESIAN_POINT('Origin',(-135.635394898104,-140.,22.8467702149702));
#12828=CARTESIAN_POINT('',(-122.907472836746,3.00000000000001,35.5746922763281));
#12829=CARTESIAN_POINT('',(-122.907472836746,-140.,35.5746922763281));
#12830=CARTESIAN_POINT('',(-126.064327086239,3.00000000000001,32.4178380268358));
#12831=CARTESIAN_POINT('',(-140.388261589758,3.00000000000001,18.0939035233164));
#12832=CARTESIAN_POINT('',(-131.064327086239,3.00000000000001,27.4178380268357));
#12833=CARTESIAN_POINT('',(-128.962746435274,3.00000000000001,29.5194186778003));
#12834=CARTESIAN_POINT('',(-131.064327086239,-68.5,27.4178380268357));
#12835=CARTESIAN_POINT('',(-137.756715241664,-140.,20.7254498714106));
#12836=CARTESIAN_POINT('',(-131.064327086239,-133.,27.4178380268357));
#12837=CARTESIAN_POINT('',(-131.064327086239,-140.,27.4178380268357));
#12838=CARTESIAN_POINT('',(-128.962746435274,-133.,29.5194186778003));
#12839=CARTESIAN_POINT('',(-126.064327086239,-68.5,32.4178380268358));
#12840=CARTESIAN_POINT('',(-126.064327086239,-61.5,32.4178380268358));
#12841=CARTESIAN_POINT('',(-126.064327086239,-104.25,32.4178380268358));
#12842=CARTESIAN_POINT('',(-131.064327086239,-68.5,27.4178380268357));
#12843=CARTESIAN_POINT('',(-128.962746435274,-68.5,29.5194186778003));
#12844=CARTESIAN_POINT('',(-131.064327086239,-61.5,27.4178380268357));
#12845=CARTESIAN_POINT('',(-131.064327086239,-104.25,27.4178380268356));
#12846=CARTESIAN_POINT('',(-128.962746435274,-61.5,29.5194186778003));
#12847=CARTESIAN_POINT('Origin',(-122.907472836746,-140.,35.5746922763281));
#12848=CARTESIAN_POINT('',(-121.493259274373,3.00000000000001,34.160478713955));
#12849=CARTESIAN_POINT('',(-121.493259274373,-140.,34.160478713955));
#12850=CARTESIAN_POINT('',(-113.36907223916,3.00000000000001,26.0362916787415));
#12851=CARTESIAN_POINT('Origin',(-121.493259274373,-140.,34.160478713955));
#12852=CARTESIAN_POINT('',(-131.064327086239,-133.,24.5894109020895));
#12853=CARTESIAN_POINT('',(-121.184571842222,-133.,34.4691661461061));
#12854=CARTESIAN_POINT('',(-131.064327086239,-140.,24.5894109020894));
#12855=CARTESIAN_POINT('',(-136.342501679291,-140.,19.3112363090375));
#12856=CARTESIAN_POINT('',(-131.064327086239,3.00000000000001,24.5894109020895));
#12857=CARTESIAN_POINT('',(-131.064327086239,-68.5,24.5894109020894));
#12858=CARTESIAN_POINT('',(-126.064327086239,3.00000000000001,29.5894109020896));
#12859=CARTESIAN_POINT('',(-121.184571842222,3.00000000000001,34.4691661461061));
#12860=CARTESIAN_POINT('',(-132.610086996706,3.00000000000001,23.0436509916223));
#12861=CARTESIAN_POINT('',(-126.064327086239,-61.5,29.5894109020896));
#12862=CARTESIAN_POINT('',(-126.064327086239,-68.5,29.5894109020896));
#12863=CARTESIAN_POINT('',(-126.064327086239,-104.25,29.5894109020896));
#12864=CARTESIAN_POINT('',(-131.064327086239,-61.5,24.5894109020895));
#12865=CARTESIAN_POINT('',(-121.184571842222,-61.5,34.4691661461061));
#12866=CARTESIAN_POINT('',(-131.064327086239,-68.5,24.5894109020895));
#12867=CARTESIAN_POINT('',(-131.064327086239,-104.25,24.5894109020895));
#12868=CARTESIAN_POINT('',(-121.184571842222,-68.5,34.4691661461061));
#12869=CARTESIAN_POINT('Origin',(-122.907472836746,-140.,24.5746922763281));
#12870=CARTESIAN_POINT('',(-121.493259274373,3.00000000000001,23.160478713955));
#12871=CARTESIAN_POINT('',(-121.493259274373,-140.,23.160478713955));
#12872=CARTESIAN_POINT('',(-122.907472836746,3.00000000000001,24.5746922763281));
#12873=CARTESIAN_POINT('',(-116.11907223916,3.00000000000001,17.7862916787415));
#12874=CARTESIAN_POINT('',(-122.907472836746,-140.,24.5746922763281));
#12875=CARTESIAN_POINT('Origin',(-121.493259274373,-140.,23.160478713955));
#12876=CARTESIAN_POINT('',(-131.064327086239,-133.,13.5894109020895));
#12877=CARTESIAN_POINT('',(-118.434571842222,-133.,26.2191661461061));
#12878=CARTESIAN_POINT('',(-131.064327086239,-140.,13.5894109020895));
#12879=CARTESIAN_POINT('',(-136.342501679291,-140.,8.31123630903748));
#12880=CARTESIAN_POINT('',(-131.064327086239,3.00000000000001,13.5894109020895));
#12881=CARTESIAN_POINT('',(-131.064327086239,-68.5,13.5894109020895));
#12882=CARTESIAN_POINT('',(-126.064327086239,3.00000000000001,18.5894109020896));
#12883=CARTESIAN_POINT('',(-118.434571842222,3.00000000000001,26.2191661461061));
#12884=CARTESIAN_POINT('',(-129.860086996706,3.00000000000001,14.7936509916223));
#12885=CARTESIAN_POINT('',(-131.064327086239,-61.5,13.5894109020895));
#12886=CARTESIAN_POINT('',(-126.064327086239,-61.5,18.5894109020896));
#12887=CARTESIAN_POINT('',(-118.434571842222,-61.5,26.2191661461061));
#12888=CARTESIAN_POINT('',(-131.064327086239,-68.5,13.5894109020895));
#12889=CARTESIAN_POINT('',(-131.064327086239,-104.25,13.5894109020895));
#12890=CARTESIAN_POINT('',(-126.064327086239,-68.5,18.5894109020896));
#12891=CARTESIAN_POINT('',(-118.434571842222,-68.5,26.2191661461061));
#12892=CARTESIAN_POINT('',(-126.064327086239,-104.25,18.5894109020896));
#12893=CARTESIAN_POINT('Origin',(-122.907472836746,-140.,13.5746922763281));
#12894=CARTESIAN_POINT('',(-121.493259274373,3.00000000000001,12.160478713955));
#12895=CARTESIAN_POINT('',(-121.493259274373,-140.,12.160478713955));
#12896=CARTESIAN_POINT('',(-122.907472836746,3.00000000000001,13.5746922763281));
#12897=CARTESIAN_POINT('',(-118.86907223916,3.00000000000001,9.5362916787415));
#12898=CARTESIAN_POINT('',(-122.907472836746,-140.,13.5746922763281));
#12899=CARTESIAN_POINT('Origin',(-131.064327086239,-68.5,85.6683568723601));
#12900=CARTESIAN_POINT('',(-126.064327086238,-68.5,82.1673191813113));
#12901=CARTESIAN_POINT('',(-131.064327086239,-68.5,85.6683568723601));
#12902=CARTESIAN_POINT('',(-126.064327086238,-68.5,82.1673191813113));
#12903=CARTESIAN_POINT('',(-126.064327086238,-61.5,82.1673191813113));
#12904=CARTESIAN_POINT('',(-126.064327086238,-68.5,82.1673191813113));
#12905=CARTESIAN_POINT('',(-131.064327086239,-61.5,85.6683568723601));
#12906=CARTESIAN_POINT('',(-126.064327086238,-61.5,82.1673191813113));
#12907=CARTESIAN_POINT('',(-131.064327086239,-68.5,85.6683568723601));
#12908=CARTESIAN_POINT('Origin',(-136.342501679291,-140.,19.3112363090375));
#12909=CARTESIAN_POINT('Origin',(-128.564327086239,-61.5,42.4662962544248));
#12910=CARTESIAN_POINT('',(-131.064327086239,-61.5,85.6683568723601));
#12911=CARTESIAN_POINT('',(-126.064327086239,-61.5,-0.735764363510469));
#12912=CARTESIAN_POINT('Origin',(-126.064327086238,-68.5,82.1673191813113));
#12913=CARTESIAN_POINT('',(-126.064327086239,-68.5,-0.735764363510469));
#12914=CARTESIAN_POINT('Origin',(-131.064327086239,-68.5,-0.735764363510469));
#12915=CARTESIAN_POINT('',(-131.064327086239,-61.5,85.6683568723601));
#12916=CARTESIAN_POINT('',(-131.064327086239,-68.5,85.6683568723601));
#12917=CARTESIAN_POINT('Origin',(-131.064327086239,-68.5,-0.735764363510469));
#12918=CARTESIAN_POINT('',(-131.064327086239,-68.5,85.6683568723601));
#12919=CARTESIAN_POINT('Origin',(-128.564327086239,-68.5,42.4662962544248));
#12920=CARTESIAN_POINT('',(-126.064327086239,-68.5,-0.735764363510469));
#12921=CARTESIAN_POINT('Origin',(-128.564327086239,-68.5,42.4662962544248));
#12922=CARTESIAN_POINT('Origin',(-136.342501679291,-140.,63.3112363090375));
#12923=CARTESIAN_POINT('Origin',(-128.564327086239,-61.5,42.4662962544248));
#12924=CARTESIAN_POINT('',(-126.064327086239,-61.5,-0.735764363510469));
#12925=CARTESIAN_POINT('Origin',(-126.064327086238,-68.5,82.1673191813113));
#12926=CARTESIAN_POINT('Origin',(-136.342501679291,-140.,30.3112363090375));
#12927=CARTESIAN_POINT('Origin',(-126.064327086238,-68.5,82.1673191813113));
#12928=CARTESIAN_POINT('',(-126.064327086239,-61.5,-0.735764363510469));
#12929=CARTESIAN_POINT('',(-126.064327086239,-68.5,-0.735764363510469));
#12930=CARTESIAN_POINT('Origin',(-128.564327086239,-68.5,42.4662962544248));
#12931=CARTESIAN_POINT('',(-131.064327086239,-68.5,85.6683568723601));
#12932=CARTESIAN_POINT('Origin',(-128.564327086239,-61.5,42.4662962544248));
#12933=CARTESIAN_POINT('',(-126.064327086239,-61.5,-0.735764363510469));
#12934=CARTESIAN_POINT('',(-131.064327086239,-61.5,85.6683568723601));
#12935=CARTESIAN_POINT('Origin',(-128.564327086239,-61.5,42.4662962544248));
#12936=CARTESIAN_POINT('',(-131.064327086239,-61.5,85.6683568723601));
#12937=CARTESIAN_POINT('Origin',(-131.064327086239,-68.5,-0.735764363510469));
#12938=CARTESIAN_POINT('',(-131.064327086239,-68.5,85.6683568723601));
#12939=CARTESIAN_POINT('Origin',(-131.064327086239,-68.5,-0.735764363510469));
#12940=CARTESIAN_POINT('Origin',(-136.342501679291,-140.,52.3112363090375));
#12941=CARTESIAN_POINT('Origin',(-128.564327086239,-61.5,42.4662962544248));
#12942=CARTESIAN_POINT('',(-126.064327086239,-61.5,21.4178380268358));
#12943=CARTESIAN_POINT('',(-131.064327086239,-61.5,16.4178380268357));
#12944=CARTESIAN_POINT('',(-126.212746435274,-61.5,21.2694186778003));
#12945=CARTESIAN_POINT('',(-131.064327086239,-61.5,85.6683568723601));
#12946=CARTESIAN_POINT('',(-126.064327086239,-61.5,-0.735764363510469));
#12947=CARTESIAN_POINT('Origin',(-126.064327086238,-68.5,82.1673191813113));
#12948=CARTESIAN_POINT('',(-126.064327086239,-68.5,21.4178380268358));
#12949=CARTESIAN_POINT('',(-126.064327086239,-104.25,21.4178380268357));
#12950=CARTESIAN_POINT('',(-126.064327086239,-68.5,-0.735764363510469));
#12951=CARTESIAN_POINT('Origin',(-131.064327086239,-68.5,-0.735764363510469));
#12952=CARTESIAN_POINT('',(-131.064327086239,-68.5,2.58941090208948));
#12953=CARTESIAN_POINT('',(-131.064327086239,-61.5,2.58941090208948));
#12954=CARTESIAN_POINT('',(-131.064327086239,-104.25,2.58941090208949));
#12955=CARTESIAN_POINT('',(-131.064327086239,-61.5,-0.735764363510469));
#12956=CARTESIAN_POINT('',(-131.064327086239,-68.5,85.6683568723601));
#12957=CARTESIAN_POINT('Origin',(-131.064327086239,-68.5,-0.735764363510469));
#12958=CARTESIAN_POINT('',(-131.064327086239,-68.5,16.4178380268357));
#12959=CARTESIAN_POINT('',(-131.064327086239,-104.25,16.4178380268357));
#12960=CARTESIAN_POINT('',(-131.064327086239,-68.5,85.6683568723601));
#12961=CARTESIAN_POINT('Origin',(-128.564327086239,-68.5,42.4662962544248));
#12962=CARTESIAN_POINT('',(-126.064327086239,-68.5,7.5894109020895));
#12963=CARTESIAN_POINT('',(-115.684571842222,-68.5,17.9691661461061));
#12964=CARTESIAN_POINT('',(-126.064327086239,-68.5,-0.735764363510469));
#12965=CARTESIAN_POINT('Origin',(-128.564327086239,-68.5,42.4662962544248));
#12966=CARTESIAN_POINT('',(-126.212746435274,-68.5,21.2694186778003));
#12967=CARTESIAN_POINT('Origin',(-136.342501679291,-140.,8.31123630903748));
#12968=CARTESIAN_POINT('',(-137.756715241664,-140.,9.72544987141058));
#12969=CARTESIAN_POINT('Origin',(-131.064327086239,-68.5,-0.735764363510469));
#12970=CARTESIAN_POINT('',(-131.064327086239,-68.5,85.6683568723601));
#12971=CARTESIAN_POINT('',(-131.064327086239,-61.5,85.6683568723601));
#12972=CARTESIAN_POINT('Origin',(-128.564327086239,-61.5,42.4662962544248));
#12973=CARTESIAN_POINT('',(-126.064327086239,-61.5,-0.735764363510469));
#12974=CARTESIAN_POINT('Origin',(-126.064327086238,-68.5,82.1673191813113));
#12975=CARTESIAN_POINT('',(-126.064327086239,-68.5,-0.735764363510469));
#12976=CARTESIAN_POINT('Origin',(-126.064327086238,-68.5,82.1673191813113));
#12977=CARTESIAN_POINT('',(-126.064327086239,-68.5,-0.735764363510469));
#12978=CARTESIAN_POINT('Origin',(-128.564327086239,-68.5,42.4662962544248));
#12979=CARTESIAN_POINT('Origin',(-128.564327086239,-68.5,42.4662962544248));
#12980=CARTESIAN_POINT('Origin',(-136.342501679291,-140.,41.3112363090375));
#12981=CARTESIAN_POINT('Origin',(-128.564327086239,-68.5,42.4662962544248));
#12982=CARTESIAN_POINT('',(-131.064327086239,-68.5,5.41783802683568));
#12983=CARTESIAN_POINT('',(-126.064327086239,-68.5,10.4178380268357));
#12984=CARTESIAN_POINT('',(-123.462746435274,-68.5,13.0194186778003));
#12985=CARTESIAN_POINT('',(-126.064327086239,-68.5,-0.735764363510469));
#12986=CARTESIAN_POINT('',(-131.064327086239,-68.5,85.6683568723601));
#12987=CARTESIAN_POINT('Origin',(-131.064327086239,-68.5,-0.735764363510469));
#12988=CARTESIAN_POINT('',(-131.064327086239,-61.5,5.41783802683568));
#12989=CARTESIAN_POINT('',(-131.064327086239,-104.25,5.41783802683567));
#12990=CARTESIAN_POINT('',(-131.064327086239,-61.5,85.6683568723601));
#12991=CARTESIAN_POINT('Origin',(-128.564327086239,-61.5,42.4662962544248));
#12992=CARTESIAN_POINT('',(-126.064327086239,-61.5,7.5894109020895));
#12993=CARTESIAN_POINT('',(-115.684571842222,-61.5,17.9691661461061));
#12994=CARTESIAN_POINT('',(-126.064327086239,-61.5,-0.735764363510469));
#12995=CARTESIAN_POINT('Origin',(-128.564327086239,-61.5,42.4662962544248));
#12996=CARTESIAN_POINT('',(-126.064327086239,-61.5,10.4178380268357));
#12997=CARTESIAN_POINT('',(-123.462746435274,-61.5,13.0194186778003));
#12998=CARTESIAN_POINT('',(-126.064327086239,-61.5,-0.735764363510469));
#12999=CARTESIAN_POINT('Origin',(-126.064327086238,-68.5,82.1673191813113));
#13000=CARTESIAN_POINT('',(-126.064327086239,-104.25,7.58941090208951));
#13001=CARTESIAN_POINT('Origin',(-126.064327086238,-68.5,82.1673191813113));
#13002=CARTESIAN_POINT('',(-126.064327086239,-104.25,10.4178380268357));
#13003=CARTESIAN_POINT('Origin',(-136.342501679291,-140.,-2.68876369096252));
#13004=CARTESIAN_POINT('',(-137.756715241664,-140.,-1.27455012858943));
#13005=CARTESIAN_POINT('',(-136.342501679291,-140.,-2.68876369096252));
#13006=CARTESIAN_POINT('Origin',(-135.635394898104,-140.,11.8467702149702));
#13007=CARTESIAN_POINT('',(-126.064327086239,3.00000000000001,21.4178380268358));
#13008=CARTESIAN_POINT('',(-137.638261589758,3.00000000000001,9.84390352331642));
#13009=CARTESIAN_POINT('',(-131.064327086239,3.00000000000001,16.4178380268357));
#13010=CARTESIAN_POINT('',(-126.212746435274,3.00000000000001,21.2694186778003));
#13011=CARTESIAN_POINT('',(-131.064327086239,-68.5,16.4178380268357));
#13012=CARTESIAN_POINT('',(-131.064327086239,-133.,16.4178380268357));
#13013=CARTESIAN_POINT('',(-131.064327086239,-140.,16.4178380268357));
#13014=CARTESIAN_POINT('',(-126.212746435274,-133.,21.2694186778003));
#13015=CARTESIAN_POINT('Origin',(-131.064327086239,3.00000000000001,-0.735764363510469));
#13016=CARTESIAN_POINT('',(-131.064327086239,3.00000000000001,5.41783802683568));
#13017=CARTESIAN_POINT('',(-131.064327086239,-68.5,5.41783802683567));
#13018=CARTESIAN_POINT('',(-131.064327086239,3.00000000000001,85.6683568723601));
#13019=CARTESIAN_POINT('Origin',(-131.064327086239,3.00000000000001,85.6683568723601));
#13020=CARTESIAN_POINT('',(-126.064327086238,3.00000000000001,82.1673191813113));
#13021=CARTESIAN_POINT('',(-131.064327086239,3.00000000000001,85.6683568723601));
#13022=CARTESIAN_POINT('',(-126.064327086238,3.00000000000001,82.1673191813113));
#13023=CARTESIAN_POINT('',(-126.064327086238,3.00000000000001,82.1673191813113));
#13024=CARTESIAN_POINT('',(-131.064327086239,3.00000000000001,85.6683568723601));
#13025=CARTESIAN_POINT('Origin',(-126.064327086238,3.00000000000001,82.1673191813113));
#13026=CARTESIAN_POINT('',(-126.064327086239,3.00000000000001,-0.735764363510469));
#13027=CARTESIAN_POINT('',(-126.064327086239,3.00000000000001,-5.73576436351046));
#13028=CARTESIAN_POINT('',(-126.064327086239,3.00000000000001,-0.735764363510469));
#13029=CARTESIAN_POINT('',(-126.064327086239,3.00000000000001,-5.73576436351046));
#13030=CARTESIAN_POINT('',(-126.064327086239,3.00000000000001,-0.735764363510469));
#13031=CARTESIAN_POINT('',(-126.064327086239,3.00000000000001,-5.73576436351046));
#13032=CARTESIAN_POINT('',(-126.064327086239,3.00000000000001,-0.735764363510469));
#13033=CARTESIAN_POINT('',(-126.064327086239,3.00000000000001,-5.73576436351046));
#13034=CARTESIAN_POINT('',(-126.064327086239,3.00000000000001,-0.735764363510469));
#13035=CARTESIAN_POINT('',(-126.064327086239,3.00000000000001,-5.73576436351046));
#13036=CARTESIAN_POINT('',(-126.064327086239,3.00000000000001,-0.735764363510469));
#13037=CARTESIAN_POINT('',(-126.064327086239,3.00000000000001,-5.73576436351046));
#13038=CARTESIAN_POINT('',(-126.064327086239,3.00000000000001,10.4178380268357));
#13039=CARTESIAN_POINT('',(-126.064327086239,3.00000000000001,-0.735764363510469));
#13040=CARTESIAN_POINT('',(-126.064327086239,3.00000000000001,7.5894109020895));
#13041=CARTESIAN_POINT('',(-126.064327086239,3.00000000000001,-5.73576436351046));
#13042=CARTESIAN_POINT('',(-126.064327086239,3.00000000000001,-0.735764363510469));
#13043=CARTESIAN_POINT('Origin',(-128.564327086239,3.00000000000001,42.4662962544248));
#13044=CARTESIAN_POINT('',(-123.462746435274,3.00000000000001,13.0194186778003));
#13045=CARTESIAN_POINT('Origin',(-128.564327086239,3.00000000000001,42.4662962544248));
#13046=CARTESIAN_POINT('',(-131.064327086239,3.00000000000001,2.58941090208948));
#13047=CARTESIAN_POINT('',(-115.684571842222,3.00000000000001,17.9691661461061));
#13048=CARTESIAN_POINT('',(-131.064327086239,3.00000000000001,85.6683568723601));
#13049=CARTESIAN_POINT('Origin',(-128.564327086239,3.00000000000001,42.4662962544248));
#13050=CARTESIAN_POINT('',(-131.064327086239,3.00000000000001,85.6683568723601));
#13051=CARTESIAN_POINT('Origin',(-128.564327086239,3.00000000000001,42.4662962544248));
#13052=CARTESIAN_POINT('',(-131.064327086239,3.00000000000001,85.6683568723601));
#13053=CARTESIAN_POINT('Origin',(-128.564327086239,3.00000000000001,42.4662962544248));
#13054=CARTESIAN_POINT('',(-131.064327086239,3.00000000000001,85.6683568723601));
#13055=CARTESIAN_POINT('Origin',(-128.564327086239,3.00000000000001,42.4662962544248));
#13056=CARTESIAN_POINT('',(-131.064327086239,3.00000000000001,85.6683568723601));
#13057=CARTESIAN_POINT('Origin',(-128.564327086239,3.00000000000001,42.4662962544248));
#13058=CARTESIAN_POINT('',(-131.064327086239,3.00000000000001,85.6683568723601));
#13059=CARTESIAN_POINT('Origin',(-128.564327086239,3.00000000000001,42.4662962544248));
#13060=CARTESIAN_POINT('',(-131.064327086239,3.00000000000001,85.6683568723601));
#13061=CARTESIAN_POINT('Origin',(-131.064327086239,3.00000000000001,-0.735764363510469));
#13062=CARTESIAN_POINT('',(-131.064327086239,-68.5,2.58941090208948));
#13063=CARTESIAN_POINT('Origin',(-131.064327086239,3.00000000000001,-0.735764363510469));
#13064=CARTESIAN_POINT('Origin',(-131.064327086239,3.00000000000001,-0.735764363510469));
#13065=CARTESIAN_POINT('Origin',(-131.064327086239,3.00000000000001,-0.735764363510469));
#13066=CARTESIAN_POINT('Origin',(-131.064327086239,3.00000000000001,-0.735764363510469));
#13067=CARTESIAN_POINT('Origin',(-131.064327086239,3.00000000000001,-0.735764363510469));
#13068=CARTESIAN_POINT('Origin',(-131.064327086239,3.00000000000001,-0.735764363510469));
#13069=CARTESIAN_POINT('Origin',(-135.635394898104,-140.,0.846770214970212));
#13070=CARTESIAN_POINT('',(-134.888261589758,3.00000000000001,1.59390352331642));
#13071=CARTESIAN_POINT('',(-131.064327086239,-133.,5.41783802683568));
#13072=CARTESIAN_POINT('',(-131.064327086239,-140.,5.41783802683567));
#13073=CARTESIAN_POINT('',(-123.462746435274,-133.,13.0194186778003));
#13074=CARTESIAN_POINT('Origin',(-121.493259274373,-140.,12.160478713955));
#13075=CARTESIAN_POINT('',(-131.064327086239,-133.,2.58941090208948));
#13076=CARTESIAN_POINT('',(-115.684571842222,-133.,17.9691661461061));
#13077=CARTESIAN_POINT('',(-131.064327086239,-140.,2.58941090208948));
#13078=CARTESIAN_POINT('',(-127.110086996706,3.00000000000001,6.54365099162225));
#13079=CARTESIAN_POINT('Origin',(-126.064327086239,3.00000000000001,-5.73576436351046));
#13080=CARTESIAN_POINT('Origin',(-126.064327086239,3.00000000000001,-5.73576436351046));
#13081=CARTESIAN_POINT('Origin',(-126.064327086239,3.00000000000001,-5.73576436351046));
#13082=CARTESIAN_POINT('Origin',(-126.064327086239,3.00000000000001,-5.73576436351046));
#13083=CARTESIAN_POINT('Origin',(-126.064327086239,3.00000000000001,-5.73576436351046));
#13084=CARTESIAN_POINT('Origin',(-126.064327086239,3.00000000000001,-5.73576436351046));
#13085=CARTESIAN_POINT('Origin',(-126.064327086239,3.00000000000001,-5.73576436351046));
#13086=CARTESIAN_POINT('Origin',(-131.064327086239,-140.,85.6683568723601));
#13087=CARTESIAN_POINT('',(-126.064327086239,-133.,82.1673191813115));
#13088=CARTESIAN_POINT('',(-131.064327086239,-133.,85.6683568723601));
#13089=CARTESIAN_POINT('',(-108.857022065319,-133.,70.1186344933895));
#13090=CARTESIAN_POINT('',(-131.064327086239,-140.,85.6683568723601));
#13091=CARTESIAN_POINT('',(-126.064327086239,-102.5,82.1673191813115));
#13092=CARTESIAN_POINT('Origin',(-128.564327086239,-133.,42.4662962544248));
#13093=CARTESIAN_POINT('',(-126.064327086239,-133.,-5.73576436351046));
#13094=CARTESIAN_POINT('',(-131.064327086239,-133.,85.6683568723601));
#13095=CARTESIAN_POINT('Origin',(-131.064327086239,-140.,-0.735764363510469));
#13096=CARTESIAN_POINT('Origin',(-126.064327086239,-133.,-5.73576436351046));
#13097=CARTESIAN_POINT('',(-126.064327086239,-133.,-5.73576436351046));
#13098=CARTESIAN_POINT('',(-131.064327086239,-133.,-5.73576436351046));
#13099=CARTESIAN_POINT('Origin',(-126.064327086239,-133.,-5.73576436351046));
#13100=CARTESIAN_POINT('',(-126.064327086239,-133.,-5.73576436351046));
#13101=CARTESIAN_POINT('',(-131.064327086239,-133.,-5.73576436351046));
#13102=CARTESIAN_POINT('Origin',(-126.064327086239,-133.,-5.73576436351046));
#13103=CARTESIAN_POINT('',(-126.064327086239,-133.,-5.73576436351046));
#13104=CARTESIAN_POINT('',(-131.064327086239,-133.,-5.73576436351046));
#13105=CARTESIAN_POINT('Origin',(-126.064327086239,-133.,-5.73576436351046));
#13106=CARTESIAN_POINT('',(-126.064327086239,-133.,-5.73576436351046));
#13107=CARTESIAN_POINT('',(-131.064327086239,-133.,-5.73576436351046));
#13108=CARTESIAN_POINT('Origin',(-126.064327086239,-133.,-5.73576436351046));
#13109=CARTESIAN_POINT('',(-126.064327086239,-133.,-5.73576436351046));
#13110=CARTESIAN_POINT('',(-131.064327086239,-133.,-5.73576436351046));
#13111=CARTESIAN_POINT('Origin',(-126.064327086239,-133.,-5.73576436351046));
#13112=CARTESIAN_POINT('',(-126.064327086239,-133.,-5.73576436351046));
#13113=CARTESIAN_POINT('',(-131.064327086239,-133.,-5.73576436351046));
#13114=CARTESIAN_POINT('Origin',(-126.064327086239,-133.,-5.73576436351046));
#13115=CARTESIAN_POINT('',(-126.064327086239,-133.,-5.73576436351046));
#13116=CARTESIAN_POINT('',(-131.064327086239,-133.,-5.73576436351046));
#13117=CARTESIAN_POINT('Origin',(-131.064327086239,-133.,-5.73576436351046));
#13118=CARTESIAN_POINT('Origin',(-131.064327086239,-133.,-5.73576436351046));
#13119=CARTESIAN_POINT('Origin',(-131.064327086239,-133.,-5.73576436351046));
#13120=CARTESIAN_POINT('Origin',(-131.064327086239,-133.,-5.73576436351046));
#13121=CARTESIAN_POINT('Origin',(-131.064327086239,-133.,-5.73576436351046));
#13122=CARTESIAN_POINT('Origin',(-131.064327086239,-133.,-5.73576436351046));
#13123=CARTESIAN_POINT('Origin',(-131.064327086239,-133.,-5.73576436351046));
#13124=CARTESIAN_POINT('Origin',(-126.064327086239,-140.,-5.73576436351046));
#13125=CARTESIAN_POINT('Origin',(-86.0643270862385,5.06432708623866,-5.73576436351085));
#13126=CARTESIAN_POINT('',(-86.0643270862385,3.06432708623867,-5.73576436351088));
#13127=CARTESIAN_POINT('',(-86.0643270862385,9.99999999999999,-5.73576436351086));
#13128=CARTESIAN_POINT('',(-86.0643270862385,5.06432708623866,-5.73576436351087));
#13129=CARTESIAN_POINT('',(-79.0643270862385,9.99999999999999,-5.73576436351086));
#13130=CARTESIAN_POINT('',(-86.0643270862385,9.99999999999999,-5.73576436351086));
#13131=CARTESIAN_POINT('',(-79.0643270862385,3.06432708623867,-5.73576436351088));
#13132=CARTESIAN_POINT('',(-79.0643270862385,5.06432708623866,-5.73576436351087));
#13133=CARTESIAN_POINT('',(-86.0643270862385,3.06432708623866,-5.73576436351088));
#13134=CARTESIAN_POINT('Origin',(-46.0643270862385,5.06432708623866,-5.73576436351085));
#13135=CARTESIAN_POINT('',(-46.0643270862385,3.06432708623867,-5.73576436351088));
#13136=CARTESIAN_POINT('',(-46.0643270862385,9.99999999999999,-5.73576436351086));
#13137=CARTESIAN_POINT('',(-46.0643270862385,5.06432708623866,-5.73576436351087));
#13138=CARTESIAN_POINT('',(-39.0643270862385,9.99999999999999,-5.73576436351086));
#13139=CARTESIAN_POINT('',(-46.0643270862385,9.99999999999999,-5.73576436351086));
#13140=CARTESIAN_POINT('',(-39.0643270862385,3.06432708623867,-5.73576436351088));
#13141=CARTESIAN_POINT('',(-39.0643270862385,5.06432708623866,-5.73576436351087));
#13142=CARTESIAN_POINT('',(-46.0643270862385,3.06432708623866,-5.73576436351088));
#13143=CARTESIAN_POINT('Origin',(-126.064327086239,7.53216354311919,40.7157774089002));
#13144=CARTESIAN_POINT('',(-126.064327086239,3.06432708623839,82.1673191813113));
#13145=CARTESIAN_POINT('',(-126.064327086239,3.06432708623867,-0.735764363510875));
#13146=CARTESIAN_POINT('',(-126.064327086239,3.06432708623867,-0.735764363510476));
#13147=CARTESIAN_POINT('',(-126.064327086239,10.,82.1673191813109));
#13148=CARTESIAN_POINT('',(-126.064327086239,5.,82.1673191813109));
#13149=CARTESIAN_POINT('',(-126.064327086239,10.,71.4821651130743));
#13150=CARTESIAN_POINT('',(-126.064327086239,10.,82.1673191813109));
#13151=CARTESIAN_POINT('',(-126.064327086239,10.,68.6537379883281));
#13152=CARTESIAN_POINT('',(-126.064327086239,10.,54.6847576986141));
#13153=CARTESIAN_POINT('',(-126.064327086239,10.,60.4821651130743));
#13154=CARTESIAN_POINT('',(-126.064327086239,10.,82.1673191813109));
#13155=CARTESIAN_POINT('',(-126.064327086239,10.,57.6537379883281));
#13156=CARTESIAN_POINT('',(-126.064327086239,10.,49.1847576986142));
#13157=CARTESIAN_POINT('',(-126.064327086239,10.,49.4821651130743));
#13158=CARTESIAN_POINT('',(-126.064327086239,10.,82.1673191813109));
#13159=CARTESIAN_POINT('',(-126.064327086239,10.,46.6537379883281));
#13160=CARTESIAN_POINT('',(-126.064327086239,10.,43.6847576986142));
#13161=CARTESIAN_POINT('',(-126.064327086239,10.,38.4821651130743));
#13162=CARTESIAN_POINT('',(-126.064327086239,10.,82.1673191813109));
#13163=CARTESIAN_POINT('',(-126.064327086239,10.,35.6537379883281));
#13164=CARTESIAN_POINT('',(-126.064327086239,10.,38.1847576986142));
#13165=CARTESIAN_POINT('',(-126.064327086239,10.,27.4821651130743));
#13166=CARTESIAN_POINT('',(-126.064327086239,10.,82.1673191813109));
#13167=CARTESIAN_POINT('',(-126.064327086239,10.,24.6537379883281));
#13168=CARTESIAN_POINT('',(-126.064327086239,10.,32.6847576986142));
#13169=CARTESIAN_POINT('',(-126.064327086239,10.,16.4821651130743));
#13170=CARTESIAN_POINT('',(-126.064327086239,10.,82.1673191813109));
#13171=CARTESIAN_POINT('',(-126.064327086239,10.,13.6537379883282));
#13172=CARTESIAN_POINT('',(-126.064327086239,10.,27.1847576986142));
#13173=CARTESIAN_POINT('',(-126.064327086239,10.,5.48216511307436));
#13174=CARTESIAN_POINT('',(-126.064327086239,10.,82.1673191813109));
#13175=CARTESIAN_POINT('',(-126.064327086239,10.,2.65373798832817));
#13176=CARTESIAN_POINT('',(-126.064327086239,10.,21.6847576986142));
#13177=CARTESIAN_POINT('',(-126.064327086239,10.,-0.73576436351086));
#13178=CARTESIAN_POINT('',(-126.064327086239,10.,82.1673191813109));
#13179=CARTESIAN_POINT('',(-126.064327086239,5.06432708623867,-0.735764363510869));
#13180=CARTESIAN_POINT('Origin',(-126.064327086239,14.6353948981041,0.846770214970213));
#13181=CARTESIAN_POINT('',(-8.06432708623852,16.7567152416638,-1.27455012858943));
#13182=CARTESIAN_POINT('',(-8.06432708623851,15.9393354405087,-0.457170327434337));
#13183=CARTESIAN_POINT('',(-8.06432708623852,11.4534143827647,4.02875073030968));
#13184=CARTESIAN_POINT('',(-131.064327086239,16.7567152416638,-1.27455012858943));
#13185=CARTESIAN_POINT('',(-126.064327086239,16.7567152416638,-1.27455012858943));
#13186=CARTESIAN_POINT('',(-131.064327086239,10.,5.48216511307436));
#13187=CARTESIAN_POINT('',(-131.064327086239,10.,5.48216511307436));
#13188=CARTESIAN_POINT('',(-126.064327086239,10.,5.48216511307436));
#13189=CARTESIAN_POINT('',(-119.064327086239,10.,5.48216511307436));
#13190=CARTESIAN_POINT('',(-126.064327086239,10.,5.48216511307436));
#13191=CARTESIAN_POINT('',(-119.064327086239,3.06432708623863,12.4178380268357));
#13192=CARTESIAN_POINT('',(-119.064327086239,2.8923352608754,12.5898298521989));
#13193=CARTESIAN_POINT('',(-119.064327086239,1.90747283674628,13.5746922763281));
#13194=CARTESIAN_POINT('',(-119.064327086239,12.7454946367916,2.73667047628278));
#13195=CARTESIAN_POINT('',(-28.103903694681,1.90747283674628,13.5746922763281));
#13196=CARTESIAN_POINT('',(-126.064327086239,1.90747283674628,13.5746922763281));
#13197=CARTESIAN_POINT('',(-61.9676740160043,-21.8041944144465,37.2863595275209));
#13198=CARTESIAN_POINT('',(-46.0643270862385,3.06432708623863,12.4178380268357));
#13199=CARTESIAN_POINT('',(-39.0643270862385,3.06432708623863,12.4178380268357));
#13200=CARTESIAN_POINT('',(-86.0643270862385,3.06432708623863,12.4178380268357));
#13201=CARTESIAN_POINT('',(-46.0643270862385,10.,5.48216511307436));
#13202=CARTESIAN_POINT('',(-46.0643270862385,2.8923352608754,12.5898298521989));
#13203=CARTESIAN_POINT('',(-39.0643270862385,10.,5.48216511307436));
#13204=CARTESIAN_POINT('',(-86.0643270862385,10.,5.48216511307436));
#13205=CARTESIAN_POINT('',(-39.0643270862385,2.8923352608754,12.5898298521989));
#13206=CARTESIAN_POINT('',(-86.0643270862385,3.06432708623863,12.4178380268357));
#13207=CARTESIAN_POINT('',(-79.0643270862385,3.06432708623863,12.4178380268357));
#13208=CARTESIAN_POINT('',(-106.064327086239,3.06432708623863,12.4178380268357));
#13209=CARTESIAN_POINT('',(-86.0643270862385,10.,5.48216511307436));
#13210=CARTESIAN_POINT('',(-86.0643270862385,2.8923352608754,12.5898298521989));
#13211=CARTESIAN_POINT('',(-79.0643270862385,10.,5.48216511307436));
#13212=CARTESIAN_POINT('',(-106.064327086239,10.,5.48216511307436));
#13213=CARTESIAN_POINT('',(-79.0643270862385,2.8923352608754,12.5898298521989));
#13214=CARTESIAN_POINT('Origin',(-126.064327086239,10.,2.65373798832817));
#13215=CARTESIAN_POINT('',(-131.064327086239,10.,2.65373798832817));
#13216=CARTESIAN_POINT('',(-131.064327086239,10.,5.41783802683568));
#13217=CARTESIAN_POINT('',(-126.064327086239,10.,2.65373798832817));
#13218=CARTESIAN_POINT('Origin',(-131.064327086239,12.3176974490521,2.45736088283574));
#13219=CARTESIAN_POINT('',(-131.064327086239,15.3425016792907,-2.68876369096252));
#13220=CARTESIAN_POINT('',(-131.064327086239,15.8728317651806,-2.15843360507261));
#13221=CARTESIAN_POINT('',(-131.064327086239,13.2211813357311,-0.567443347402881));
#13222=CARTESIAN_POINT('Origin',(-126.064327086239,10.,46.6537379883281));
#13223=CARTESIAN_POINT('',(-131.064327086239,10.,49.4821651130743));
#13224=CARTESIAN_POINT('',(-126.064327086239,10.,49.4821651130743));
#13225=CARTESIAN_POINT('',(-131.064327086239,10.,46.6537379883281));
#13226=CARTESIAN_POINT('',(-131.064327086239,10.,49.4178380268356));
#13227=CARTESIAN_POINT('',(-126.064327086239,10.,46.6537379883281));
#13228=CARTESIAN_POINT('Origin',(-131.064327086239,12.317697449052,46.4573608828357));
#13229=CARTESIAN_POINT('',(-131.064327086239,16.7567152416637,42.7254498714106));
#13230=CARTESIAN_POINT('',(-131.064327086239,10.,49.4821651130743));
#13231=CARTESIAN_POINT('',(-131.064327086239,15.3425016792906,41.3112363090375));
#13232=CARTESIAN_POINT('',(-131.064327086239,15.8728317651805,41.8415663949274));
#13233=CARTESIAN_POINT('',(-131.064327086239,13.221181335731,43.4325566525971));
#13234=CARTESIAN_POINT('Origin',(-126.064327086239,10.,57.6537379883281));
#13235=CARTESIAN_POINT('',(-131.064327086239,10.,60.4821651130743));
#13236=CARTESIAN_POINT('',(-126.064327086239,10.,60.4821651130743));
#13237=CARTESIAN_POINT('',(-131.064327086239,10.,57.6537379883281));
#13238=CARTESIAN_POINT('',(-131.064327086239,10.,60.4178380268356));
#13239=CARTESIAN_POINT('',(-126.064327086239,10.,57.6537379883281));
#13240=CARTESIAN_POINT('Origin',(-131.064327086239,12.317697449052,57.4573608828357));
#13241=CARTESIAN_POINT('',(-131.064327086239,16.7567152416637,53.7254498714106));
#13242=CARTESIAN_POINT('',(-131.064327086239,10.,60.4821651130743));
#13243=CARTESIAN_POINT('',(-131.064327086239,15.3425016792906,52.3112363090375));
#13244=CARTESIAN_POINT('',(-131.064327086239,15.8728317651805,52.8415663949274));
#13245=CARTESIAN_POINT('',(-131.064327086239,13.221181335731,54.4325566525971));
#13246=CARTESIAN_POINT('Origin',(-126.064327086239,10.,13.6537379883282));
#13247=CARTESIAN_POINT('',(-131.064327086239,10.,16.4821651130743));
#13248=CARTESIAN_POINT('',(-126.064327086239,10.,16.4821651130743));
#13249=CARTESIAN_POINT('',(-131.064327086239,10.,13.6537379883282));
#13250=CARTESIAN_POINT('',(-131.064327086239,10.,16.4178380268357));
#13251=CARTESIAN_POINT('',(-126.064327086239,10.,13.6537379883282));
#13252=CARTESIAN_POINT('Origin',(-131.064327086239,12.3176974490521,13.4573608828357));
#13253=CARTESIAN_POINT('',(-131.064327086239,16.7567152416638,9.72544987141058));
#13254=CARTESIAN_POINT('',(-131.064327086239,10.,16.4821651130743));
#13255=CARTESIAN_POINT('',(-131.064327086239,15.3425016792907,8.31123630903748));
#13256=CARTESIAN_POINT('',(-131.064327086239,15.8728317651806,8.84156639492739));
#13257=CARTESIAN_POINT('',(-131.064327086239,13.221181335731,10.4325566525971));
#13258=CARTESIAN_POINT('Origin',(-126.064327086239,10.,35.6537379883281));
#13259=CARTESIAN_POINT('',(-131.064327086239,10.,38.4821651130743));
#13260=CARTESIAN_POINT('',(-126.064327086239,10.,38.4821651130743));
#13261=CARTESIAN_POINT('',(-131.064327086239,10.,35.6537379883281));
#13262=CARTESIAN_POINT('',(-131.064327086239,10.,38.4178380268356));
#13263=CARTESIAN_POINT('',(-126.064327086239,10.,35.6537379883281));
#13264=CARTESIAN_POINT('Origin',(-131.064327086239,12.317697449052,35.4573608828357));
#13265=CARTESIAN_POINT('',(-131.064327086239,16.7567152416637,31.7254498714106));
#13266=CARTESIAN_POINT('',(-131.064327086239,10.,38.4821651130743));
#13267=CARTESIAN_POINT('',(-131.064327086239,15.3425016792906,30.3112363090375));
#13268=CARTESIAN_POINT('',(-131.064327086239,15.8728317651806,30.8415663949274));
#13269=CARTESIAN_POINT('',(-131.064327086239,13.221181335731,32.4325566525971));
#13270=CARTESIAN_POINT('Origin',(-126.064327086239,10.,68.6537379883281));
#13271=CARTESIAN_POINT('',(-131.064327086239,10.,71.4821651130743));
#13272=CARTESIAN_POINT('',(-126.064327086239,10.,71.4821651130743));
#13273=CARTESIAN_POINT('',(-131.064327086239,10.,68.6537379883281));
#13274=CARTESIAN_POINT('',(-131.064327086239,10.,66.8467702149702));
#13275=CARTESIAN_POINT('',(-126.064327086239,10.,68.6537379883281));
#13276=CARTESIAN_POINT('Origin',(-131.064327086239,7.56432708623862,40.7157774089002));
#13277=CARTESIAN_POINT('',(-131.064327086239,16.7567152416637,64.7254498714106));
#13278=CARTESIAN_POINT('',(-131.064327086239,10.,71.4821651130743));
#13279=CARTESIAN_POINT('',(-131.064327086239,15.3425016792906,63.3112363090375));
#13280=CARTESIAN_POINT('',(-131.064327086239,7.74909330599329,55.7178279357402));
#13281=CARTESIAN_POINT('',(-131.064327086239,13.221181335731,65.4325566525971));
#13282=CARTESIAN_POINT('Origin',(-126.064327086239,10.,24.6537379883281));
#13283=CARTESIAN_POINT('',(-131.064327086239,10.,27.4821651130743));
#13284=CARTESIAN_POINT('',(-126.064327086239,10.,27.4821651130743));
#13285=CARTESIAN_POINT('',(-131.064327086239,10.,24.6537379883281));
#13286=CARTESIAN_POINT('',(-131.064327086239,10.,27.4178380268357));
#13287=CARTESIAN_POINT('',(-126.064327086239,10.,24.6537379883281));
#13288=CARTESIAN_POINT('Origin',(-131.064327086239,12.3176974490521,24.4573608828357));
#13289=CARTESIAN_POINT('',(-131.064327086239,16.7567152416638,20.7254498714106));
#13290=CARTESIAN_POINT('',(-131.064327086239,10.,27.4821651130743));
#13291=CARTESIAN_POINT('',(-131.064327086239,15.3425016792907,19.3112363090375));
#13292=CARTESIAN_POINT('',(-131.064327086239,15.8728317651806,19.8415663949274));
#13293=CARTESIAN_POINT('',(-131.064327086239,13.221181335731,21.4325566525971));
#13294=CARTESIAN_POINT('Origin',(-119.064327086239,0.493259274373185,-5.73576436351046));
#13295=CARTESIAN_POINT('',(-119.064327086239,3.06432708623864,77.2658664138435));
#13296=CARTESIAN_POINT('',(-119.064327086239,1.3878715744846,77.2658664138435));
#13297=CARTESIAN_POINT('',(-119.064327086239,3.51271140874619,77.2658664138435));
#13298=CARTESIAN_POINT('',(-119.064327086239,3.06432708623841,75.5894109020897));
#13299=CARTESIAN_POINT('',(-119.064327086239,3.06432708623864,-5.73576436351046));
#13300=CARTESIAN_POINT('',(-119.064327086239,21.4673200437395,57.1864179445886));
#13301=CARTESIAN_POINT('Origin',(-119.064327086239,0.493259274373185,-5.73576436351046));
#13302=CARTESIAN_POINT('',(-119.064327086239,0.493259274373185,67.1604787139549));
#13303=CARTESIAN_POINT('',(-119.064327086239,3.06432708623845,64.5894109020896));
#13304=CARTESIAN_POINT('',(-119.064327086239,18.7173200437395,48.9364179445886));
#13305=CARTESIAN_POINT('',(-119.064327086239,1.9074728367462,68.5746922763281));
#13306=CARTESIAN_POINT('',(-119.064327086239,-17.0236947138067,49.6435247257752));
#13307=CARTESIAN_POINT('',(-119.064327086239,3.06432708623844,67.4178380268359));
#13308=CARTESIAN_POINT('',(-119.064327086239,26.4954946367915,43.9866704762828));
#13309=CARTESIAN_POINT('',(-119.064327086239,3.06432708623864,-5.73576436351046));
#13310=CARTESIAN_POINT('Origin',(-119.064327086239,0.493259274373185,-5.73576436351046));
#13311=CARTESIAN_POINT('',(-119.064327086239,0.493259274373185,56.1604787139549));
#13312=CARTESIAN_POINT('',(-119.064327086239,3.06432708623849,53.5894109020896));
#13313=CARTESIAN_POINT('',(-119.064327086239,15.9673200437395,40.6864179445886));
#13314=CARTESIAN_POINT('',(-119.064327086239,1.90747283674621,57.5746922763281));
#13315=CARTESIAN_POINT('',(-119.064327086239,-14.2736947138067,41.3935247257751));
#13316=CARTESIAN_POINT('',(-119.064327086239,3.06432708623848,56.4178380268358));
#13317=CARTESIAN_POINT('',(-119.064327086239,23.7454946367915,35.7366704762828));
#13318=CARTESIAN_POINT('',(-119.064327086239,3.06432708623864,-5.73576436351046));
#13319=CARTESIAN_POINT('Origin',(-119.064327086239,0.493259274373185,-5.73576436351046));
#13320=CARTESIAN_POINT('',(-119.064327086239,0.493259274373185,45.1604787139549));
#13321=CARTESIAN_POINT('',(-119.064327086239,3.06432708623852,42.5894109020896));
#13322=CARTESIAN_POINT('',(-119.064327086239,13.2173200437395,32.4364179445886));
#13323=CARTESIAN_POINT('',(-119.064327086239,1.90747283674623,46.5746922763281));
#13324=CARTESIAN_POINT('',(-119.064327086239,-11.5236947138067,33.143524725775));
#13325=CARTESIAN_POINT('',(-119.064327086239,3.06432708623852,45.4178380268358));
#13326=CARTESIAN_POINT('',(-119.064327086239,20.9954946367915,27.4866704762828));
#13327=CARTESIAN_POINT('',(-119.064327086239,3.06432708623864,-5.73576436351046));
#13328=CARTESIAN_POINT('Origin',(-119.064327086239,0.493259274373185,-5.73576436351046));
#13329=CARTESIAN_POINT('',(-119.064327086239,0.493259274373185,34.1604787139549));
#13330=CARTESIAN_POINT('',(-119.064327086239,3.06432708623856,31.5894109020896));
#13331=CARTESIAN_POINT('',(-119.064327086239,10.4673200437395,24.1864179445886));
#13332=CARTESIAN_POINT('',(-119.064327086239,1.90747283674624,35.5746922763281));
#13333=CARTESIAN_POINT('',(-119.064327086239,-8.77369471380665,24.8935247257751));
#13334=CARTESIAN_POINT('',(-119.064327086239,3.06432708623855,34.4178380268358));
#13335=CARTESIAN_POINT('',(-119.064327086239,18.2454946367915,19.2366704762828));
#13336=CARTESIAN_POINT('',(-119.064327086239,3.06432708623864,-5.73576436351046));
#13337=CARTESIAN_POINT('Origin',(-119.064327086239,0.493259274373185,-5.73576436351046));
#13338=CARTESIAN_POINT('',(-119.064327086239,0.493259274373185,23.160478713955));
#13339=CARTESIAN_POINT('',(-119.064327086239,3.0643270862386,20.5894109020895));
#13340=CARTESIAN_POINT('',(-119.064327086239,7.71732004373953,15.9364179445886));
#13341=CARTESIAN_POINT('',(-119.064327086239,1.90747283674626,24.5746922763281));
#13342=CARTESIAN_POINT('',(-119.064327086239,-6.02369471380664,16.6435247257751));
#13343=CARTESIAN_POINT('',(-119.064327086239,3.06432708623859,23.4178380268358));
#13344=CARTESIAN_POINT('',(-119.064327086239,15.4954946367916,10.9866704762828));
#13345=CARTESIAN_POINT('',(-119.064327086239,3.06432708623864,-5.73576436351046));
#13346=CARTESIAN_POINT('Origin',(-119.064327086239,0.493259274373185,-5.73576436351046));
#13347=CARTESIAN_POINT('',(-119.064327086239,0.493259274373185,12.160478713955));
#13348=CARTESIAN_POINT('',(-119.064327086239,3.06432708623864,9.58941090208952));
#13349=CARTESIAN_POINT('',(-119.064327086239,4.96732004373954,7.68641794458862));
#13350=CARTESIAN_POINT('',(-119.064327086239,-3.27369471380663,8.39352472577513));
#13351=CARTESIAN_POINT('',(-119.064327086239,3.06432708623864,-5.73576436351046));
#13352=CARTESIAN_POINT('Origin',(-126.064327086239,3.06432708623839,82.1673191813113));
#13353=CARTESIAN_POINT('',(-119.064327086239,3.06432708623867,-0.735764363510875));
#13354=CARTESIAN_POINT('',(-126.064327086239,3.06432708623867,-0.735764363510875));
#13355=CARTESIAN_POINT('',(-119.064327086239,3.06432708623867,-0.735764363510476));
#13356=CARTESIAN_POINT('',(-119.064327086239,3.06432708623867,-0.735764363510476));
#13357=CARTESIAN_POINT('',(-119.064327086239,3.06432708623867,-0.735764363510476));
#13358=CARTESIAN_POINT('',(-119.064327086239,3.06432708623867,-0.735764363510476));
#13359=CARTESIAN_POINT('',(-119.064327086239,3.06432708623867,-0.735764363510476));
#13360=CARTESIAN_POINT('',(-119.064327086239,3.06432708623867,-0.735764363510476));
#13361=CARTESIAN_POINT('',(-119.064327086239,3.06432708623867,-0.735764363510476));
#13362=CARTESIAN_POINT('',(-101.731931046638,3.06432708623845,65.1295920516794));
#13363=CARTESIAN_POINT('Origin',(-77.3995350070384,6.53216354311919,48.0918649220473));
#13364=CARTESIAN_POINT('',(-99.1350499172364,15.3425016792906,63.3112363090375));
#13365=CARTESIAN_POINT('',(-100.46760904835,14.4094337305744,64.2443042577537));
#13366=CARTESIAN_POINT('',(-101.154756197447,16.7567152416637,64.7254498714106));
#13367=CARTESIAN_POINT('',(-96.1985327144469,13.286330197815,61.2550648275618));
#13368=CARTESIAN_POINT('',(-119.064327086239,4.21629869923079,77.2658664138435));
#13369=CARTESIAN_POINT('',(-96.9677772802192,19.6884694418318,61.7936956712424));
#13370=CARTESIAN_POINT('',(-119.064327086239,10.,77.2658664138435));
#13371=CARTESIAN_POINT('',(-119.064327086239,7.03216354311919,77.2658664138435));
#13372=CARTESIAN_POINT('',(-82.2560770847717,10.,51.4924522945088));
#13373=CARTESIAN_POINT('Origin',(-126.064327086239,0.493259274373088,78.160478713955));
#13374=CARTESIAN_POINT('',(-119.064327086239,10.,68.6537379883281));
#13375=CARTESIAN_POINT('',(-119.064327086239,11.6141606678233,67.0395773205048));
#13376=CARTESIAN_POINT('',(-126.064327086239,10.,68.6537379883281));
#13377=CARTESIAN_POINT('',(-126.064327086239,15.3425016792906,63.3112363090375));
#13378=CARTESIAN_POINT('Origin',(-66.9988788962645,7.56432708623862,40.8092471109565));
#13379=CARTESIAN_POINT('',(-106.652044065497,1.9074728367462,68.5746922763281));
#13380=CARTESIAN_POINT('',(-85.4451281232839,16.7567152416637,53.7254498714106));
#13381=CARTESIAN_POINT('',(-91.1344267361834,12.7730254657854,57.7091396472889));
#13382=CARTESIAN_POINT('',(-104.632337785286,0.493259274373104,67.160478713955));
#13383=CARTESIAN_POINT('',(-97.6341143055698,-4.40694956020072,62.2602698793812));
#13384=CARTESIAN_POINT('',(-83.4254218430731,15.3425016792906,52.3112363090375));
#13385=CARTESIAN_POINT('',(-94.6342585043145,7.49398975452801,60.1597482338001));
#13386=CARTESIAN_POINT('',(-86.6346430343005,17.5896225491704,54.5583571789173));
#13387=CARTESIAN_POINT('Origin',(-66.9988788962645,7.56432708623862,40.8092471109565));
#13388=CARTESIAN_POINT('',(-75.2327879171708,1.90747283674623,46.5746922763281));
#13389=CARTESIAN_POINT('',(-54.0258719749574,16.7567152416637,31.7254498714106));
#13390=CARTESIAN_POINT('',(-79.4677256481118,-1.05786248630736,49.5400275993817));
#13391=CARTESIAN_POINT('',(-73.21308163696,0.493259274373136,45.160478713955));
#13392=CARTESIAN_POINT('',(-85.9674132174982,9.42393839189204,54.091157831474));
#13393=CARTESIAN_POINT('',(-52.0061656947466,15.3425016792906,30.3112363090375));
#13394=CARTESIAN_POINT('',(-82.9675574162429,-6.33689819756479,51.9906361858929));
#13395=CARTESIAN_POINT('',(-74.9679419462289,31.4205105012632,46.3892451310101));
#13396=CARTESIAN_POINT('Origin',(-126.064327086239,14.635394898104,66.8467702149702));
#13397=CARTESIAN_POINT('',(-126.064327086239,16.7567152416637,64.7254498714106));
#13398=CARTESIAN_POINT('',(-119.064327086239,10.,71.4821651130743));
#13399=CARTESIAN_POINT('',(-126.064327086239,10.,71.4821651130743));
#13400=CARTESIAN_POINT('',(-119.064327086239,19.3923352608753,62.0898298521989));
#13401=CARTESIAN_POINT('Origin',(-126.064327086239,0.493259274373104,67.160478713955));
#13402=CARTESIAN_POINT('',(-119.064327086239,10.,57.6537379883281));
#13403=CARTESIAN_POINT('',(-119.064327086239,8.86416066782332,58.7895773205048));
#13404=CARTESIAN_POINT('',(-126.064327086239,10.,57.6537379883281));
#13405=CARTESIAN_POINT('',(-126.064327086239,15.3425016792906,52.3112363090375));
#13406=CARTESIAN_POINT('',(-126.064327086239,0.493259274373104,67.160478713955));
#13407=CARTESIAN_POINT('Origin',(-126.064327086239,1.9074728367462,68.5746922763281));
#13408=CARTESIAN_POINT('',(-126.064327086239,1.9074728367462,68.5746922763281));
#13409=CARTESIAN_POINT('Origin',(-126.064327086239,0.49325927437312,56.160478713955));
#13410=CARTESIAN_POINT('',(-119.064327086239,10.,46.6537379883281));
#13411=CARTESIAN_POINT('',(-119.064327086239,6.11416066782333,50.5395773205048));
#13412=CARTESIAN_POINT('',(-126.064327086239,10.,46.6537379883281));
#13413=CARTESIAN_POINT('',(-67.7157937689098,15.3425016792906,41.3112363090375));
#13414=CARTESIAN_POINT('',(-126.064327086239,15.3425016792906,41.3112363090375));
#13415=CARTESIAN_POINT('',(-79.0643270862385,7.39617310287302,49.2575648854551));
#13416=CARTESIAN_POINT('',(-88.8009079602787,0.578545778481604,56.0751922098465));
#13417=CARTESIAN_POINT('',(-79.0643270862385,10.,46.6537379883281));
#13418=CARTESIAN_POINT('',(-79.0643270862385,6.11416066782333,50.5395773205048));
#13419=CARTESIAN_POINT('',(-86.0643270862385,10.,46.6537379883281));
#13420=CARTESIAN_POINT('',(-106.064327086239,10.,46.6537379883281));
#13421=CARTESIAN_POINT('',(-86.0643270862385,3.06432708623849,53.5894109020896));
#13422=CARTESIAN_POINT('',(-86.0643270862385,6.11416066782333,50.5395773205048));
#13423=CARTESIAN_POINT('',(-85.2508443404089,3.06432708623849,53.5894109020896));
#13424=CARTESIAN_POINT('',(-106.064327086239,3.06432708623849,53.5894109020896));
#13425=CARTESIAN_POINT('',(-88.9227097111232,0.49325927437312,56.160478713955));
#13426=CARTESIAN_POINT('',(-88.8009079602787,0.578545778481604,56.0751922098465));
#13427=CARTESIAN_POINT('',(-126.064327086239,0.49325927437312,56.160478713955));
#13428=CARTESIAN_POINT('Origin',(-126.064327086239,1.90747283674621,57.5746922763281));
#13429=CARTESIAN_POINT('',(-90.9424159913341,1.90747283674621,57.5746922763281));
#13430=CARTESIAN_POINT('',(-91.800763761534,2.50849441584568,58.1757138554275));
#13431=CARTESIAN_POINT('',(-126.064327086239,1.90747283674621,57.5746922763281));
#13432=CARTESIAN_POINT('Origin',(-126.064327086239,0.493259274373136,45.160478713955));
#13433=CARTESIAN_POINT('',(-119.064327086239,10.,35.6537379883281));
#13434=CARTESIAN_POINT('',(-119.064327086239,3.36416066782334,42.2895773205048));
#13435=CARTESIAN_POINT('',(-126.064327086239,10.,35.6537379883281));
#13436=CARTESIAN_POINT('',(-126.064327086239,15.3425016792906,30.3112363090375));
#13437=CARTESIAN_POINT('',(-126.064327086239,0.493259274373136,45.160478713955));
#13438=CARTESIAN_POINT('',(-79.0643270862385,10.,35.6537379883281));
#13439=CARTESIAN_POINT('',(-79.0643270862385,3.06432708623852,42.5894109020896));
#13440=CARTESIAN_POINT('',(-79.0643270862385,3.36416066782334,42.2895773205048));
#13441=CARTESIAN_POINT('',(-86.0643270862385,10.,35.6537379883281));
#13442=CARTESIAN_POINT('',(-106.064327086239,10.,35.6537379883281));
#13443=CARTESIAN_POINT('',(-86.0643270862385,3.06432708623852,42.5894109020896));
#13444=CARTESIAN_POINT('',(-86.0643270862385,3.36416066782334,42.2895773205048));
#13445=CARTESIAN_POINT('',(-106.064327086239,3.06432708623853,42.5894109020896));
#13446=CARTESIAN_POINT('Origin',(-126.064327086239,1.90747283674623,46.5746922763281));
#13447=CARTESIAN_POINT('',(-126.064327086239,1.90747283674623,46.5746922763281));
#13448=CARTESIAN_POINT('Origin',(-126.064327086239,14.6353948981041,22.8467702149702));
#13449=CARTESIAN_POINT('',(-59.5231598430075,1.90747283674624,35.5746922763281));
#13450=CARTESIAN_POINT('',(-126.064327086239,1.90747283674624,35.5746922763281));
#13451=CARTESIAN_POINT('',(-38.3162439007941,16.7567152416638,20.7254498714106));
#13452=CARTESIAN_POINT('',(-73.6343751040759,-7.97330646235374,45.4554715754281));
#13453=CARTESIAN_POINT('',(-126.064327086239,16.7567152416638,20.7254498714106));
#13454=CARTESIAN_POINT('',(-119.064327086239,10.,27.4821651130743));
#13455=CARTESIAN_POINT('',(-126.064327086239,10.,27.4821651130743));
#13456=CARTESIAN_POINT('',(-119.064327086239,8.39233526087538,29.0898298521989));
#13457=CARTESIAN_POINT('',(-86.0643270862385,10.,27.4821651130743));
#13458=CARTESIAN_POINT('',(-86.0643270862385,3.06432708623855,34.4178380268358));
#13459=CARTESIAN_POINT('',(-86.0643270862385,8.39233526087538,29.0898298521989));
#13460=CARTESIAN_POINT('',(-79.0643270862385,10.,27.4821651130743));
#13461=CARTESIAN_POINT('',(-106.064327086239,10.,27.4821651130743));
#13462=CARTESIAN_POINT('',(-79.0643270862385,3.06432708623855,34.4178380268358));
#13463=CARTESIAN_POINT('',(-79.0643270862385,8.39233526087538,29.0898298521989));
#13464=CARTESIAN_POINT('',(-106.064327086239,3.06432708623855,34.4178380268358));
#13465=CARTESIAN_POINT('Origin',(-126.064327086239,15.3425016792907,19.3112363090375));
#13466=CARTESIAN_POINT('',(-36.2965376205833,15.3425016792907,19.3112363090375));
#13467=CARTESIAN_POINT('',(-72.8651305383036,40.9481061020006,44.9168407317474));
#13468=CARTESIAN_POINT('',(-126.064327086239,15.3425016792907,19.3112363090375));
#13469=CARTESIAN_POINT('Origin',(-126.064327086239,15.3425016792906,63.3112363090375));
#13470=CARTESIAN_POINT('Origin',(-126.064327086239,10.,-0.73576436351086));
#13471=CARTESIAN_POINT('',(-119.064327086239,10.,82.1673191813109));
#13472=CARTESIAN_POINT('Origin',(-119.064327086239,7.53216354311919,40.7157774089002));
#13473=CARTESIAN_POINT('Origin',(-119.064327086239,7.53216354311919,40.7157774089002));
#13474=CARTESIAN_POINT('',(-119.064327086239,10.,60.4821651130743));
#13475=CARTESIAN_POINT('',(-119.064327086239,16.6423352608753,53.8398298521989));
#13476=CARTESIAN_POINT('',(-119.064327086239,10.,82.1673191813109));
#13477=CARTESIAN_POINT('Origin',(-126.064327086239,14.6353948981041,55.8467702149702));
#13478=CARTESIAN_POINT('',(-126.064327086239,16.7567152416637,53.7254498714106));
#13479=CARTESIAN_POINT('',(-126.064327086239,10.,60.4821651130743));
#13480=CARTESIAN_POINT('Origin',(-126.064327086239,15.3425016792906,52.3112363090375));
#13481=CARTESIAN_POINT('Origin',(-119.064327086239,7.53216354311919,40.7157774089002));
#13482=CARTESIAN_POINT('',(-119.064327086239,10.,49.4821651130743));
#13483=CARTESIAN_POINT('',(-119.064327086239,13.8923352608754,45.5898298521989));
#13484=CARTESIAN_POINT('',(-119.064327086239,10.,82.1673191813109));
#13485=CARTESIAN_POINT('Origin',(-126.064327086239,10.,-0.73576436351086));
#13486=CARTESIAN_POINT('Origin',(-126.064327086239,14.6353948981041,44.8467702149702));
#13487=CARTESIAN_POINT('',(-86.0643270862385,5.32314746015125,54.159017652923));
#13488=CARTESIAN_POINT('',(-85.3010761921476,5.85758148973904,53.6245836233353));
#13489=CARTESIAN_POINT('',(-86.0643270862385,10.,49.4821651130743));
#13490=CARTESIAN_POINT('',(-86.0643270862385,13.8923352608754,45.5898298521989));
#13491=CARTESIAN_POINT('',(-79.3850894536267,10.,49.4821651130743));
#13492=CARTESIAN_POINT('',(-106.064327086239,10.,49.4821651130743));
#13493=CARTESIAN_POINT('',(-69.7355000491206,16.7567152416637,42.7254498714106));
#13494=CARTESIAN_POINT('',(-85.3010761921476,5.85758148973904,53.6245836233353));
#13495=CARTESIAN_POINT('',(-126.064327086239,16.7567152416637,42.7254498714106));
#13496=CARTESIAN_POINT('',(-126.064327086239,10.,49.4821651130743));
#13497=CARTESIAN_POINT('Origin',(-126.064327086239,15.3425016792906,41.3112363090375));
#13498=CARTESIAN_POINT('',(-84.5318316263753,27.1172181499078,53.0859527796546));
#13499=CARTESIAN_POINT('Origin',(-86.0643270862385,3.06432708623839,82.1673191813113));
#13500=CARTESIAN_POINT('',(-86.0643270862385,3.06432708623852,45.4178380268358));
#13501=CARTESIAN_POINT('',(-86.0643270862385,3.06432708623867,-0.735764363510476));
#13502=CARTESIAN_POINT('',(-79.0643270862385,3.06432708623852,45.4178380268358));
#13503=CARTESIAN_POINT('',(-106.064327086239,3.06432708623852,45.4178380268358));
#13504=CARTESIAN_POINT('',(-79.0643270862385,3.0643270862385,49.2575648854551));
#13505=CARTESIAN_POINT('',(-79.0643270862385,3.06432708623867,-0.735764363510476));
#13506=CARTESIAN_POINT('',(-88.3117296133818,3.06432708623848,55.7326658438203));
#13507=CARTESIAN_POINT('Origin',(-126.064327086239,10.,-0.73576436351086));
#13508=CARTESIAN_POINT('Origin',(-119.064327086239,7.53216354311919,40.7157774089002));
#13509=CARTESIAN_POINT('',(-119.064327086239,10.,38.4821651130743));
#13510=CARTESIAN_POINT('',(-119.064327086239,11.1423352608754,37.3398298521989));
#13511=CARTESIAN_POINT('',(-119.064327086239,10.,82.1673191813109));
#13512=CARTESIAN_POINT('Origin',(-77.3995350070384,6.53216354311919,48.0918649220473));
#13513=CARTESIAN_POINT('',(-86.0643270862385,10.,54.159017652923));
#13514=CARTESIAN_POINT('',(-68.835875651515,10.,42.0955260866497));
#13515=CARTESIAN_POINT('',(-86.0643270862385,7.03216354311919,54.159017652923));
#13516=CARTESIAN_POINT('',(-79.0643270862385,7.03216354311919,49.2575648854551));
#13517=CARTESIAN_POINT('Origin',(-86.0643270862385,10.,-0.73576436351086));
#13518=CARTESIAN_POINT('',(-86.0643270862385,10.,82.1673191813109));
#13519=CARTESIAN_POINT('Origin',(-86.0643270862385,7.53216354311919,40.7157774089002));
#13520=CARTESIAN_POINT('Origin',(-126.064327086239,14.6353948981041,33.8467702149702));
#13521=CARTESIAN_POINT('',(-126.064327086239,16.7567152416637,31.7254498714106));
#13522=CARTESIAN_POINT('',(-126.064327086239,10.,38.4821651130743));
#13523=CARTESIAN_POINT('',(-79.0643270862385,10.,38.4821651130743));
#13524=CARTESIAN_POINT('',(-79.0643270862385,11.1423352608754,37.3398298521989));
#13525=CARTESIAN_POINT('',(-86.0643270862385,10.,38.4821651130743));
#13526=CARTESIAN_POINT('',(-86.0643270862385,11.1423352608754,37.3398298521989));
#13527=CARTESIAN_POINT('',(-106.064327086239,10.,38.4821651130743));
#13528=CARTESIAN_POINT('Origin',(-126.064327086239,15.3425016792906,30.3112363090375));
#13529=CARTESIAN_POINT('Origin',(-119.064327086239,7.53216354311919,40.7157774089002));
#13530=CARTESIAN_POINT('',(-119.064327086239,10.,82.1673191813109));
#13531=CARTESIAN_POINT('Origin',(-126.064327086239,10.,-0.73576436351086));
#13532=CARTESIAN_POINT('Origin',(-86.0643270862385,7.53216354311919,40.7157774089002));
#13533=CARTESIAN_POINT('',(-86.0643270862385,10.,82.1673191813109));
#13534=CARTESIAN_POINT('Origin',(-86.0643270862385,7.53216354311919,40.7157774089002));
#13535=CARTESIAN_POINT('',(-86.0643270862385,10.,82.1673191813109));
#13536=CARTESIAN_POINT('',(-86.0643270862385,3.06432708623867,-0.735764363510476));
#13537=CARTESIAN_POINT('Origin',(-86.0643270862385,10.,-0.73576436351086));
#13538=CARTESIAN_POINT('',(-79.0643270862385,10.,82.1673191813109));
#13539=CARTESIAN_POINT('Origin',(-86.0643270862385,10.,-0.73576436351086));
#13540=CARTESIAN_POINT('',(-79.0643270862385,10.,82.1673191813109));
#13541=CARTESIAN_POINT('Origin',(-79.0643270862385,7.53216354311919,40.7157774089002));
#13542=CARTESIAN_POINT('Origin',(-126.064327086239,0.493259274373153,34.160478713955));
#13543=CARTESIAN_POINT('',(-119.064327086239,10.,24.6537379883281));
#13544=CARTESIAN_POINT('',(-119.064327086239,0.614160667823351,34.0395773205048));
#13545=CARTESIAN_POINT('',(-126.064327086239,10.,24.6537379883281));
#13546=CARTESIAN_POINT('',(-43.9264207448787,10.,24.6537379883281));
#13547=CARTESIAN_POINT('',(-77.134206872207,-13.2523421736112,47.9060801619393));
#13548=CARTESIAN_POINT('',(-46.0643270862385,10.,24.6537379883281));
#13549=CARTESIAN_POINT('',(-86.0643270862385,10.,24.6537379883281));
#13550=CARTESIAN_POINT('',(-46.0643270862385,8.50302186379349,26.1507161245346));
#13551=CARTESIAN_POINT('',(-46.0643270862385,0.614160667823351,34.0395773205048));
#13552=CARTESIAN_POINT('',(-57.5034535627967,0.493259274373153,34.160478713955));
#13553=CARTESIAN_POINT('',(-77.134206872207,-13.2523421736112,47.9060801619393));
#13554=CARTESIAN_POINT('',(-126.064327086239,0.493259274373153,34.160478713955));
#13555=CARTESIAN_POINT('',(-86.0643270862385,3.06432708623856,31.5894109020896));
#13556=CARTESIAN_POINT('',(-86.0643270862385,10.,24.6537379883281));
#13557=CARTESIAN_POINT('',(-86.0643270862385,0.614160667823351,34.0395773205048));
#13558=CARTESIAN_POINT('',(-79.0643270862385,3.06432708623856,31.5894109020896));
#13559=CARTESIAN_POINT('',(-106.064327086239,3.06432708623857,31.5894109020896));
#13560=CARTESIAN_POINT('',(-79.0643270862385,10.,24.6537379883281));
#13561=CARTESIAN_POINT('',(-79.0643270862385,0.614160667823351,34.0395773205048));
#13562=CARTESIAN_POINT('',(-106.064327086239,10.,24.6537379883281));
#13563=CARTESIAN_POINT('Origin',(-126.064327086239,1.90747283674624,35.5746922763281));
#13564=CARTESIAN_POINT('',(-80.1340626734624,16.3393823679385,50.0066018075204));
#13565=CARTESIAN_POINT('Origin',(-77.3995350070384,6.53216354311919,48.0918649220473));
#13566=CARTESIAN_POINT('',(-46.0643270862385,3.06432708623858,26.1507161245346));
#13567=CARTESIAN_POINT('',(-46.0643270862385,7.03216354311919,26.1507161245346));
#13568=CARTESIAN_POINT('',(-42.1613726783407,3.06432708623859,23.4178380268358));
#13569=CARTESIAN_POINT('',(-74.8915281801251,3.06432708623851,46.3357396359612));
#13570=CARTESIAN_POINT('',(-43.8135317688443,1.90747283674626,24.5746922763281));
#13571=CARTESIAN_POINT('',(-67.8010245600401,-14.8887504384001,41.3709155514745));
#13572=CARTESIAN_POINT('',(-41.7938254886335,0.493259274373169,23.160478713955));
#13573=CARTESIAN_POINT('',(-74.3007121294266,23.2548263439849,45.9220457835668));
#13574=CARTESIAN_POINT('',(-20.5869095464201,15.3425016792907,8.31123630903748));
#13575=CARTESIAN_POINT('',(-71.3008563281712,-20.1677861496576,43.8215241379857));
#13576=CARTESIAN_POINT('',(-22.6066158266308,16.7567152416638,9.72544987141057));
#13577=CARTESIAN_POINT('',(-67.0317799942678,47.863550078047,40.8322847077938));
#13578=CARTESIAN_POINT('',(-39.0643270862385,5.23290175600767,21.2492633570667));
#13579=CARTESIAN_POINT('',(-67.8010245600401,-14.8887504384001,41.3709155514745));
#13580=CARTESIAN_POINT('',(-39.0643270862385,10.,21.2492633570667));
#13581=CARTESIAN_POINT('',(-39.0643270862385,7.03216354311919,21.2492633570667));
#13582=CARTESIAN_POINT('',(-55.4156742182583,10.,32.6985998787907));
#13583=CARTESIAN_POINT('Origin',(-126.064327086239,10.,-0.73576436351086));
#13584=CARTESIAN_POINT('Origin',(-119.064327086239,7.53216354311919,40.7157774089002));
#13585=CARTESIAN_POINT('',(-119.064327086239,10.,16.4821651130743));
#13586=CARTESIAN_POINT('',(-119.064327086239,5.64233526087539,20.839829852199));
#13587=CARTESIAN_POINT('',(-119.064327086239,10.,82.1673191813109));
#13588=CARTESIAN_POINT('Origin',(-79.0643270862385,7.53216354311919,40.7157774089002));
#13589=CARTESIAN_POINT('',(-79.0643270862385,3.06432708623867,-0.735764363510476));
#13590=CARTESIAN_POINT('Origin',(-79.0643270862385,7.53216354311919,40.7157774089002));
#13591=CARTESIAN_POINT('',(-79.0643270862385,3.06432708623859,23.4178380268358));
#13592=CARTESIAN_POINT('',(-79.0643270862385,3.06432708623867,-0.735764363510476));
#13593=CARTESIAN_POINT('',(-79.0643270862385,10.,16.4821651130743));
#13594=CARTESIAN_POINT('',(-79.0643270862385,5.64233526087539,20.839829852199));
#13595=CARTESIAN_POINT('',(-79.0643270862385,10.,82.1673191813109));
#13596=CARTESIAN_POINT('Origin',(-86.0643270862385,3.06432708623839,82.1673191813113));
#13597=CARTESIAN_POINT('Origin',(-86.0643270862385,3.06432708623839,82.1673191813113));
#13598=CARTESIAN_POINT('',(-86.0643270862385,3.06432708623859,23.4178380268358));
#13599=CARTESIAN_POINT('',(-86.0643270862385,3.06432708623867,-0.735764363510476));
#13600=CARTESIAN_POINT('',(-106.064327086239,3.06432708623859,23.4178380268358));
#13601=CARTESIAN_POINT('Origin',(-126.064327086239,15.3425016792907,8.31123630903748));
#13602=CARTESIAN_POINT('',(-126.064327086239,15.3425016792907,8.31123630903748));
#13603=CARTESIAN_POINT('',(-126.064327086239,16.7567152416638,9.72544987141058));
#13604=CARTESIAN_POINT('Origin',(-126.064327086239,0.493259274373169,23.160478713955));
#13605=CARTESIAN_POINT('',(-119.064327086239,10.,13.6537379883282));
#13606=CARTESIAN_POINT('',(-119.064327086239,-2.13583933217663,25.7895773205048));
#13607=CARTESIAN_POINT('',(-126.064327086239,10.,13.6537379883282));
#13608=CARTESIAN_POINT('',(-126.064327086239,0.493259274373169,23.160478713955));
#13609=CARTESIAN_POINT('',(-79.0643270862385,10.,13.6537379883282));
#13610=CARTESIAN_POINT('',(-79.0643270862385,3.0643270862386,20.5894109020895));
#13611=CARTESIAN_POINT('',(-79.0643270862385,-2.13583933217663,25.7895773205048));
#13612=CARTESIAN_POINT('',(-86.0643270862385,10.,13.6537379883282));
#13613=CARTESIAN_POINT('',(-106.064327086239,10.,13.6537379883282));
#13614=CARTESIAN_POINT('',(-86.0643270862385,3.0643270862386,20.5894109020895));
#13615=CARTESIAN_POINT('',(-86.0643270862385,-2.13583933217663,25.7895773205048));
#13616=CARTESIAN_POINT('',(-106.064327086239,3.06432708623861,20.5894109020895));
#13617=CARTESIAN_POINT('',(-39.0643270862385,10.,13.6537379883282));
#13618=CARTESIAN_POINT('',(-39.0643270862385,3.0643270862386,20.5894109020895));
#13619=CARTESIAN_POINT('',(-39.0643270862385,-2.13583933217663,25.7895773205048));
#13620=CARTESIAN_POINT('',(-46.0643270862385,10.,13.6537379883282));
#13621=CARTESIAN_POINT('',(-86.0643270862385,10.,13.6537379883282));
#13622=CARTESIAN_POINT('',(-46.0643270862385,3.0643270862386,20.5894109020895));
#13623=CARTESIAN_POINT('',(-46.0643270862385,-2.13583933217663,25.7895773205048));
#13624=CARTESIAN_POINT('',(-86.0643270862385,3.06432708623861,20.5894109020895));
#13625=CARTESIAN_POINT('Origin',(-126.064327086239,1.90747283674626,24.5746922763281));
#13626=CARTESIAN_POINT('',(-126.064327086239,1.90747283674626,24.5746922763281));
#13627=CARTESIAN_POINT('Origin',(-126.064327086239,14.6353948981041,11.8467702149702));
#13628=CARTESIAN_POINT('',(-46.0643270862385,3.06432708623859,23.4178380268358));
#13629=CARTESIAN_POINT('',(-86.0643270862385,3.06432708623859,23.4178380268358));
#13630=CARTESIAN_POINT('',(-46.0643270862385,10.,16.4821651130743));
#13631=CARTESIAN_POINT('',(-46.0643270862385,5.64233526087539,20.839829852199));
#13632=CARTESIAN_POINT('',(-39.0643270862385,10.,16.4821651130743));
#13633=CARTESIAN_POINT('',(-86.0643270862385,10.,16.4821651130743));
#13634=CARTESIAN_POINT('',(-39.0643270862385,5.64233526087539,20.839829852199));
#13635=CARTESIAN_POINT('',(-126.064327086239,10.,16.4821651130743));
#13636=CARTESIAN_POINT('',(-86.0643270862385,10.,16.4821651130743));
#13637=CARTESIAN_POINT('',(-86.0643270862385,5.64233526087539,20.839829852199));
#13638=CARTESIAN_POINT('',(-106.064327086239,10.,16.4821651130743));
#13639=CARTESIAN_POINT('Origin',(-46.0643270862385,3.06432708623839,82.1673191813113));
#13640=CARTESIAN_POINT('',(-46.0643270862385,3.06432708623867,-0.735764363510476));
#13641=CARTESIAN_POINT('Origin',(-46.0643270862385,7.53216354311919,40.7157774089002));
#13642=CARTESIAN_POINT('',(-46.0643270862385,10.,82.1673191813109));
#13643=CARTESIAN_POINT('Origin',(-46.0643270862385,7.53216354311919,40.7157774089002));
#13644=CARTESIAN_POINT('',(-46.0643270862385,10.,82.1673191813109));
#13645=CARTESIAN_POINT('',(-46.0643270862385,3.06432708623867,-0.735764363510476));
#13646=CARTESIAN_POINT('Origin',(-46.0643270862385,10.,-0.73576436351086));
#13647=CARTESIAN_POINT('',(-39.0643270862385,10.,82.1673191813109));
#13648=CARTESIAN_POINT('Origin',(-46.0643270862385,10.,-0.73576436351086));
#13649=CARTESIAN_POINT('',(-39.0643270862385,10.,82.1673191813109));
#13650=CARTESIAN_POINT('Origin',(-39.0643270862385,7.53216354311919,40.7157774089002));
#13651=CARTESIAN_POINT('Origin',(-119.064327086239,7.53216354311919,40.7157774089002));
#13652=CARTESIAN_POINT('',(-119.064327086239,10.,82.1673191813109));
#13653=CARTESIAN_POINT('Origin',(-126.064327086239,10.,-0.73576436351086));
#13654=CARTESIAN_POINT('Origin',(-86.0643270862385,7.53216354311919,40.7157774089002));
#13655=CARTESIAN_POINT('',(-86.0643270862385,10.,82.1673191813109));
#13656=CARTESIAN_POINT('Origin',(-86.0643270862385,7.53216354311919,40.7157774089002));
#13657=CARTESIAN_POINT('',(-86.0643270862385,10.,82.1673191813109));
#13658=CARTESIAN_POINT('',(-86.0643270862385,3.06432708623867,-0.735764363510476));
#13659=CARTESIAN_POINT('Origin',(-86.0643270862385,10.,-0.73576436351086));
#13660=CARTESIAN_POINT('Origin',(-86.0643270862385,10.,-0.73576436351086));
#13661=CARTESIAN_POINT('',(-79.0643270862385,10.,82.1673191813109));
#13662=CARTESIAN_POINT('Origin',(-66.9988788962645,7.56432708623866,40.8092471109565));
#13663=CARTESIAN_POINT('',(-8.06432708623852,13.1109083157625,-0.457170327434333));
#13664=CARTESIAN_POINT('',(-8.06432708623852,7.56432708623866,-0.45717032743434));
#13665=CARTESIAN_POINT('',(-26.0841974144702,0.493259274373185,12.160478713955));
#13666=CARTESIAN_POINT('',(-68.4673615853908,30.1702703200313,41.8374897596132));
#13667=CARTESIAN_POINT('',(-65.4675057841354,-27.0832301257039,39.7369681140321));
#13668=CARTESIAN_POINT('Origin',(-126.064327086239,0.493259274373185,12.160478713955));
#13669=CARTESIAN_POINT('',(-119.064327086239,10.,2.65373798832816));
#13670=CARTESIAN_POINT('',(-119.064327086239,-4.88583933217663,17.5395773205048));
#13671=CARTESIAN_POINT('',(-126.064327086239,10.,2.65373798832817));
#13672=CARTESIAN_POINT('',(-8.06432708623852,15.3425016792907,-2.68876369096252));
#13673=CARTESIAN_POINT('',(-126.064327086239,15.3425016792907,-2.68876369096252));
#13674=CARTESIAN_POINT('',(-8.06432708623852,0.493259274373185,12.160478713955));
#13675=CARTESIAN_POINT('',(-126.064327086239,0.493259274373185,12.160478713955));
#13676=CARTESIAN_POINT('',(-79.0643270862385,3.06432708623864,9.58941090208952));
#13677=CARTESIAN_POINT('',(-86.0643270862385,3.06432708623864,9.58941090208952));
#13678=CARTESIAN_POINT('',(-106.064327086239,3.06432708623864,9.58941090208951));
#13679=CARTESIAN_POINT('',(-79.0643270862385,10.,2.65373798832816));
#13680=CARTESIAN_POINT('',(-79.0643270862385,-4.88583933217663,17.5395773205048));
#13681=CARTESIAN_POINT('',(-86.0643270862385,10.,2.65373798832816));
#13682=CARTESIAN_POINT('',(-106.064327086239,10.,2.65373798832817));
#13683=CARTESIAN_POINT('',(-86.0643270862385,-4.88583933217663,17.5395773205048));
#13684=CARTESIAN_POINT('',(-39.0643270862385,3.06432708623864,9.58941090208952));
#13685=CARTESIAN_POINT('',(-46.0643270862385,3.06432708623864,9.58941090208952));
#13686=CARTESIAN_POINT('',(-86.0643270862385,3.06432708623864,9.58941090208951));
#13687=CARTESIAN_POINT('',(-39.0643270862385,10.,2.65373798832816));
#13688=CARTESIAN_POINT('',(-39.0643270862385,-4.88583933217663,17.5395773205048));
#13689=CARTESIAN_POINT('',(-46.0643270862385,10.,2.65373798832816));
#13690=CARTESIAN_POINT('',(-86.0643270862385,10.,2.65373798832817));
#13691=CARTESIAN_POINT('',(-46.0643270862385,-4.88583933217663,17.5395773205048));
#13692=CARTESIAN_POINT('Origin',(-126.064327086239,1.90747283674628,13.5746922763281));
#13693=CARTESIAN_POINT('Origin',(-126.064327086239,15.3425016792907,-2.68876369096252));
#13694=CARTESIAN_POINT('',(-8.06432708623852,15.696055069884,-2.33521030036925));
#13695=CARTESIAN_POINT('Origin',(-8.06432708623852,7.56432708623866,6.50362446446259));
#13696=CARTESIAN_POINT('Origin',(-39.0643270862385,7.53216354311919,40.7157774089002));
#13697=CARTESIAN_POINT('',(-39.0643270862385,3.06432708623867,-0.735764363510476));
#13698=CARTESIAN_POINT('Origin',(-39.0643270862385,7.53216354311919,40.7157774089002));
#13699=CARTESIAN_POINT('',(-39.0643270862385,3.06432708623867,-0.735764363510875));
#13700=CARTESIAN_POINT('',(-39.0643270862385,10.,-0.73576436351086));
#13701=CARTESIAN_POINT('Origin',(-46.0643270862385,10.,-0.73576436351086));
#13702=CARTESIAN_POINT('',(-46.0643270862385,10.,-0.73576436351086));
#13703=CARTESIAN_POINT('Origin',(-46.0643270862385,3.06432708623839,82.1673191813113));
#13704=CARTESIAN_POINT('Origin',(-46.0643270862385,3.06432708623839,82.1673191813113));
#13705=CARTESIAN_POINT('',(-46.0643270862385,3.06432708623867,-0.735764363510476));
#13706=CARTESIAN_POINT('Origin',(-46.0643270862385,7.53216354311919,40.7157774089002));
#13707=CARTESIAN_POINT('Origin',(-126.064327086239,10.,-0.73576436351086));
#13708=CARTESIAN_POINT('Origin',(-126.064327086239,10.,-0.73576436351086));
#13709=CARTESIAN_POINT('',(-119.064327086239,10.,-0.73576436351086));
#13710=CARTESIAN_POINT('',(-119.064327086239,10.,82.1673191813109));
#13711=CARTESIAN_POINT('',(-126.064327086239,10.,-0.73576436351086));
#13712=CARTESIAN_POINT('Origin',(-119.064327086239,7.53216354311919,40.7157774089002));
#13713=CARTESIAN_POINT('',(-119.064327086239,5.06432708623867,-0.735764363510869));
#13714=CARTESIAN_POINT('Origin',(-126.064327086239,5.06432708623867,-0.735764363510869));
#13715=CARTESIAN_POINT('Origin',(-79.0643270862385,7.53216354311919,40.7157774089002));
#13716=CARTESIAN_POINT('',(-79.0643270862385,3.06432708623867,-0.735764363510476));
#13717=CARTESIAN_POINT('Origin',(-79.0643270862385,7.53216354311919,40.7157774089002));
#13718=CARTESIAN_POINT('',(-79.0643270862385,3.06432708623867,-0.735764363510875));
#13719=CARTESIAN_POINT('',(-79.0643270862385,10.,-0.73576436351086));
#13720=CARTESIAN_POINT('Origin',(-86.0643270862385,10.,-0.73576436351086));
#13721=CARTESIAN_POINT('',(-86.0643270862385,10.,-0.73576436351086));
#13722=CARTESIAN_POINT('Origin',(-86.0643270862385,3.06432708623839,82.1673191813113));
#13723=CARTESIAN_POINT('Origin',(-86.0643270862385,3.06432708623839,82.1673191813113));
#13724=CARTESIAN_POINT('',(-86.0643270862385,3.06432708623867,-0.735764363510476));
#13725=CARTESIAN_POINT('Origin',(-86.0643270862385,7.53216354311919,40.7157774089002));
#13726=CARTESIAN_POINT('Origin',(-46.0643270862385,-135.064327086239,-5.73576436351086));
#13727=CARTESIAN_POINT('',(-46.0643270862385,-140.,-5.73576436351086));
#13728=CARTESIAN_POINT('',(-46.0643270862385,-133.064327086239,-5.73576436351088));
#13729=CARTESIAN_POINT('',(-46.0643270862385,-135.064327086239,-5.73576436351087));
#13730=CARTESIAN_POINT('',(-39.0643270862385,-133.064327086239,-5.73576436351088));
#13731=CARTESIAN_POINT('',(-46.0643270862385,-133.064327086239,-5.73576436351088));
#13732=CARTESIAN_POINT('',(-39.0643270862385,-140.,-5.73576436351086));
#13733=CARTESIAN_POINT('',(-39.0643270862385,-135.064327086239,-5.73576436351087));
#13734=CARTESIAN_POINT('',(-46.0643270862385,-140.,-5.73576436351086));
#13735=CARTESIAN_POINT('Origin',(-86.0643270862385,-135.064327086239,-5.73576436351086));
#13736=CARTESIAN_POINT('',(-86.0643270862385,-140.,-5.73576436351086));
#13737=CARTESIAN_POINT('',(-86.0643270862385,-133.064327086239,-5.73576436351088));
#13738=CARTESIAN_POINT('',(-86.0643270862385,-135.064327086239,-5.73576436351087));
#13739=CARTESIAN_POINT('',(-79.0643270862385,-133.064327086239,-5.73576436351088));
#13740=CARTESIAN_POINT('',(-86.0643270862385,-133.064327086239,-5.73576436351088));
#13741=CARTESIAN_POINT('',(-79.0643270862385,-140.,-5.73576436351086));
#13742=CARTESIAN_POINT('',(-79.0643270862385,-135.064327086239,-5.73576436351087));
#13743=CARTESIAN_POINT('',(-86.0643270862385,-140.,-5.73576436351086));
#13744=CARTESIAN_POINT('Origin',(-126.064327086239,-137.532163543119,40.7157774089002));
#13745=CARTESIAN_POINT('',(-126.064327086239,-133.064327086238,82.1673191813113));
#13746=CARTESIAN_POINT('',(-126.064327086239,-133.064327086239,-0.735764363510875));
#13747=CARTESIAN_POINT('',(-126.064327086239,-133.064327086239,-0.735764363510476));
#13748=CARTESIAN_POINT('',(-126.064327086239,-140.,-0.73576436351086));
#13749=CARTESIAN_POINT('',(-126.064327086239,-135.064327086239,-0.735764363510869));
#13750=CARTESIAN_POINT('',(-126.064327086239,-140.,2.65373798832817));
#13751=CARTESIAN_POINT('',(-126.064327086239,-140.,82.1673191813109));
#13752=CARTESIAN_POINT('',(-126.064327086239,-140.,5.48216511307436));
#13753=CARTESIAN_POINT('',(-126.064327086239,-140.,21.6847576986142));
#13754=CARTESIAN_POINT('',(-126.064327086239,-140.,13.6537379883282));
#13755=CARTESIAN_POINT('',(-126.064327086239,-140.,82.1673191813109));
#13756=CARTESIAN_POINT('',(-126.064327086239,-140.,16.4821651130743));
#13757=CARTESIAN_POINT('',(-126.064327086239,-140.,27.1847576986142));
#13758=CARTESIAN_POINT('',(-126.064327086239,-140.,24.6537379883281));
#13759=CARTESIAN_POINT('',(-126.064327086239,-140.,82.1673191813109));
#13760=CARTESIAN_POINT('',(-126.064327086239,-140.,27.4821651130743));
#13761=CARTESIAN_POINT('',(-126.064327086239,-140.,32.6847576986142));
#13762=CARTESIAN_POINT('',(-126.064327086239,-140.,35.6537379883281));
#13763=CARTESIAN_POINT('',(-126.064327086239,-140.,82.1673191813109));
#13764=CARTESIAN_POINT('',(-126.064327086239,-140.,38.4821651130743));
#13765=CARTESIAN_POINT('',(-126.064327086239,-140.,38.1847576986142));
#13766=CARTESIAN_POINT('',(-126.064327086239,-140.,46.6537379883281));
#13767=CARTESIAN_POINT('',(-126.064327086239,-140.,82.1673191813109));
#13768=CARTESIAN_POINT('',(-126.064327086239,-140.,49.4821651130743));
#13769=CARTESIAN_POINT('',(-126.064327086239,-140.,43.6847576986142));
#13770=CARTESIAN_POINT('',(-126.064327086239,-140.,57.6537379883281));
#13771=CARTESIAN_POINT('',(-126.064327086239,-140.,82.1673191813109));
#13772=CARTESIAN_POINT('',(-126.064327086239,-140.,60.4821651130743));
#13773=CARTESIAN_POINT('',(-126.064327086239,-140.,49.1847576986142));
#13774=CARTESIAN_POINT('',(-126.064327086239,-140.,68.6537379883281));
#13775=CARTESIAN_POINT('',(-126.064327086239,-140.,82.1673191813109));
#13776=CARTESIAN_POINT('',(-126.064327086239,-140.,71.4821651130743));
#13777=CARTESIAN_POINT('',(-126.064327086239,-140.,54.6847576986141));
#13778=CARTESIAN_POINT('',(-126.064327086239,-140.,82.1673191813109));
#13779=CARTESIAN_POINT('',(-126.064327086239,-140.,82.1673191813109));
#13780=CARTESIAN_POINT('',(-126.064327086239,-135.,82.1673191813109));
#13781=CARTESIAN_POINT('Origin',(-126.064327086239,-144.635394898104,0.846770214970213));
#13782=CARTESIAN_POINT('',(-8.06432708623852,-146.756715241664,-1.27455012858943));
#13783=CARTESIAN_POINT('',(-8.06432708623851,-145.939335440509,-0.457170327434337));
#13784=CARTESIAN_POINT('',(-8.06432708623852,-141.453414382765,4.02875073030968));
#13785=CARTESIAN_POINT('',(-28.103903694681,-131.907472836746,13.5746922763281));
#13786=CARTESIAN_POINT('',(-61.9676740160043,-108.195805585554,37.2863595275209));
#13787=CARTESIAN_POINT('',(-119.064327086239,-131.907472836746,13.5746922763281));
#13788=CARTESIAN_POINT('',(-126.064327086239,-131.907472836746,13.5746922763281));
#13789=CARTESIAN_POINT('',(-119.064327086239,-133.064327086239,12.4178380268357));
#13790=CARTESIAN_POINT('',(-119.064327086239,-142.745494636792,2.73667047628278));
#13791=CARTESIAN_POINT('',(-119.064327086239,-140.,5.48216511307436));
#13792=CARTESIAN_POINT('',(-119.064327086239,-132.892335260875,12.5898298521989));
#13793=CARTESIAN_POINT('',(-126.064327086239,-140.,5.48216511307436));
#13794=CARTESIAN_POINT('',(-131.064327086239,-140.,5.48216511307436));
#13795=CARTESIAN_POINT('',(-126.064327086239,-140.,5.48216511307436));
#13796=CARTESIAN_POINT('',(-131.064327086239,-146.756715241664,-1.27455012858943));
#13797=CARTESIAN_POINT('',(-131.064327086239,-140.,5.48216511307436));
#13798=CARTESIAN_POINT('',(-126.064327086239,-146.756715241664,-1.27455012858943));
#13799=CARTESIAN_POINT('',(-46.0643270862385,-133.064327086239,12.4178380268357));
#13800=CARTESIAN_POINT('',(-39.0643270862385,-133.064327086239,12.4178380268357));
#13801=CARTESIAN_POINT('',(-86.0643270862385,-133.064327086239,12.4178380268357));
#13802=CARTESIAN_POINT('',(-39.0643270862385,-140.,5.48216511307436));
#13803=CARTESIAN_POINT('',(-39.0643270862385,-132.892335260875,12.5898298521989));
#13804=CARTESIAN_POINT('',(-46.0643270862385,-140.,5.48216511307436));
#13805=CARTESIAN_POINT('',(-86.0643270862385,-140.,5.48216511307436));
#13806=CARTESIAN_POINT('',(-46.0643270862385,-132.892335260875,12.5898298521989));
#13807=CARTESIAN_POINT('',(-86.0643270862385,-133.064327086239,12.4178380268357));
#13808=CARTESIAN_POINT('',(-79.0643270862385,-133.064327086239,12.4178380268357));
#13809=CARTESIAN_POINT('',(-106.064327086239,-133.064327086239,12.4178380268357));
#13810=CARTESIAN_POINT('',(-79.0643270862385,-140.,5.48216511307436));
#13811=CARTESIAN_POINT('',(-79.0643270862385,-132.892335260875,12.5898298521989));
#13812=CARTESIAN_POINT('',(-86.0643270862385,-140.,5.48216511307436));
#13813=CARTESIAN_POINT('',(-106.064327086239,-140.,5.48216511307436));
#13814=CARTESIAN_POINT('',(-86.0643270862385,-132.892335260875,12.5898298521989));
#13815=CARTESIAN_POINT('Origin',(-126.064327086239,-140.,2.65373798832817));
#13816=CARTESIAN_POINT('',(-131.064327086239,-140.,2.65373798832817));
#13817=CARTESIAN_POINT('',(-126.064327086239,-140.,2.65373798832817));
#13818=CARTESIAN_POINT('',(-131.064327086239,-140.,5.41783802683568));
#13819=CARTESIAN_POINT('Origin',(-131.064327086239,-142.317697449052,2.45736088283574));
#13820=CARTESIAN_POINT('',(-131.064327086239,-145.342501679291,-2.68876369096252));
#13821=CARTESIAN_POINT('',(-131.064327086239,-143.221181335731,-0.567443347402881));
#13822=CARTESIAN_POINT('',(-131.064327086239,-145.872831765181,-2.15843360507261));
#13823=CARTESIAN_POINT('Origin',(-126.064327086239,-140.,46.6537379883281));
#13824=CARTESIAN_POINT('',(-131.064327086239,-140.,46.6537379883281));
#13825=CARTESIAN_POINT('',(-126.064327086239,-140.,46.6537379883281));
#13826=CARTESIAN_POINT('',(-131.064327086239,-140.,49.4821651130743));
#13827=CARTESIAN_POINT('',(-131.064327086239,-140.,49.4178380268356));
#13828=CARTESIAN_POINT('',(-126.064327086239,-140.,49.4821651130743));
#13829=CARTESIAN_POINT('Origin',(-131.064327086239,-142.317697449052,46.4573608828357));
#13830=CARTESIAN_POINT('',(-131.064327086239,-145.342501679291,41.3112363090375));
#13831=CARTESIAN_POINT('',(-131.064327086239,-143.221181335731,43.4325566525971));
#13832=CARTESIAN_POINT('',(-131.064327086239,-146.756715241664,42.7254498714106));
#13833=CARTESIAN_POINT('',(-131.064327086239,-145.872831765181,41.8415663949274));
#13834=CARTESIAN_POINT('',(-131.064327086239,-140.,49.4821651130743));
#13835=CARTESIAN_POINT('Origin',(-126.064327086239,-140.,57.6537379883281));
#13836=CARTESIAN_POINT('',(-131.064327086239,-140.,57.6537379883281));
#13837=CARTESIAN_POINT('',(-126.064327086239,-140.,57.6537379883281));
#13838=CARTESIAN_POINT('',(-131.064327086239,-140.,60.4821651130743));
#13839=CARTESIAN_POINT('',(-131.064327086239,-140.,60.4178380268356));
#13840=CARTESIAN_POINT('',(-126.064327086239,-140.,60.4821651130743));
#13841=CARTESIAN_POINT('Origin',(-131.064327086239,-142.317697449052,57.4573608828357));
#13842=CARTESIAN_POINT('',(-131.064327086239,-145.342501679291,52.3112363090375));
#13843=CARTESIAN_POINT('',(-131.064327086239,-143.221181335731,54.4325566525971));
#13844=CARTESIAN_POINT('',(-131.064327086239,-146.756715241664,53.7254498714106));
#13845=CARTESIAN_POINT('',(-131.064327086239,-145.872831765181,52.8415663949274));
#13846=CARTESIAN_POINT('',(-131.064327086239,-140.,60.4821651130743));
#13847=CARTESIAN_POINT('Origin',(-126.064327086239,-140.,13.6537379883282));
#13848=CARTESIAN_POINT('',(-131.064327086239,-140.,13.6537379883282));
#13849=CARTESIAN_POINT('',(-126.064327086239,-140.,13.6537379883282));
#13850=CARTESIAN_POINT('',(-131.064327086239,-140.,16.4821651130743));
#13851=CARTESIAN_POINT('',(-131.064327086239,-140.,16.4178380268357));
#13852=CARTESIAN_POINT('',(-126.064327086239,-140.,16.4821651130743));
#13853=CARTESIAN_POINT('Origin',(-131.064327086239,-142.317697449052,13.4573608828357));
#13854=CARTESIAN_POINT('',(-131.064327086239,-145.342501679291,8.31123630903748));
#13855=CARTESIAN_POINT('',(-131.064327086239,-143.221181335731,10.4325566525971));
#13856=CARTESIAN_POINT('',(-131.064327086239,-146.756715241664,9.72544987141058));
#13857=CARTESIAN_POINT('',(-131.064327086239,-145.872831765181,8.84156639492739));
#13858=CARTESIAN_POINT('',(-131.064327086239,-140.,16.4821651130743));
#13859=CARTESIAN_POINT('Origin',(-126.064327086239,-140.,35.6537379883281));
#13860=CARTESIAN_POINT('',(-131.064327086239,-140.,35.6537379883281));
#13861=CARTESIAN_POINT('',(-126.064327086239,-140.,35.6537379883281));
#13862=CARTESIAN_POINT('',(-131.064327086239,-140.,38.4821651130743));
#13863=CARTESIAN_POINT('',(-131.064327086239,-140.,38.4178380268356));
#13864=CARTESIAN_POINT('',(-126.064327086239,-140.,38.4821651130743));
#13865=CARTESIAN_POINT('Origin',(-131.064327086239,-142.317697449052,35.4573608828357));
#13866=CARTESIAN_POINT('',(-131.064327086239,-145.342501679291,30.3112363090375));
#13867=CARTESIAN_POINT('',(-131.064327086239,-143.221181335731,32.4325566525971));
#13868=CARTESIAN_POINT('',(-131.064327086239,-146.756715241664,31.7254498714106));
#13869=CARTESIAN_POINT('',(-131.064327086239,-145.872831765181,30.8415663949274));
#13870=CARTESIAN_POINT('',(-131.064327086239,-140.,38.4821651130743));
#13871=CARTESIAN_POINT('Origin',(-126.064327086239,-140.,68.6537379883281));
#13872=CARTESIAN_POINT('',(-131.064327086239,-140.,68.6537379883281));
#13873=CARTESIAN_POINT('',(-126.064327086239,-140.,68.6537379883281));
#13874=CARTESIAN_POINT('',(-131.064327086239,-140.,71.4821651130743));
#13875=CARTESIAN_POINT('',(-131.064327086239,-140.,66.8467702149702));
#13876=CARTESIAN_POINT('',(-126.064327086239,-140.,71.4821651130743));
#13877=CARTESIAN_POINT('Origin',(-131.064327086239,-137.564327086239,40.7157774089002));
#13878=CARTESIAN_POINT('',(-131.064327086239,-145.342501679291,63.3112363090375));
#13879=CARTESIAN_POINT('',(-131.064327086239,-143.221181335731,65.4325566525971));
#13880=CARTESIAN_POINT('',(-131.064327086239,-146.756715241664,64.7254498714106));
#13881=CARTESIAN_POINT('',(-131.064327086239,-137.749093305993,55.7178279357402));
#13882=CARTESIAN_POINT('',(-131.064327086239,-140.,71.4821651130743));
#13883=CARTESIAN_POINT('Origin',(-126.064327086239,-140.,24.6537379883281));
#13884=CARTESIAN_POINT('',(-131.064327086239,-140.,24.6537379883281));
#13885=CARTESIAN_POINT('',(-126.064327086239,-140.,24.6537379883281));
#13886=CARTESIAN_POINT('',(-131.064327086239,-140.,27.4821651130743));
#13887=CARTESIAN_POINT('',(-131.064327086239,-140.,27.4178380268357));
#13888=CARTESIAN_POINT('',(-126.064327086239,-140.,27.4821651130743));
#13889=CARTESIAN_POINT('Origin',(-131.064327086239,-142.317697449052,24.4573608828357));
#13890=CARTESIAN_POINT('',(-131.064327086239,-145.342501679291,19.3112363090375));
#13891=CARTESIAN_POINT('',(-131.064327086239,-143.221181335731,21.4325566525971));
#13892=CARTESIAN_POINT('',(-131.064327086239,-146.756715241664,20.7254498714106));
#13893=CARTESIAN_POINT('',(-131.064327086239,-145.872831765181,19.8415663949274));
#13894=CARTESIAN_POINT('',(-131.064327086239,-140.,27.4821651130743));
#13895=CARTESIAN_POINT('Origin',(-119.064327086239,-130.493259274373,-5.73576436351046));
#13896=CARTESIAN_POINT('',(-119.064327086239,-133.064327086239,77.2658664138435));
#13897=CARTESIAN_POINT('',(-119.064327086239,-131.387871574485,77.2658664138435));
#13898=CARTESIAN_POINT('',(-119.064327086239,-133.512711408746,77.2658664138435));
#13899=CARTESIAN_POINT('',(-119.064327086239,-133.064327086238,75.5894109020897));
#13900=CARTESIAN_POINT('',(-119.064327086239,-151.467320043739,57.1864179445886));
#13901=CARTESIAN_POINT('',(-119.064327086239,-133.064327086239,-5.73576436351046));
#13902=CARTESIAN_POINT('Origin',(-119.064327086239,-130.493259274373,-5.73576436351046));
#13903=CARTESIAN_POINT('',(-119.064327086239,-130.493259274373,67.1604787139549));
#13904=CARTESIAN_POINT('',(-119.064327086239,-133.064327086238,64.5894109020896));
#13905=CARTESIAN_POINT('',(-119.064327086239,-148.717320043739,48.9364179445886));
#13906=CARTESIAN_POINT('',(-119.064327086239,-133.064327086238,67.4178380268359));
#13907=CARTESIAN_POINT('',(-119.064327086239,-133.064327086239,-5.73576436351046));
#13908=CARTESIAN_POINT('',(-119.064327086239,-131.907472836746,68.5746922763281));
#13909=CARTESIAN_POINT('',(-119.064327086239,-156.495494636792,43.9866704762828));
#13910=CARTESIAN_POINT('',(-119.064327086239,-112.976305286193,49.6435247257752));
#13911=CARTESIAN_POINT('Origin',(-119.064327086239,-130.493259274373,-5.73576436351046));
#13912=CARTESIAN_POINT('',(-119.064327086239,-130.493259274373,56.1604787139549));
#13913=CARTESIAN_POINT('',(-119.064327086239,-133.064327086238,53.5894109020896));
#13914=CARTESIAN_POINT('',(-119.064327086239,-145.96732004374,40.6864179445886));
#13915=CARTESIAN_POINT('',(-119.064327086239,-133.064327086238,56.4178380268358));
#13916=CARTESIAN_POINT('',(-119.064327086239,-133.064327086239,-5.73576436351046));
#13917=CARTESIAN_POINT('',(-119.064327086239,-131.907472836746,57.5746922763281));
#13918=CARTESIAN_POINT('',(-119.064327086239,-153.745494636792,35.7366704762828));
#13919=CARTESIAN_POINT('',(-119.064327086239,-115.726305286193,41.3935247257751));
#13920=CARTESIAN_POINT('Origin',(-119.064327086239,-130.493259274373,-5.73576436351046));
#13921=CARTESIAN_POINT('',(-119.064327086239,-130.493259274373,45.1604787139549));
#13922=CARTESIAN_POINT('',(-119.064327086239,-133.064327086239,42.5894109020896));
#13923=CARTESIAN_POINT('',(-119.064327086239,-143.21732004374,32.4364179445886));
#13924=CARTESIAN_POINT('',(-119.064327086239,-133.064327086239,45.4178380268358));
#13925=CARTESIAN_POINT('',(-119.064327086239,-133.064327086239,-5.73576436351046));
#13926=CARTESIAN_POINT('',(-119.064327086239,-131.907472836746,46.5746922763281));
#13927=CARTESIAN_POINT('',(-119.064327086239,-150.995494636792,27.4866704762828));
#13928=CARTESIAN_POINT('',(-119.064327086239,-118.476305286193,33.143524725775));
#13929=CARTESIAN_POINT('Origin',(-119.064327086239,-130.493259274373,-5.73576436351046));
#13930=CARTESIAN_POINT('',(-119.064327086239,-130.493259274373,34.1604787139549));
#13931=CARTESIAN_POINT('',(-119.064327086239,-133.064327086239,31.5894109020896));
#13932=CARTESIAN_POINT('',(-119.064327086239,-140.46732004374,24.1864179445886));
#13933=CARTESIAN_POINT('',(-119.064327086239,-133.064327086239,34.4178380268358));
#13934=CARTESIAN_POINT('',(-119.064327086239,-133.064327086239,-5.73576436351046));
#13935=CARTESIAN_POINT('',(-119.064327086239,-131.907472836746,35.5746922763281));
#13936=CARTESIAN_POINT('',(-119.064327086239,-148.245494636792,19.2366704762828));
#13937=CARTESIAN_POINT('',(-119.064327086239,-121.226305286193,24.8935247257751));
#13938=CARTESIAN_POINT('Origin',(-119.064327086239,-130.493259274373,-5.73576436351046));
#13939=CARTESIAN_POINT('',(-119.064327086239,-130.493259274373,23.160478713955));
#13940=CARTESIAN_POINT('',(-119.064327086239,-133.064327086239,20.5894109020895));
#13941=CARTESIAN_POINT('',(-119.064327086239,-137.71732004374,15.9364179445886));
#13942=CARTESIAN_POINT('',(-119.064327086239,-133.064327086239,23.4178380268358));
#13943=CARTESIAN_POINT('',(-119.064327086239,-133.064327086239,-5.73576436351046));
#13944=CARTESIAN_POINT('',(-119.064327086239,-131.907472836746,24.5746922763281));
#13945=CARTESIAN_POINT('',(-119.064327086239,-145.495494636792,10.9866704762828));
#13946=CARTESIAN_POINT('',(-119.064327086239,-123.976305286193,16.6435247257751));
#13947=CARTESIAN_POINT('Origin',(-119.064327086239,-130.493259274373,-5.73576436351046));
#13948=CARTESIAN_POINT('',(-119.064327086239,-130.493259274373,12.160478713955));
#13949=CARTESIAN_POINT('',(-119.064327086239,-133.064327086239,9.58941090208952));
#13950=CARTESIAN_POINT('',(-119.064327086239,-134.96732004374,7.68641794458862));
#13951=CARTESIAN_POINT('',(-119.064327086239,-133.064327086239,-5.73576436351046));
#13952=CARTESIAN_POINT('',(-119.064327086239,-126.726305286193,8.39352472577513));
#13953=CARTESIAN_POINT('Origin',(-126.064327086239,-133.064327086238,82.1673191813113));
#13954=CARTESIAN_POINT('',(-119.064327086239,-133.064327086239,-0.735764363510875));
#13955=CARTESIAN_POINT('',(-126.064327086239,-133.064327086239,-0.735764363510875));
#13956=CARTESIAN_POINT('',(-101.731931046638,-133.064327086238,65.1295920516794));
#13957=CARTESIAN_POINT('',(-119.064327086239,-133.064327086239,-0.735764363510476));
#13958=CARTESIAN_POINT('',(-119.064327086239,-133.064327086239,-0.735764363510476));
#13959=CARTESIAN_POINT('',(-119.064327086239,-133.064327086239,-0.735764363510476));
#13960=CARTESIAN_POINT('',(-119.064327086239,-133.064327086239,-0.735764363510476));
#13961=CARTESIAN_POINT('',(-119.064327086239,-133.064327086239,-0.735764363510476));
#13962=CARTESIAN_POINT('',(-119.064327086239,-133.064327086239,-0.735764363510476));
#13963=CARTESIAN_POINT('',(-119.064327086239,-133.064327086239,-0.735764363510476));
#13964=CARTESIAN_POINT('Origin',(-77.3995350070384,-136.532163543119,48.0918649220473));
#13965=CARTESIAN_POINT('',(-119.064327086239,-140.,77.2658664138435));
#13966=CARTESIAN_POINT('',(-82.2560770847717,-140.,51.4924522945088));
#13967=CARTESIAN_POINT('',(-119.064327086239,-134.216298699231,77.2658664138435));
#13968=CARTESIAN_POINT('',(-119.064327086239,-137.032163543119,77.2658664138435));
#13969=CARTESIAN_POINT('',(-101.154756197447,-146.756715241664,64.7254498714106));
#13970=CARTESIAN_POINT('',(-96.9677772802192,-149.688469441832,61.7936956712424));
#13971=CARTESIAN_POINT('',(-99.1350499172364,-145.342501679291,63.3112363090375));
#13972=CARTESIAN_POINT('',(-96.1985327144469,-143.286330197815,61.2550648275618));
#13973=CARTESIAN_POINT('',(-100.46760904835,-144.409433730574,64.2443042577537));
#13974=CARTESIAN_POINT('Origin',(-126.064327086239,-130.493259274373,78.160478713955));
#13975=CARTESIAN_POINT('',(-126.064327086239,-145.342501679291,63.3112363090375));
#13976=CARTESIAN_POINT('',(-119.064327086239,-140.,68.6537379883281));
#13977=CARTESIAN_POINT('',(-126.064327086239,-140.,68.6537379883281));
#13978=CARTESIAN_POINT('',(-119.064327086239,-141.614160667823,67.0395773205048));
#13979=CARTESIAN_POINT('Origin',(-66.9988788962645,-137.564327086239,40.8092471109565));
#13980=CARTESIAN_POINT('',(-106.652044065497,-131.907472836746,68.5746922763281));
#13981=CARTESIAN_POINT('',(-85.4451281232839,-146.756715241664,53.7254498714106));
#13982=CARTESIAN_POINT('',(-91.1344267361834,-142.773025465785,57.7091396472889));
#13983=CARTESIAN_POINT('',(-83.4254218430731,-145.342501679291,52.3112363090375));
#13984=CARTESIAN_POINT('',(-86.6346430343005,-147.58962254917,54.5583571789173));
#13985=CARTESIAN_POINT('',(-104.632337785286,-130.493259274373,67.160478713955));
#13986=CARTESIAN_POINT('',(-94.6342585043145,-137.493989754528,60.1597482338001));
#13987=CARTESIAN_POINT('',(-97.6341143055698,-125.593050439799,62.2602698793812));
#13988=CARTESIAN_POINT('Origin',(-66.9988788962645,-137.564327086239,40.8092471109565));
#13989=CARTESIAN_POINT('',(-75.2327879171708,-131.907472836746,46.5746922763281));
#13990=CARTESIAN_POINT('',(-54.0258719749574,-146.756715241664,31.7254498714106));
#13991=CARTESIAN_POINT('',(-79.4677256481118,-128.942137513693,49.5400275993817));
#13992=CARTESIAN_POINT('',(-52.0061656947466,-145.342501679291,30.3112363090375));
#13993=CARTESIAN_POINT('',(-74.9679419462289,-161.420510501263,46.3892451310101));
#13994=CARTESIAN_POINT('',(-73.21308163696,-130.493259274373,45.160478713955));
#13995=CARTESIAN_POINT('',(-82.9675574162429,-123.663101802435,51.9906361858929));
#13996=CARTESIAN_POINT('',(-85.9674132174982,-139.423938391892,54.091157831474));
#13997=CARTESIAN_POINT('Origin',(-126.064327086239,-144.635394898104,66.8467702149702));
#13998=CARTESIAN_POINT('',(-119.064327086239,-140.,71.4821651130743));
#13999=CARTESIAN_POINT('',(-119.064327086239,-149.392335260875,62.0898298521989));
#14000=CARTESIAN_POINT('',(-126.064327086239,-140.,71.4821651130743));
#14001=CARTESIAN_POINT('',(-126.064327086239,-146.756715241664,64.7254498714106));
#14002=CARTESIAN_POINT('Origin',(-126.064327086239,-130.493259274373,67.160478713955));
#14003=CARTESIAN_POINT('',(-126.064327086239,-130.493259274373,67.160478713955));
#14004=CARTESIAN_POINT('',(-126.064327086239,-145.342501679291,52.3112363090375));
#14005=CARTESIAN_POINT('',(-119.064327086239,-140.,57.6537379883281));
#14006=CARTESIAN_POINT('',(-126.064327086239,-140.,57.6537379883281));
#14007=CARTESIAN_POINT('',(-119.064327086239,-138.864160667823,58.7895773205048));
#14008=CARTESIAN_POINT('Origin',(-126.064327086239,-131.907472836746,68.5746922763281));
#14009=CARTESIAN_POINT('',(-126.064327086239,-131.907472836746,68.5746922763281));
#14010=CARTESIAN_POINT('Origin',(-126.064327086239,-130.493259274373,56.160478713955));
#14011=CARTESIAN_POINT('',(-88.9227097111232,-130.493259274373,56.160478713955));
#14012=CARTESIAN_POINT('',(-126.064327086239,-130.493259274373,56.160478713955));
#14013=CARTESIAN_POINT('',(-85.2508443404089,-133.064327086238,53.5894109020896));
#14014=CARTESIAN_POINT('',(-88.8009079602787,-130.578545778482,56.0751922098465));
#14015=CARTESIAN_POINT('',(-86.0643270862385,-133.064327086238,53.5894109020896));
#14016=CARTESIAN_POINT('',(-106.064327086239,-133.064327086238,53.5894109020896));
#14017=CARTESIAN_POINT('',(-86.0643270862385,-140.,46.6537379883281));
#14018=CARTESIAN_POINT('',(-86.0643270862385,-136.114160667823,50.5395773205048));
#14019=CARTESIAN_POINT('',(-79.0643270862385,-140.,46.6537379883281));
#14020=CARTESIAN_POINT('',(-106.064327086239,-140.,46.6537379883281));
#14021=CARTESIAN_POINT('',(-79.0643270862385,-137.396173102873,49.2575648854551));
#14022=CARTESIAN_POINT('',(-79.0643270862385,-136.114160667823,50.5395773205048));
#14023=CARTESIAN_POINT('',(-67.7157937689098,-145.342501679291,41.3112363090375));
#14024=CARTESIAN_POINT('',(-88.8009079602787,-130.578545778482,56.0751922098465));
#14025=CARTESIAN_POINT('',(-126.064327086239,-145.342501679291,41.3112363090375));
#14026=CARTESIAN_POINT('',(-119.064327086239,-140.,46.6537379883281));
#14027=CARTESIAN_POINT('',(-126.064327086239,-140.,46.6537379883281));
#14028=CARTESIAN_POINT('',(-119.064327086239,-136.114160667823,50.5395773205048));
#14029=CARTESIAN_POINT('Origin',(-126.064327086239,-131.907472836746,57.5746922763281));
#14030=CARTESIAN_POINT('',(-90.9424159913341,-131.907472836746,57.5746922763281));
#14031=CARTESIAN_POINT('',(-126.064327086239,-131.907472836746,57.5746922763281));
#14032=CARTESIAN_POINT('',(-91.800763761534,-132.508494415846,58.1757138554275));
#14033=CARTESIAN_POINT('Origin',(-126.064327086239,-130.493259274373,45.160478713955));
#14034=CARTESIAN_POINT('',(-126.064327086239,-130.493259274373,45.160478713955));
#14035=CARTESIAN_POINT('',(-126.064327086239,-145.342501679291,30.3112363090375));
#14036=CARTESIAN_POINT('',(-119.064327086239,-140.,35.6537379883281));
#14037=CARTESIAN_POINT('',(-126.064327086239,-140.,35.6537379883281));
#14038=CARTESIAN_POINT('',(-119.064327086239,-133.364160667823,42.2895773205048));
#14039=CARTESIAN_POINT('',(-79.0643270862385,-140.,35.6537379883281));
#14040=CARTESIAN_POINT('',(-79.0643270862385,-133.064327086239,42.5894109020896));
#14041=CARTESIAN_POINT('',(-79.0643270862385,-133.364160667823,42.2895773205048));
#14042=CARTESIAN_POINT('',(-86.0643270862385,-133.064327086239,42.5894109020896));
#14043=CARTESIAN_POINT('',(-106.064327086239,-133.064327086239,42.5894109020896));
#14044=CARTESIAN_POINT('',(-86.0643270862385,-140.,35.6537379883281));
#14045=CARTESIAN_POINT('',(-86.0643270862385,-133.364160667823,42.2895773205048));
#14046=CARTESIAN_POINT('',(-106.064327086239,-140.,35.6537379883281));
#14047=CARTESIAN_POINT('Origin',(-126.064327086239,-131.907472836746,46.5746922763281));
#14048=CARTESIAN_POINT('',(-126.064327086239,-131.907472836746,46.5746922763281));
#14049=CARTESIAN_POINT('Origin',(-126.064327086239,-144.635394898104,22.8467702149702));
#14050=CARTESIAN_POINT('',(-119.064327086239,-140.,27.4821651130743));
#14051=CARTESIAN_POINT('',(-119.064327086239,-138.392335260875,29.0898298521989));
#14052=CARTESIAN_POINT('',(-126.064327086239,-140.,27.4821651130743));
#14053=CARTESIAN_POINT('',(-38.3162439007941,-146.756715241664,20.7254498714106));
#14054=CARTESIAN_POINT('',(-126.064327086239,-146.756715241664,20.7254498714106));
#14055=CARTESIAN_POINT('',(-59.5231598430075,-131.907472836746,35.5746922763281));
#14056=CARTESIAN_POINT('',(-73.6343751040759,-122.026693537646,45.4554715754281));
#14057=CARTESIAN_POINT('',(-126.064327086239,-131.907472836746,35.5746922763281));
#14058=CARTESIAN_POINT('',(-86.0643270862385,-140.,27.4821651130743));
#14059=CARTESIAN_POINT('',(-86.0643270862385,-133.064327086239,34.4178380268358));
#14060=CARTESIAN_POINT('',(-86.0643270862385,-138.392335260875,29.0898298521989));
#14061=CARTESIAN_POINT('',(-79.0643270862385,-133.064327086239,34.4178380268358));
#14062=CARTESIAN_POINT('',(-106.064327086239,-133.064327086239,34.4178380268358));
#14063=CARTESIAN_POINT('',(-79.0643270862385,-140.,27.4821651130743));
#14064=CARTESIAN_POINT('',(-79.0643270862385,-138.392335260875,29.0898298521989));
#14065=CARTESIAN_POINT('',(-106.064327086239,-140.,27.4821651130743));
#14066=CARTESIAN_POINT('Origin',(-126.064327086239,-145.342501679291,19.3112363090375));
#14067=CARTESIAN_POINT('',(-36.2965376205833,-145.342501679291,19.3112363090375));
#14068=CARTESIAN_POINT('',(-72.8651305383036,-170.948106102001,44.9168407317474));
#14069=CARTESIAN_POINT('',(-126.064327086239,-145.342501679291,19.3112363090375));
#14070=CARTESIAN_POINT('Origin',(-126.064327086239,-145.342501679291,63.3112363090375));
#14071=CARTESIAN_POINT('Origin',(-126.064327086239,-140.,-0.73576436351086));
#14072=CARTESIAN_POINT('',(-119.064327086239,-140.,82.1673191813109));
#14073=CARTESIAN_POINT('Origin',(-119.064327086239,-137.532163543119,40.7157774089002));
#14074=CARTESIAN_POINT('Origin',(-119.064327086239,-137.532163543119,40.7157774089002));
#14075=CARTESIAN_POINT('',(-119.064327086239,-140.,60.4821651130743));
#14076=CARTESIAN_POINT('',(-119.064327086239,-140.,82.1673191813109));
#14077=CARTESIAN_POINT('',(-119.064327086239,-146.642335260875,53.8398298521989));
#14078=CARTESIAN_POINT('Origin',(-126.064327086239,-144.635394898104,55.8467702149702));
#14079=CARTESIAN_POINT('',(-126.064327086239,-140.,60.4821651130743));
#14080=CARTESIAN_POINT('',(-126.064327086239,-146.756715241664,53.7254498714106));
#14081=CARTESIAN_POINT('Origin',(-126.064327086239,-145.342501679291,52.3112363090375));
#14082=CARTESIAN_POINT('Origin',(-119.064327086239,-137.532163543119,40.7157774089002));
#14083=CARTESIAN_POINT('',(-119.064327086239,-140.,49.4821651130743));
#14084=CARTESIAN_POINT('',(-119.064327086239,-140.,82.1673191813109));
#14085=CARTESIAN_POINT('',(-119.064327086239,-143.892335260875,45.5898298521989));
#14086=CARTESIAN_POINT('Origin',(-126.064327086239,-140.,-0.73576436351086));
#14087=CARTESIAN_POINT('Origin',(-126.064327086239,-144.635394898104,44.8467702149702));
#14088=CARTESIAN_POINT('',(-126.064327086239,-140.,49.4821651130743));
#14089=CARTESIAN_POINT('',(-69.7355000491206,-146.756715241664,42.7254498714106));
#14090=CARTESIAN_POINT('',(-126.064327086239,-146.756715241664,42.7254498714106));
#14091=CARTESIAN_POINT('',(-79.3850894536267,-140.,49.4821651130743));
#14092=CARTESIAN_POINT('',(-85.3010761921476,-135.857581489739,53.6245836233353));
#14093=CARTESIAN_POINT('',(-86.0643270862385,-140.,49.4821651130743));
#14094=CARTESIAN_POINT('',(-106.064327086239,-140.,49.4821651130743));
#14095=CARTESIAN_POINT('',(-86.0643270862385,-135.323147460151,54.159017652923));
#14096=CARTESIAN_POINT('',(-86.0643270862385,-143.892335260875,45.5898298521989));
#14097=CARTESIAN_POINT('',(-85.3010761921476,-135.857581489739,53.6245836233353));
#14098=CARTESIAN_POINT('Origin',(-126.064327086239,-145.342501679291,41.3112363090375));
#14099=CARTESIAN_POINT('',(-84.5318316263753,-157.117218149908,53.0859527796546));
#14100=CARTESIAN_POINT('Origin',(-86.0643270862385,-133.064327086238,82.1673191813113));
#14101=CARTESIAN_POINT('',(-79.0643270862385,-133.064327086239,49.2575648854551));
#14102=CARTESIAN_POINT('',(-88.3117296133818,-133.064327086238,55.7326658438203));
#14103=CARTESIAN_POINT('',(-79.0643270862385,-133.064327086239,45.4178380268358));
#14104=CARTESIAN_POINT('',(-79.0643270862385,-133.064327086239,-0.735764363510476));
#14105=CARTESIAN_POINT('',(-86.0643270862385,-133.064327086239,45.4178380268358));
#14106=CARTESIAN_POINT('',(-106.064327086239,-133.064327086239,45.4178380268358));
#14107=CARTESIAN_POINT('',(-86.0643270862385,-133.064327086239,-0.735764363510476));
#14108=CARTESIAN_POINT('Origin',(-126.064327086239,-140.,-0.73576436351086));
#14109=CARTESIAN_POINT('Origin',(-119.064327086239,-137.532163543119,40.7157774089002));
#14110=CARTESIAN_POINT('',(-119.064327086239,-140.,38.4821651130743));
#14111=CARTESIAN_POINT('',(-119.064327086239,-140.,82.1673191813109));
#14112=CARTESIAN_POINT('',(-119.064327086239,-141.142335260875,37.3398298521989));
#14113=CARTESIAN_POINT('Origin',(-77.3995350070384,-136.532163543119,48.0918649220473));
#14114=CARTESIAN_POINT('',(-86.0643270862385,-140.,54.159017652923));
#14115=CARTESIAN_POINT('',(-68.835875651515,-140.,42.0955260866497));
#14116=CARTESIAN_POINT('',(-79.0643270862385,-137.032163543119,49.2575648854551));
#14117=CARTESIAN_POINT('',(-86.0643270862385,-137.032163543119,54.159017652923));
#14118=CARTESIAN_POINT('Origin',(-86.0643270862385,-140.,-0.73576436351086));
#14119=CARTESIAN_POINT('',(-86.0643270862385,-140.,82.1673191813109));
#14120=CARTESIAN_POINT('Origin',(-86.0643270862385,-137.532163543119,40.7157774089002));
#14121=CARTESIAN_POINT('Origin',(-126.064327086239,-144.635394898104,33.8467702149702));
#14122=CARTESIAN_POINT('',(-126.064327086239,-140.,38.4821651130743));
#14123=CARTESIAN_POINT('',(-126.064327086239,-146.756715241664,31.7254498714106));
#14124=CARTESIAN_POINT('',(-79.0643270862385,-140.,38.4821651130743));
#14125=CARTESIAN_POINT('',(-79.0643270862385,-141.142335260875,37.3398298521989));
#14126=CARTESIAN_POINT('',(-86.0643270862385,-140.,38.4821651130743));
#14127=CARTESIAN_POINT('',(-106.064327086239,-140.,38.4821651130743));
#14128=CARTESIAN_POINT('',(-86.0643270862385,-141.142335260875,37.3398298521989));
#14129=CARTESIAN_POINT('Origin',(-126.064327086239,-145.342501679291,30.3112363090375));
#14130=CARTESIAN_POINT('Origin',(-119.064327086239,-137.532163543119,40.7157774089002));
#14131=CARTESIAN_POINT('',(-119.064327086239,-140.,82.1673191813109));
#14132=CARTESIAN_POINT('Origin',(-126.064327086239,-140.,-0.73576436351086));
#14133=CARTESIAN_POINT('Origin',(-86.0643270862385,-137.532163543119,40.7157774089002));
#14134=CARTESIAN_POINT('',(-86.0643270862385,-140.,82.1673191813109));
#14135=CARTESIAN_POINT('Origin',(-86.0643270862385,-137.532163543119,40.7157774089002));
#14136=CARTESIAN_POINT('',(-86.0643270862385,-133.064327086239,-0.735764363510476));
#14137=CARTESIAN_POINT('',(-86.0643270862385,-140.,82.1673191813109));
#14138=CARTESIAN_POINT('Origin',(-86.0643270862385,-140.,-0.73576436351086));
#14139=CARTESIAN_POINT('',(-79.0643270862385,-140.,82.1673191813109));
#14140=CARTESIAN_POINT('Origin',(-86.0643270862385,-140.,-0.73576436351086));
#14141=CARTESIAN_POINT('',(-79.0643270862385,-140.,82.1673191813109));
#14142=CARTESIAN_POINT('Origin',(-79.0643270862385,-137.532163543119,40.7157774089002));
#14143=CARTESIAN_POINT('Origin',(-126.064327086239,-130.493259274373,34.160478713955));
#14144=CARTESIAN_POINT('',(-57.5034535627967,-130.493259274373,34.160478713955));
#14145=CARTESIAN_POINT('',(-126.064327086239,-130.493259274373,34.160478713955));
#14146=CARTESIAN_POINT('',(-46.0643270862385,-138.503021863793,26.1507161245346));
#14147=CARTESIAN_POINT('',(-77.134206872207,-116.747657826389,47.9060801619393));
#14148=CARTESIAN_POINT('',(-46.0643270862385,-140.,24.6537379883281));
#14149=CARTESIAN_POINT('',(-46.0643270862385,-130.614160667823,34.0395773205048));
#14150=CARTESIAN_POINT('',(-43.9264207448787,-140.,24.6537379883281));
#14151=CARTESIAN_POINT('',(-86.0643270862385,-140.,24.6537379883281));
#14152=CARTESIAN_POINT('',(-77.134206872207,-116.747657826389,47.9060801619393));
#14153=CARTESIAN_POINT('',(-119.064327086239,-140.,24.6537379883281));
#14154=CARTESIAN_POINT('',(-126.064327086239,-140.,24.6537379883281));
#14155=CARTESIAN_POINT('',(-119.064327086239,-130.614160667823,34.0395773205048));
#14156=CARTESIAN_POINT('',(-86.0643270862385,-133.064327086239,31.5894109020896));
#14157=CARTESIAN_POINT('',(-86.0643270862385,-140.,24.6537379883281));
#14158=CARTESIAN_POINT('',(-86.0643270862385,-130.614160667823,34.0395773205048));
#14159=CARTESIAN_POINT('',(-79.0643270862385,-140.,24.6537379883281));
#14160=CARTESIAN_POINT('',(-106.064327086239,-140.,24.6537379883281));
#14161=CARTESIAN_POINT('',(-79.0643270862385,-133.064327086239,31.5894109020896));
#14162=CARTESIAN_POINT('',(-79.0643270862385,-130.614160667823,34.0395773205048));
#14163=CARTESIAN_POINT('',(-106.064327086239,-133.064327086239,31.5894109020896));
#14164=CARTESIAN_POINT('Origin',(-126.064327086239,-131.907472836746,35.5746922763281));
#14165=CARTESIAN_POINT('',(-80.1340626734624,-146.339382367938,50.0066018075204));
#14166=CARTESIAN_POINT('Origin',(-77.3995350070384,-136.532163543119,48.0918649220473));
#14167=CARTESIAN_POINT('',(-46.0643270862385,-133.064327086239,26.1507161245346));
#14168=CARTESIAN_POINT('',(-46.0643270862385,-137.032163543119,26.1507161245346));
#14169=CARTESIAN_POINT('',(-39.0643270862385,-140.,21.2492633570667));
#14170=CARTESIAN_POINT('',(-55.4156742182583,-140.,32.6985998787907));
#14171=CARTESIAN_POINT('',(-39.0643270862385,-135.232901756008,21.2492633570667));
#14172=CARTESIAN_POINT('',(-39.0643270862385,-137.032163543119,21.2492633570667));
#14173=CARTESIAN_POINT('',(-22.6066158266308,-146.756715241664,9.72544987141057));
#14174=CARTESIAN_POINT('',(-67.8010245600401,-115.1112495616,41.3709155514745));
#14175=CARTESIAN_POINT('',(-20.5869095464201,-145.342501679291,8.31123630903748));
#14176=CARTESIAN_POINT('',(-67.0317799942678,-177.863550078047,40.8322847077938));
#14177=CARTESIAN_POINT('',(-41.7938254886335,-130.493259274373,23.160478713955));
#14178=CARTESIAN_POINT('',(-71.3008563281712,-109.832213850342,43.8215241379857));
#14179=CARTESIAN_POINT('',(-43.8135317688443,-131.907472836746,24.5746922763281));
#14180=CARTESIAN_POINT('',(-74.3007121294266,-153.254826343985,45.9220457835668));
#14181=CARTESIAN_POINT('',(-42.1613726783407,-133.064327086239,23.4178380268358));
#14182=CARTESIAN_POINT('',(-67.8010245600401,-115.1112495616,41.3709155514745));
#14183=CARTESIAN_POINT('',(-74.8915281801251,-133.064327086239,46.3357396359612));
#14184=CARTESIAN_POINT('Origin',(-126.064327086239,-140.,-0.73576436351086));
#14185=CARTESIAN_POINT('Origin',(-119.064327086239,-137.532163543119,40.7157774089002));
#14186=CARTESIAN_POINT('',(-119.064327086239,-140.,16.4821651130743));
#14187=CARTESIAN_POINT('',(-119.064327086239,-140.,82.1673191813109));
#14188=CARTESIAN_POINT('',(-119.064327086239,-135.642335260875,20.839829852199));
#14189=CARTESIAN_POINT('Origin',(-79.0643270862385,-137.532163543119,40.7157774089002));
#14190=CARTESIAN_POINT('',(-79.0643270862385,-133.064327086239,-0.735764363510476));
#14191=CARTESIAN_POINT('Origin',(-79.0643270862385,-137.532163543119,40.7157774089002));
#14192=CARTESIAN_POINT('',(-79.0643270862385,-140.,16.4821651130743));
#14193=CARTESIAN_POINT('',(-79.0643270862385,-140.,82.1673191813109));
#14194=CARTESIAN_POINT('',(-79.0643270862385,-133.064327086239,23.4178380268358));
#14195=CARTESIAN_POINT('',(-79.0643270862385,-135.642335260875,20.839829852199));
#14196=CARTESIAN_POINT('',(-79.0643270862385,-133.064327086239,-0.735764363510476));
#14197=CARTESIAN_POINT('Origin',(-86.0643270862385,-133.064327086238,82.1673191813113));
#14198=CARTESIAN_POINT('Origin',(-86.0643270862385,-133.064327086238,82.1673191813113));
#14199=CARTESIAN_POINT('',(-86.0643270862385,-133.064327086239,23.4178380268358));
#14200=CARTESIAN_POINT('',(-106.064327086239,-133.064327086239,23.4178380268358));
#14201=CARTESIAN_POINT('',(-86.0643270862385,-133.064327086239,-0.735764363510476));
#14202=CARTESIAN_POINT('Origin',(-126.064327086239,-145.342501679291,8.31123630903748));
#14203=CARTESIAN_POINT('',(-126.064327086239,-146.756715241664,9.72544987141058));
#14204=CARTESIAN_POINT('',(-126.064327086239,-145.342501679291,8.31123630903748));
#14205=CARTESIAN_POINT('Origin',(-126.064327086239,-130.493259274373,23.160478713955));
#14206=CARTESIAN_POINT('',(-126.064327086239,-130.493259274373,23.160478713955));
#14207=CARTESIAN_POINT('',(-119.064327086239,-140.,13.6537379883282));
#14208=CARTESIAN_POINT('',(-126.064327086239,-140.,13.6537379883282));
#14209=CARTESIAN_POINT('',(-119.064327086239,-127.864160667823,25.7895773205048));
#14210=CARTESIAN_POINT('',(-79.0643270862385,-140.,13.6537379883282));
#14211=CARTESIAN_POINT('',(-79.0643270862385,-133.064327086239,20.5894109020895));
#14212=CARTESIAN_POINT('',(-79.0643270862385,-127.864160667823,25.7895773205048));
#14213=CARTESIAN_POINT('',(-86.0643270862385,-133.064327086239,20.5894109020895));
#14214=CARTESIAN_POINT('',(-106.064327086239,-133.064327086239,20.5894109020895));
#14215=CARTESIAN_POINT('',(-86.0643270862385,-140.,13.6537379883282));
#14216=CARTESIAN_POINT('',(-86.0643270862385,-127.864160667823,25.7895773205048));
#14217=CARTESIAN_POINT('',(-106.064327086239,-140.,13.6537379883282));
#14218=CARTESIAN_POINT('',(-39.0643270862385,-140.,13.6537379883282));
#14219=CARTESIAN_POINT('',(-39.0643270862385,-133.064327086239,20.5894109020895));
#14220=CARTESIAN_POINT('',(-39.0643270862385,-127.864160667823,25.7895773205048));
#14221=CARTESIAN_POINT('',(-46.0643270862385,-133.064327086239,20.5894109020895));
#14222=CARTESIAN_POINT('',(-86.0643270862385,-133.064327086239,20.5894109020895));
#14223=CARTESIAN_POINT('',(-46.0643270862385,-140.,13.6537379883282));
#14224=CARTESIAN_POINT('',(-46.0643270862385,-127.864160667823,25.7895773205048));
#14225=CARTESIAN_POINT('',(-86.0643270862385,-140.,13.6537379883282));
#14226=CARTESIAN_POINT('Origin',(-126.064327086239,-131.907472836746,24.5746922763281));
#14227=CARTESIAN_POINT('',(-126.064327086239,-131.907472836746,24.5746922763281));
#14228=CARTESIAN_POINT('Origin',(-126.064327086239,-144.635394898104,11.8467702149702));
#14229=CARTESIAN_POINT('',(-126.064327086239,-140.,16.4821651130743));
#14230=CARTESIAN_POINT('',(-39.0643270862385,-140.,16.4821651130743));
#14231=CARTESIAN_POINT('',(-39.0643270862385,-135.642335260875,20.839829852199));
#14232=CARTESIAN_POINT('',(-46.0643270862385,-140.,16.4821651130743));
#14233=CARTESIAN_POINT('',(-86.0643270862385,-140.,16.4821651130743));
#14234=CARTESIAN_POINT('',(-46.0643270862385,-133.064327086239,23.4178380268358));
#14235=CARTESIAN_POINT('',(-46.0643270862385,-135.642335260875,20.839829852199));
#14236=CARTESIAN_POINT('',(-86.0643270862385,-133.064327086239,23.4178380268358));
#14237=CARTESIAN_POINT('',(-86.0643270862385,-140.,16.4821651130743));
#14238=CARTESIAN_POINT('',(-106.064327086239,-140.,16.4821651130743));
#14239=CARTESIAN_POINT('',(-86.0643270862385,-135.642335260875,20.839829852199));
#14240=CARTESIAN_POINT('Origin',(-46.0643270862385,-133.064327086238,82.1673191813113));
#14241=CARTESIAN_POINT('',(-46.0643270862385,-133.064327086239,-0.735764363510476));
#14242=CARTESIAN_POINT('Origin',(-46.0643270862385,-137.532163543119,40.7157774089002));
#14243=CARTESIAN_POINT('',(-46.0643270862385,-140.,82.1673191813109));
#14244=CARTESIAN_POINT('Origin',(-46.0643270862385,-137.532163543119,40.7157774089002));
#14245=CARTESIAN_POINT('',(-46.0643270862385,-133.064327086239,-0.735764363510476));
#14246=CARTESIAN_POINT('',(-46.0643270862385,-140.,82.1673191813109));
#14247=CARTESIAN_POINT('Origin',(-46.0643270862385,-140.,-0.73576436351086));
#14248=CARTESIAN_POINT('',(-39.0643270862385,-140.,82.1673191813109));
#14249=CARTESIAN_POINT('Origin',(-46.0643270862385,-140.,-0.73576436351086));
#14250=CARTESIAN_POINT('',(-39.0643270862385,-140.,82.1673191813109));
#14251=CARTESIAN_POINT('Origin',(-39.0643270862385,-137.532163543119,40.7157774089002));
#14252=CARTESIAN_POINT('Origin',(-119.064327086239,-137.532163543119,40.7157774089002));
#14253=CARTESIAN_POINT('',(-119.064327086239,-140.,82.1673191813109));
#14254=CARTESIAN_POINT('Origin',(-126.064327086239,-140.,-0.73576436351086));
#14255=CARTESIAN_POINT('Origin',(-86.0643270862385,-137.532163543119,40.7157774089002));
#14256=CARTESIAN_POINT('',(-86.0643270862385,-140.,82.1673191813109));
#14257=CARTESIAN_POINT('Origin',(-86.0643270862385,-137.532163543119,40.7157774089002));
#14258=CARTESIAN_POINT('',(-86.0643270862385,-133.064327086239,-0.735764363510476));
#14259=CARTESIAN_POINT('',(-86.0643270862385,-140.,82.1673191813109));
#14260=CARTESIAN_POINT('Origin',(-86.0643270862385,-140.,-0.73576436351086));
#14261=CARTESIAN_POINT('Origin',(-86.0643270862385,-140.,-0.73576436351086));
#14262=CARTESIAN_POINT('',(-79.0643270862385,-140.,82.1673191813109));
#14263=CARTESIAN_POINT('Origin',(-66.9988788962645,-137.564327086239,40.8092471109565));
#14264=CARTESIAN_POINT('',(-8.06432708623852,-143.110908315762,-0.457170327434333));
#14265=CARTESIAN_POINT('',(-8.06432708623852,-137.564327086239,-0.45717032743434));
#14266=CARTESIAN_POINT('',(-26.0841974144702,-130.493259274373,12.160478713955));
#14267=CARTESIAN_POINT('',(-65.4675057841354,-102.916769874296,39.7369681140321));
#14268=CARTESIAN_POINT('',(-68.4673615853908,-160.170270320031,41.8374897596132));
#14269=CARTESIAN_POINT('Origin',(-126.064327086239,-130.493259274373,12.160478713955));
#14270=CARTESIAN_POINT('',(-126.064327086239,-130.493259274373,12.160478713955));
#14271=CARTESIAN_POINT('',(-8.06432708623852,-145.342501679291,-2.68876369096252));
#14272=CARTESIAN_POINT('',(-8.06432708623852,-130.493259274373,12.160478713955));
#14273=CARTESIAN_POINT('',(-126.064327086239,-145.342501679291,-2.68876369096252));
#14274=CARTESIAN_POINT('',(-119.064327086239,-140.,2.65373798832816));
#14275=CARTESIAN_POINT('',(-126.064327086239,-140.,2.65373798832817));
#14276=CARTESIAN_POINT('',(-119.064327086239,-125.114160667823,17.5395773205048));
#14277=CARTESIAN_POINT('',(-79.0643270862385,-133.064327086239,9.58941090208952));
#14278=CARTESIAN_POINT('',(-86.0643270862385,-133.064327086239,9.58941090208952));
#14279=CARTESIAN_POINT('',(-106.064327086239,-133.064327086239,9.58941090208951));
#14280=CARTESIAN_POINT('',(-86.0643270862385,-140.,2.65373798832816));
#14281=CARTESIAN_POINT('',(-86.0643270862385,-125.114160667823,17.5395773205048));
#14282=CARTESIAN_POINT('',(-79.0643270862385,-140.,2.65373798832816));
#14283=CARTESIAN_POINT('',(-106.064327086239,-140.,2.65373798832817));
#14284=CARTESIAN_POINT('',(-79.0643270862385,-125.114160667823,17.5395773205048));
#14285=CARTESIAN_POINT('',(-39.0643270862385,-133.064327086239,9.58941090208952));
#14286=CARTESIAN_POINT('',(-46.0643270862385,-133.064327086239,9.58941090208952));
#14287=CARTESIAN_POINT('',(-86.0643270862385,-133.064327086239,9.58941090208951));
#14288=CARTESIAN_POINT('',(-46.0643270862385,-140.,2.65373798832816));
#14289=CARTESIAN_POINT('',(-46.0643270862385,-125.114160667823,17.5395773205048));
#14290=CARTESIAN_POINT('',(-39.0643270862385,-140.,2.65373798832816));
#14291=CARTESIAN_POINT('',(-86.0643270862385,-140.,2.65373798832817));
#14292=CARTESIAN_POINT('',(-39.0643270862385,-125.114160667823,17.5395773205048));
#14293=CARTESIAN_POINT('Origin',(-126.064327086239,-131.907472836746,13.5746922763281));
#14294=CARTESIAN_POINT('Origin',(-126.064327086239,-145.342501679291,-2.68876369096252));
#14295=CARTESIAN_POINT('',(-8.06432708623852,-145.696055069884,-2.33521030036925));
#14296=CARTESIAN_POINT('Origin',(-8.06432708623852,-137.564327086239,6.50362446446259));
#14297=CARTESIAN_POINT('Origin',(-39.0643270862385,-137.532163543119,40.7157774089002));
#14298=CARTESIAN_POINT('',(-39.0643270862385,-133.064327086239,-0.735764363510476));
#14299=CARTESIAN_POINT('Origin',(-39.0643270862385,-137.532163543119,40.7157774089002));
#14300=CARTESIAN_POINT('',(-39.0643270862385,-140.,-0.73576436351086));
#14301=CARTESIAN_POINT('',(-39.0643270862385,-133.064327086239,-0.735764363510875));
#14302=CARTESIAN_POINT('Origin',(-46.0643270862385,-140.,-0.73576436351086));
#14303=CARTESIAN_POINT('',(-46.0643270862385,-140.,-0.73576436351086));
#14304=CARTESIAN_POINT('Origin',(-46.0643270862385,-133.064327086238,82.1673191813113));
#14305=CARTESIAN_POINT('Origin',(-46.0643270862385,-133.064327086238,82.1673191813113));
#14306=CARTESIAN_POINT('',(-46.0643270862385,-133.064327086239,-0.735764363510476));
#14307=CARTESIAN_POINT('Origin',(-46.0643270862385,-137.532163543119,40.7157774089002));
#14308=CARTESIAN_POINT('Origin',(-126.064327086239,-140.,-0.73576436351086));
#14309=CARTESIAN_POINT('Origin',(-126.064327086239,-140.,-0.73576436351086));
#14310=CARTESIAN_POINT('',(-119.064327086239,-140.,-0.73576436351086));
#14311=CARTESIAN_POINT('',(-126.064327086239,-140.,-0.73576436351086));
#14312=CARTESIAN_POINT('',(-119.064327086239,-140.,82.1673191813109));
#14313=CARTESIAN_POINT('Origin',(-119.064327086239,-137.532163543119,40.7157774089002));
#14314=CARTESIAN_POINT('',(-119.064327086239,-135.064327086239,-0.735764363510869));
#14315=CARTESIAN_POINT('Origin',(-126.064327086239,-135.064327086239,-0.735764363510869));
#14316=CARTESIAN_POINT('Origin',(-79.0643270862385,-137.532163543119,40.7157774089002));
#14317=CARTESIAN_POINT('',(-79.0643270862385,-133.064327086239,-0.735764363510476));
#14318=CARTESIAN_POINT('Origin',(-79.0643270862385,-137.532163543119,40.7157774089002));
#14319=CARTESIAN_POINT('',(-79.0643270862385,-140.,-0.73576436351086));
#14320=CARTESIAN_POINT('',(-79.0643270862385,-133.064327086239,-0.735764363510875));
#14321=CARTESIAN_POINT('Origin',(-86.0643270862385,-140.,-0.73576436351086));
#14322=CARTESIAN_POINT('',(-86.0643270862385,-140.,-0.73576436351086));
#14323=CARTESIAN_POINT('Origin',(-86.0643270862385,-133.064327086238,82.1673191813113));
#14324=CARTESIAN_POINT('Origin',(-86.0643270862385,-133.064327086238,82.1673191813113));
#14325=CARTESIAN_POINT('',(-86.0643270862385,-133.064327086239,-0.735764363510476));
#14326=CARTESIAN_POINT('Origin',(-86.0643270862385,-137.532163543119,40.7157774089002));
#14327=CARTESIAN_POINT('Origin',(-68.2656724165253,-65.,-0.73576436351046));
#14328=CARTESIAN_POINT('',(1.05078040917933,17.,-0.735764363510452));
#14329=CARTESIAN_POINT('',(-7.66645356892614,17.,-0.73576436351046));
#14330=CARTESIAN_POINT('',(-64.8510378690999,17.,-0.73576436351046));
#14331=CARTESIAN_POINT('',(1.05078040917935,-147.,-0.73576436351046));
#14332=CARTESIAN_POINT('',(1.05078040917935,-65.,-0.73576436351046));
#14333=CARTESIAN_POINT('',(-7.66645356892617,-147.,-0.73576436351046));
#14334=CARTESIAN_POINT('',(-64.8510378690999,-147.,-0.73576436351046));
#14335=CARTESIAN_POINT('',(-7.66645356892615,-65.,-0.73576436351046));
#14336=CARTESIAN_POINT('',(-0.515187753676093,0.,-0.73576436351046));
#14337=CARTESIAN_POINT('',(-0.515187753676093,-130.,-0.73576436351046));
#14338=CARTESIAN_POINT('',(-0.51518775367609,-97.5,-0.73576436351046));
#14339=CARTESIAN_POINT('',(-4.17955997768398,0.,-0.73576436351046));
#14340=CARTESIAN_POINT('',(-34.1328362082627,0.,-0.73576436351046));
#14341=CARTESIAN_POINT('',(-4.179559977684,-130.,-0.73576436351046));
#14342=CARTESIAN_POINT('',(-4.17955997768399,-65.,-0.73576436351046));
#14343=CARTESIAN_POINT('',(-95.5692395299371,-130.,-0.735764363510452));
#14344=CARTESIAN_POINT('Origin',(-61.4364033216744,-147.,43.0182327263285));
#14345=CARTESIAN_POINT('',(-131.064327086239,-147.,91.7722298161674));
#14346=CARTESIAN_POINT('',(8.19152044288993,-147.,-5.73576436351046));
#14347=CARTESIAN_POINT('',(-144.722865275941,-147.,78.1136916264655));
#14348=CARTESIAN_POINT('',(-131.064327086239,-147.,91.7722298161674));
#14349=CARTESIAN_POINT('',(-141.670928804037,-147.,75.0617551545619));
#14350=CARTESIAN_POINT('',(-141.670928804037,-147.,75.0617551545619));
#14351=CARTESIAN_POINT('',(-131.064327086239,-147.,85.6683568723601));
#14352=CARTESIAN_POINT('',(-131.064327086239,-147.,85.6683568723601));
#14353=CARTESIAN_POINT('',(-7.66645356892615,-147.,-0.735764363510469));
#14354=CARTESIAN_POINT('Origin',(-64.304285442398,-65.,38.9224724621487));
#14355=CARTESIAN_POINT('',(-131.064327086239,17.,85.6683568723601));
#14356=CARTESIAN_POINT('',(-131.064327086239,10.,85.6683568723601));
#14357=CARTESIAN_POINT('',(-7.66645356892614,17.,-0.73576436351046));
#14358=CARTESIAN_POINT('',(-59.8864766416162,-75.1471150897383,35.8290894374721));
#14359=CARTESIAN_POINT('',(-59.8864766416162,-55.1471150901653,35.8290894374721));
#14360=CARTESIAN_POINT('',(-59.8864766416162,-75.1471150897383,35.8290894374721));
#14361=CARTESIAN_POINT('',(-68.7220943665404,-55.1471150905924,42.0158555732033));
#14362=CARTESIAN_POINT('Origin',(-64.3042855034296,-55.1471150901653,38.9224725048835));
#14363=CARTESIAN_POINT('',(-68.7220943652431,-75.1471150905924,42.0158555722949));
#14364=CARTESIAN_POINT('',(-68.7220943665404,-55.1471150905924,42.0158555732033));
#14365=CARTESIAN_POINT('Origin',(-64.3042855034296,-75.1471150901653,38.9224725048835));
#14366=CARTESIAN_POINT('Origin',(-61.4364032606428,-65.,43.0182326835937));
#14367=CARTESIAN_POINT('',(-131.064327086239,17.,91.7722298161674));
#14368=CARTESIAN_POINT('',(-131.064327086239,17.,91.7722298161674));
#14369=CARTESIAN_POINT('',(-131.064327086239,-140.,91.7722298161674));
#14370=CARTESIAN_POINT('',(0.,0.,0.));
#14371=CARTESIAN_POINT('',(0.,-130.,0.));
#14372=CARTESIAN_POINT('',(0.,0.,0.));
#14373=CARTESIAN_POINT('',(-122.872806643349,-130.,86.0364654526569));
#14374=CARTESIAN_POINT('',(0.,-130.,0.));
#14375=CARTESIAN_POINT('',(-122.872806643349,0.,86.0364654526569));
#14376=CARTESIAN_POINT('',(-122.872806643349,-130.,86.0364654526569));
#14377=CARTESIAN_POINT('',(-122.872806643349,0.,86.0364654526569));
#14378=CARTESIAN_POINT('Origin',(-63.1571326307276,-65.,40.5607765934615));
#14379=CARTESIAN_POINT('',(-124.593535952402,0.,83.5790093197899));
#14380=CARTESIAN_POINT('',(-32.4389309698904,0.,19.0516602302973));
#14381=CARTESIAN_POINT('',(-124.593535952402,-130.,83.57900931979));
#14382=CARTESIAN_POINT('',(-124.593535952402,-32.5,83.5790093197899));
#14383=CARTESIAN_POINT('',(-93.8753342915648,-130.,62.0698929566257));
#14384=CARTESIAN_POINT('',(-58.7393237689141,-55.1471150901653,37.46739352605));
#14385=CARTESIAN_POINT('',(-58.7393237689141,-75.1471150897383,37.46739352605));
#14386=CARTESIAN_POINT('',(-58.7393237689141,-75.1471150897383,37.46739352605));
#14387=CARTESIAN_POINT('',(-67.574941492541,-75.1471150905924,43.6541596608729));
#14388=CARTESIAN_POINT('Origin',(-63.1571326307275,-75.1471150901653,40.5607765934615));
#14389=CARTESIAN_POINT('',(-67.5749414938383,-55.1471150905924,43.6541596617813));
#14390=CARTESIAN_POINT('',(-67.5749414938383,-55.1471150905924,43.6541596617813));
#14391=CARTESIAN_POINT('Origin',(-63.1571326307275,-55.1471150901653,40.5607765934615));
#14392=CARTESIAN_POINT('Origin',(0.,0.,0.));
#14393=CARTESIAN_POINT('',(0.,0.,0.));
#14394=CARTESIAN_POINT('',(-122.872806643349,0.,86.0364654526569));
#14395=CARTESIAN_POINT('Origin',(-144.722865275941,-147.,78.1136916264655));
#14396=CARTESIAN_POINT('',(-144.722865275941,17.,78.1136916264655));
#14397=CARTESIAN_POINT('',(-131.064327086239,17.,91.7722298161674));
#14398=CARTESIAN_POINT('',(-144.722865275941,-147.,78.1136916264655));
#14399=CARTESIAN_POINT('Origin',(-141.670928804037,-147.,75.0617551545619));
#14400=CARTESIAN_POINT('',(-141.670928804037,17.,75.0617551545619));
#14401=CARTESIAN_POINT('',(-141.670928804037,17.,75.0617551545619));
#14402=CARTESIAN_POINT('',(-141.670928804037,-147.,75.0617551545619));
#14403=CARTESIAN_POINT('Origin',(-131.064327086239,-147.,85.6683568723601));
#14404=CARTESIAN_POINT('',(-131.064327086239,17.,85.6683568723601));
#14405=CARTESIAN_POINT('Origin',(-61.4364033216744,17.,43.0182327263285));
#14406=CARTESIAN_POINT('Origin',(-64.3042855034296,-55.1471150901653,38.9224725048835));
#14407=CARTESIAN_POINT('',(-59.8864766416162,-55.1471150901653,35.8290894374721));
#14408=CARTESIAN_POINT('',(-68.7220943665404,-55.1471150905924,42.0158555732033));
#14409=CARTESIAN_POINT('Origin',(-68.7220943652431,-75.1471150905924,42.0158555722949));
#14410=CARTESIAN_POINT('',(-68.7220943652431,-75.1471150905924,42.0158555722949));
#14411=CARTESIAN_POINT('Origin',(-64.3042855034296,-75.1471150901653,38.9224725048835));
#14412=CARTESIAN_POINT('',(-59.8864766416162,-75.1471150897383,35.8290894374721));
#14413=CARTESIAN_POINT('Origin',(-59.8864766416162,-67.1471150901653,35.8290894374721));
#14414=CARTESIAN_POINT('Origin',(0.,-130.,0.));
#14415=CARTESIAN_POINT('',(0.,-130.,0.));
#14416=CARTESIAN_POINT('Origin',(-122.872806643349,-130.,86.0364654526569));
#14417=CARTESIAN_POINT('',(-122.872806643349,-130.,86.0364654526569));
#14418=CARTESIAN_POINT('Origin',(-122.872806643349,0.,86.0364654526569));
#14419=CARTESIAN_POINT('',(0.,0.,0.));
#14420=UNCERTAINTY_MEASURE_WITH_UNIT(LENGTH_MEASURE(0.01),#14426,
'DISTANCE_ACCURACY_VALUE',
'Maximum model space distance between geometric entities at asserted c
onnectivities');
#14421=UNCERTAINTY_MEASURE_WITH_UNIT(LENGTH_MEASURE(0.01),#14426,
'DISTANCE_ACCURACY_VALUE',
'Maximum model space distance between geometric entities at asserted c
onnectivities');
#14422=UNCERTAINTY_MEASURE_WITH_UNIT(LENGTH_MEASURE(0.01),#14426,
'DISTANCE_ACCURACY_VALUE',
'Maximum model space distance between geometric entities at asserted c
onnectivities');
#14423=(
GEOMETRIC_REPRESENTATION_CONTEXT(3)
GLOBAL_UNCERTAINTY_ASSIGNED_CONTEXT((#14420))
GLOBAL_UNIT_ASSIGNED_CONTEXT((#14426,#14428,#14429))
REPRESENTATION_CONTEXT('','3D')
);
#14424=(
GEOMETRIC_REPRESENTATION_CONTEXT(3)
GLOBAL_UNCERTAINTY_ASSIGNED_CONTEXT((#14421))
GLOBAL_UNIT_ASSIGNED_CONTEXT((#14426,#14428,#14429))
REPRESENTATION_CONTEXT('','3D')
);
#14425=(
GEOMETRIC_REPRESENTATION_CONTEXT(3)
GLOBAL_UNCERTAINTY_ASSIGNED_CONTEXT((#14422))
GLOBAL_UNIT_ASSIGNED_CONTEXT((#14426,#14428,#14429))
REPRESENTATION_CONTEXT('','3D')
);
#14426=(
LENGTH_UNIT()
NAMED_UNIT(*)
SI_UNIT(.MILLI.,.METRE.)
);
#14427=(
LENGTH_UNIT()
NAMED_UNIT(*)
SI_UNIT($,.METRE.)
);
#14428=(
NAMED_UNIT(*)
PLANE_ANGLE_UNIT()
SI_UNIT($,.RADIAN.)
);
#14429=(
NAMED_UNIT(*)
SI_UNIT($,.STERADIAN.)
SOLID_ANGLE_UNIT()
);
#14430=SHAPE_DEFINITION_REPRESENTATION(#14432,#14435);
#14431=SHAPE_DEFINITION_REPRESENTATION(#14433,#14436);
#14432=PRODUCT_DEFINITION_SHAPE('',$,#14438);
#14433=PRODUCT_DEFINITION_SHAPE('',$,#14439);
#14434=PRODUCT_DEFINITION_SHAPE($,$,#16);
#14435=SHAPE_REPRESENTATION('',(#9110,#9627),#14423);
#14436=SHAPE_REPRESENTATION('',(#9111),#14424);
#14437=PRODUCT_DEFINITION_CONTEXT('part definition',#14445,'design');
#14438=PRODUCT_DEFINITION('.step 1','external_unit_try v9',#14440,#14437);
#14439=PRODUCT_DEFINITION('weather_station_ext_PCB',
'weather_station_ext_PCB',#14441,#14437);
#14440=PRODUCT_DEFINITION_FORMATION('',$,#14447);
#14441=PRODUCT_DEFINITION_FORMATION('',$,#14448);
#14442=PRODUCT_RELATED_PRODUCT_CATEGORY('external_unit_try v9',
'external_unit_try v9',(#14447));
#14443=PRODUCT_RELATED_PRODUCT_CATEGORY('weather_station_ext_PCB',
'weather_station_ext_PCB',(#14448));
#14444=APPLICATION_PROTOCOL_DEFINITION('international standard',
'automotive_design',2009,#14445);
#14445=APPLICATION_CONTEXT(
'Core Data for Automotive Mechanical Design Process');
#14446=PRODUCT_CONTEXT('part definition',#14445,'mechanical');
#14447=PRODUCT('.step 1','external_unit_try v9',
'KiCad electronic assembly',(#14446));
#14448=PRODUCT('weather_station_ext_PCB','weather_station_ext_PCB',$,(#14446));
#14449=PRESENTATION_STYLE_ASSIGNMENT((#14451));
#14450=PRESENTATION_STYLE_ASSIGNMENT((#14452));
#14451=SURFACE_STYLE_USAGE(.BOTH.,#14453);
#14452=SURFACE_STYLE_USAGE(.BOTH.,#14454);
#14453=SURFACE_SIDE_STYLE('',(#14455));
#14454=SURFACE_SIDE_STYLE('',(#14456));
#14455=SURFACE_STYLE_FILL_AREA(#14457);
#14456=SURFACE_STYLE_FILL_AREA(#14458);
#14457=FILL_AREA_STYLE('Steel - Satin',(#14459));
#14458=FILL_AREA_STYLE('Opaque(80,124,105)',(#14460));
#14459=FILL_AREA_STYLE_COLOUR('Steel - Satin',#14461);
#14460=FILL_AREA_STYLE_COLOUR('Opaque(80,124,105)',#14462);
#14461=COLOUR_RGB('Steel - Satin',0.627450980392157,0.627450980392157,0.627450980392157);
#14462=COLOUR_RGB('Opaque(80,124,105)',0.313725490196078,0.486274509803922,
0.411764705882353);
ENDSEC;
END-ISO-10303-21;
